Car_ID,Car_Model,Model_Year,Car_Age,Mileage_KM,Fuel_Type,Region,Components,Health_Score,Conditions,Failure_Type,Failure_Date,Maintenance_Type,Maintenance_Cost,Downtime_Hours,Service_Center,Car_Status
CAR-1123,Hatchback,2020,6,89188,Petrol,East,Suspension,28,Critical,Suspension Failure,8/21/2025,Emergency,1009.44,26,Center Epsilon,Under Maintenance
CAR-1051,Compact,2020,6,74544,Petrol,South,Cooling System,43,Critical,Overheating,1/2/2023,Emergency,716.74,50,Center Alpha,Under Maintenance
CAR-1076,Compact,2022,4,56285,Hybrid,West,Engine,73,Warning,Mechanical Failure,3/20/2024,Corrective,1477.79,7,Center Beta,Healthy
CAR-1439,Crossover,2018,8,130019,Petrol,Central,Tyre,10,Critical,Tyre Damage,7/12/2024,Emergency,403.17,20,Center Gamma,Needs Inspection
CAR-1140,Compact,2022,4,57440,Electric,South,Cooling System,54,Warning,Overheating,8/6/2024,Corrective,482.65,21,Center Alpha,Healthy
CAR-1153,Hatchback,2019,7,65911,Diesel,North,Battery,40,Critical,Battery Failure,5/26/2023,Emergency,455.34,54,Center Gamma,Under Maintenance
CAR-1163,Crossover,2024,2,26734,Petrol,West,Brake,90,Healthy,No Failure,10/23/2024,Preventive,307.85,1,Center Epsilon,Healthy
CAR-1142,Premium Sedan,2019,7,65531,Petrol,South,Brake,39,Critical,Brake Wear,7/9/2025,Corrective,398.18,16,Center Beta,Needs Inspection
CAR-1319,Premium Sedan,2023,3,43995,Diesel,North,Tyre,98,Healthy,No Failure,11/30/2024,Preventive,171.93,3,Center Gamma,Healthy
CAR-1067,Premium Sedan,2019,7,60812,Hybrid,South,Brake,43,Critical,Brake Wear,12/19/2023,Corrective,335.88,7,Center Delta,Needs Inspection
CAR-1386,Compact,2024,2,26127,Hybrid,South,Tyre,100,Healthy,No Failure,8/13/2025,Preventive,153.18,3,Center Epsilon,Healthy
CAR-1427,Crossover,2022,4,45695,Petrol,North,Brake,45,Warning,Brake Wear,1/16/2024,Corrective,450.18,15,Center Beta,Healthy
CAR-1258,Premium Sedan,2024,2,33315,Petrol,South,Headlight,91,Healthy,No Failure,10/23/2024,Preventive,116.53,2,Center Delta,Healthy
CAR-1441,Premium Sedan,2024,2,26956,Petrol,East,Engine,100,Healthy,No Failure,2/24/2023,Preventive,803.79,2,Center Delta,Healthy
CAR-1144,Sedan,2023,3,37280,Diesel,East,Tyre,61,Warning,Tyre Damage,12/30/2023,Corrective,194.4,19,Center Alpha,Healthy
CAR-1120,Compact,2023,3,20003,Diesel,West,Engine,77,Healthy,No Failure,3/10/2025,Preventive,742.82,3,Center Alpha,Healthy
CAR-1271,Premium Sedan,2019,7,121790,Hybrid,North,Engine,27,Critical,Mechanical Failure,3/24/2024,Emergency,1946.32,30,Center Gamma,Under Maintenance
CAR-1322,City,2018,8,111309,Petrol,North,Tyre,24,Critical,Tyre Damage,5/23/2023,Emergency,396.69,67,Center Delta,Under Maintenance
CAR-1100,Hatchback,2023,3,57082,Hybrid,Central,Tyre,82,Healthy,No Failure,5/14/2023,Preventive,167.1,3,Center Gamma,Healthy
CAR-1335,Sedan,2022,4,66036,Petrol,East,Battery,27,Critical,Battery Failure,9/23/2023,Corrective,252.55,10,Center Alpha,Needs Inspection
CAR-1449,Crossover,2020,6,111492,Diesel,Central,Cooling System,38,Critical,Overheating,6/17/2025,Emergency,886.8,27,Center Gamma,Under Maintenance
CAR-1424,City,2018,8,116408,Diesel,East,Suspension,41,Critical,Suspension Failure,11/1/2025,Corrective,748.16,15,Center Delta,Needs Inspection
CAR-1140,Compact,2022,4,62781,Electric,South,Cooling System,73,Warning,Overheating,10/24/2024,Preventive,242.65,2,Center Gamma,Healthy
CAR-1286,Sedan,2021,5,84598,Electric,East,Transmission,44,Critical,Transmission Fault,12/15/2025,Emergency,1865.43,71,Center Alpha,Under Maintenance
CAR-1470,City,2019,7,90315,Electric,South,Battery,46,Warning,Battery Failure,2/23/2025,Preventive,189.85,3,Center Epsilon,Healthy
CAR-1358,Sedan,2023,3,32220,Diesel,North,Engine,67,Warning,Overheating,2/6/2025,Corrective,1487.56,20,Center Epsilon,Healthy
CAR-1482,Hatchback,2018,8,86182,Diesel,Central,Transmission,30,Critical,Transmission Fault,6/19/2025,Corrective,1339.07,19,Center Alpha,Needs Inspection
CAR-1012,Crossover,2024,2,33913,Hybrid,Central,Battery,41,Critical,Battery Failure,6/13/2023,Emergency,540.35,69,Center Alpha,Under Maintenance
CAR-1482,Hatchback,2018,8,100531,Diesel,Central,Suspension,10,Critical,Suspension Failure,9/15/2024,Corrective,621.79,21,Center Delta,Needs Inspection
CAR-1081,Crossover,2018,8,105106,Diesel,West,Tyre,32,Critical,Tyre Damage,2/1/2024,Emergency,386.15,60,Center Alpha,Under Maintenance
CAR-1104,City,2021,5,38271,Electric,North,Battery,58,Warning,Battery Failure,8/20/2023,Preventive,219.68,1,Center Epsilon,Healthy
CAR-1283,Sedan,2018,8,143294,Hybrid,West,Suspension,47,Warning,Suspension Failure,8/13/2025,Corrective,805.2,17,Center Epsilon,Healthy
CAR-1466,City,2018,8,130448,Petrol,North,Tyre,36,Critical,Tyre Damage,5/28/2023,Emergency,319.76,19,Center Epsilon,Needs Inspection
CAR-1231,Premium Sedan,2022,4,38326,Petrol,West,Headlight,89,Healthy,No Failure,7/16/2024,Preventive,127.12,3,Center Gamma,Healthy
CAR-1441,Premium Sedan,2024,2,35421,Petrol,East,Cooling System,78,Healthy,No Failure,12/26/2023,Preventive,252.39,2,Center Alpha,Healthy
CAR-1328,Crossover,2024,2,31816,Diesel,East,Battery,70,Warning,Battery Failure,6/18/2023,Preventive,199.35,3,Center Alpha,Healthy
CAR-1377,Crossover,2022,4,51050,Diesel,East,Headlight,57,Warning,Lighting Failure,12/17/2023,Corrective,176.15,16,Center Delta,Healthy
CAR-1225,Crossover,2018,8,129233,Petrol,North,Tyre,38,Critical,Tyre Damage,4/25/2025,Emergency,342.12,38,Center Delta,Under Maintenance
CAR-1472,Hatchback,2019,7,82518,Petrol,East,Engine,47,Warning,Overheating,5/11/2024,Preventive,966.38,3,Center Delta,Healthy
CAR-1232,Sedan,2022,4,59984,Diesel,East,Transmission,61,Warning,Transmission Fault,10/8/2024,Corrective,1758.24,19,Center Delta,Healthy
CAR-1223,City,2018,8,138165,Hybrid,East,Headlight,20,Critical,Lighting Failure,3/29/2023,Emergency,302.22,29,Center Delta,Under Maintenance
CAR-1460,City,2021,5,64430,Hybrid,Central,Brake,57,Warning,Brake Wear,2/17/2024,Corrective,379.51,16,Center Delta,Healthy
CAR-1366,Sedan,2019,7,124767,Petrol,South,Tyre,33,Critical,Tyre Damage,5/23/2025,Emergency,439.07,65,Center Beta,Under Maintenance
CAR-1490,Crossover,2019,7,71721,Electric,West,Transmission,30,Critical,Transmission Fault,4/22/2023,Emergency,2491.85,55,Center Epsilon,Under Maintenance
CAR-1392,Crossover,2020,6,61261,Diesel,Central,Engine,43,Critical,Wear,10/11/2025,Emergency,1926.93,26,Center Gamma,Under Maintenance
CAR-1100,Hatchback,2023,3,23270,Hybrid,Central,Tyre,89,Healthy,No Failure,10/10/2025,Preventive,168.25,3,Center Gamma,Healthy
CAR-1153,Hatchback,2019,7,71705,Diesel,North,Tyre,25,Critical,Tyre Damage,5/30/2024,Emergency,317.44,49,Center Epsilon,Under Maintenance
CAR-1013,Hatchback,2019,7,80533,Petrol,West,Battery,64,Warning,Battery Failure,8/16/2024,Corrective,238,14,Center Gamma,Healthy
CAR-1158,Crossover,2019,7,80727,Diesel,West,Engine,61,Warning,Wear,1/9/2025,Preventive,970.05,2,Center Alpha,Healthy
CAR-1182,Sedan,2024,2,14168,Petrol,South,Battery,100,Healthy,No Failure,8/28/2025,Preventive,197.84,3,Center Alpha,Healthy
CAR-1117,Premium Sedan,2018,8,69923,Hybrid,Central,Transmission,41,Critical,Transmission Fault,4/16/2025,Emergency,2231.81,48,Center Alpha,Under Maintenance
CAR-1499,Premium Sedan,2024,2,29755,Hybrid,Central,Engine,67,Warning,Overheating,7/16/2024,Corrective,1399.35,18,Center Epsilon,Healthy
CAR-1402,City,2024,2,22636,Electric,West,Tyre,92,Healthy,No Failure,9/29/2024,Preventive,154.36,2,Center Beta,Healthy
CAR-1418,Crossover,2022,4,41740,Diesel,West,Engine,62,Warning,Mechanical Failure,9/11/2025,Preventive,692.54,2,Center Delta,Healthy
CAR-1212,Hatchback,2024,2,22929,Petrol,South,Engine,97,Healthy,No Failure,7/24/2023,Preventive,1029.93,2,Center Delta,Healthy
CAR-1328,Crossover,2024,2,31605,Diesel,East,Engine,71,Warning,Overheating,12/29/2025,Corrective,1245.39,11,Center Beta,Healthy
CAR-1159,Premium Sedan,2021,5,75806,Electric,East,Engine,50,Warning,Wear,1/21/2023,Corrective,1423.63,14,Center Beta,Healthy
CAR-1068,Compact,2022,4,43433,Electric,West,Battery,83,Healthy,No Failure,5/2/2025,Preventive,174.44,1,Center Delta,Healthy
CAR-1444,Premium Sedan,2023,3,51152,Petrol,Central,Engine,59,Warning,Wear,1/28/2023,Corrective,1358.97,8,Center Beta,Healthy
CAR-1042,Hatchback,2020,6,94257,Petrol,West,Brake,32,Critical,Brake Wear,4/21/2025,Emergency,570.67,63,Center Epsilon,Under Maintenance
CAR-1004,Hatchback,2024,2,28431,Electric,East,Cooling System,75,Healthy,No Failure,8/10/2024,Preventive,301.76,2,Center Delta,Healthy
CAR-1058,Premium Sedan,2019,7,56997,Hybrid,Central,Transmission,83,Healthy,No Failure,10/4/2023,Preventive,943.77,2,Center Delta,Healthy
CAR-1153,Hatchback,2019,7,130170,Diesel,North,Transmission,13,Critical,Transmission Fault,11/15/2025,Corrective,1833.58,16,Center Alpha,Needs Inspection
CAR-1446,Compact,2021,5,51444,Petrol,East,Tyre,69,Warning,Tyre Damage,2/12/2025,Corrective,256.64,14,Center Delta,Healthy
CAR-1278,City,2021,5,71146,Electric,Central,Tyre,57,Warning,Tyre Damage,7/20/2024,Preventive,179.46,2,Center Alpha,Healthy
CAR-1046,Compact,2021,5,81453,Petrol,East,Cooling System,31,Critical,Overheating,1/21/2024,Emergency,767.85,48,Center Gamma,Under Maintenance
CAR-1364,Crossover,2024,2,11798,Diesel,Central,Battery,79,Healthy,No Failure,9/4/2024,Preventive,224.46,2,Center Delta,Healthy
CAR-1477,Hatchback,2020,6,92027,Electric,Central,Cooling System,37,Critical,Overheating,7/28/2024,Corrective,561.54,11,Center Epsilon,Needs Inspection
CAR-1374,Compact,2018,8,103468,Hybrid,East,Transmission,39,Critical,Transmission Fault,10/18/2025,Corrective,1173.14,20,Center Epsilon,Needs Inspection
CAR-1226,Compact,2023,3,29379,Petrol,North,Headlight,66,Warning,Lighting Failure,7/31/2025,Preventive,117.98,3,Center Delta,Healthy
CAR-1363,City,2024,2,26972,Electric,East,Battery,85,Healthy,No Failure,6/5/2023,Preventive,191.29,1,Center Beta,Healthy
CAR-1189,Crossover,2021,5,90750,Petrol,North,Engine,51,Warning,Mechanical Failure,6/14/2025,Corrective,1503.25,17,Center Alpha,Healthy
CAR-1324,Sedan,2018,8,114778,Petrol,North,Cooling System,22,Critical,Overheating,3/29/2024,Emergency,601.43,54,Center Alpha,Under Maintenance
CAR-1147,Hatchback,2022,4,56639,Diesel,West,Engine,69,Warning,Mechanical Failure,5/23/2023,Preventive,986.55,1,Center Epsilon,Healthy
CAR-1226,Compact,2023,3,59476,Petrol,North,Tyre,73,Warning,Tyre Damage,7/29/2023,Preventive,180.55,1,Center Gamma,Healthy
CAR-1224,Sedan,2018,8,104346,Diesel,North,Engine,36,Critical,Mechanical Failure,5/15/2024,Emergency,1979.5,30,Center Gamma,Under Maintenance
CAR-1146,Premium Sedan,2019,7,96769,Petrol,North,Engine,31,Critical,Overheating,3/24/2023,Emergency,1880.04,64,Center Gamma,Under Maintenance
CAR-1386,Compact,2024,2,35676,Hybrid,South,Cooling System,78,Healthy,No Failure,12/22/2025,Preventive,242.7,3,Center Alpha,Healthy
CAR-1250,Premium Sedan,2023,3,36667,Diesel,South,Cooling System,80,Healthy,No Failure,10/13/2023,Preventive,321.1,1,Center Alpha,Healthy
CAR-1319,Premium Sedan,2023,3,51087,Diesel,North,Battery,61,Warning,Battery Failure,11/30/2023,Corrective,241.09,10,Center Alpha,Healthy
CAR-1195,Sedan,2024,2,28505,Petrol,North,Cooling System,96,Healthy,No Failure,11/25/2024,Preventive,373.85,1,Center Epsilon,Healthy
CAR-1061,Hatchback,2023,3,36322,Electric,South,Tyre,100,Healthy,No Failure,10/22/2024,Preventive,140.08,3,Center Epsilon,Healthy
CAR-1303,City,2019,7,129569,Diesel,Central,Brake,32,Critical,Brake Wear,12/9/2023,Emergency,774.68,48,Center Delta,Under Maintenance
CAR-1437,Hatchback,2020,6,95796,Diesel,North,Engine,53,Warning,Mechanical Failure,5/19/2024,Preventive,708.23,3,Center Epsilon,Healthy
CAR-1178,Crossover,2018,8,75246,Diesel,East,Engine,53,Warning,Wear,8/2/2023,Preventive,748.63,2,Center Alpha,Healthy
CAR-1209,Compact,2021,5,73455,Hybrid,Central,Brake,45,Warning,Brake Wear,3/16/2024,Corrective,367.77,14,Center Epsilon,Healthy
CAR-1108,City,2020,6,72954,Petrol,South,Battery,29,Critical,Battery Failure,5/30/2025,Corrective,304.79,6,Center Gamma,Needs Inspection
CAR-1403,Premium Sedan,2020,6,77619,Electric,South,Tyre,61,Warning,Tyre Damage,1/17/2024,Corrective,218.22,13,Center Alpha,Healthy
CAR-1264,Premium Sedan,2021,5,76175,Diesel,East,Battery,56,Warning,Battery Failure,2/17/2025,Corrective,313.17,6,Center Gamma,Healthy
CAR-1394,Compact,2023,3,33434,Diesel,East,Battery,96,Healthy,No Failure,8/6/2024,Preventive,179.51,2,Center Epsilon,Healthy
CAR-1108,City,2020,6,85839,Petrol,South,Battery,57,Warning,Battery Failure,4/29/2025,Preventive,208.58,3,Center Beta,Healthy
CAR-1449,Crossover,2020,6,76647,Diesel,Central,Cooling System,56,Warning,Overheating,7/24/2025,Corrective,406.15,16,Center Delta,Healthy
CAR-1112,Sedan,2021,5,54371,Petrol,West,Engine,69,Warning,Overheating,6/28/2025,Corrective,1255.63,16,Center Beta,Healthy
CAR-1050,Crossover,2022,4,64894,Petrol,East,Cooling System,59,Warning,Overheating,1/22/2024,Corrective,412.93,22,Center Beta,Healthy
CAR-1080,Compact,2022,4,55317,Diesel,West,Brake,53,Warning,Brake Wear,8/11/2023,Preventive,313.77,3,Center Alpha,Healthy
CAR-1278,City,2021,5,47779,Electric,Central,Engine,62,Warning,Mechanical Failure,3/14/2023,Corrective,1282.49,7,Center Epsilon,Healthy
CAR-1485,Hatchback,2023,3,40404,Diesel,West,Transmission,78,Healthy,No Failure,12/26/2023,Preventive,1132.49,2,Center Gamma,Healthy
CAR-1047,Premium Sedan,2024,2,14917,Electric,Central,Tyre,90,Healthy,No Failure,7/21/2025,Preventive,159.44,2,Center Delta,Healthy
CAR-1420,Crossover,2021,5,88843,Electric,North,Tyre,70,Warning,Tyre Damage,3/27/2025,Preventive,125.38,2,Center Alpha,Healthy
CAR-1293,Sedan,2022,4,68536,Hybrid,South,Brake,82,Healthy,No Failure,4/12/2025,Preventive,305.22,2,Center Delta,Healthy
CAR-1112,Sedan,2021,5,54149,Petrol,West,Tyre,62,Warning,Tyre Damage,12/29/2023,Corrective,238.1,6,Center Gamma,Healthy
CAR-1233,Sedan,2022,4,50374,Diesel,East,Engine,60,Warning,Mechanical Failure,5/4/2023,Preventive,974.19,2,Center Epsilon,Healthy
CAR-1034,Crossover,2020,6,97753,Petrol,East,Headlight,30,Critical,Lighting Failure,10/4/2025,Emergency,218.95,19,Center Delta,Needs Inspection
CAR-1068,Compact,2022,4,42296,Electric,West,Brake,71,Warning,Brake Wear,6/17/2025,Preventive,230.86,3,Center Beta,Healthy
CAR-1353,Crossover,2018,8,81884,Petrol,East,Battery,38,Critical,Battery Failure,4/27/2024,Corrective,369.56,16,Center Epsilon,Needs Inspection
CAR-1110,Sedan,2018,8,118632,Diesel,South,Transmission,21,Critical,Transmission Fault,2/25/2025,Emergency,2166.55,60,Center Epsilon,Under Maintenance
CAR-1486,Crossover,2020,6,59709,Hybrid,Central,Cooling System,63,Warning,Overheating,9/3/2023,Preventive,328.95,2,Center Epsilon,Healthy
CAR-1245,Sedan,2018,8,121006,Petrol,West,Engine,31,Critical,Overheating,6/1/2025,Corrective,1585.34,22,Center Gamma,Needs Inspection
CAR-1153,Hatchback,2019,7,99032,Diesel,North,Cooling System,12,Critical,Overheating,2/3/2024,Corrective,432.77,19,Center Gamma,Needs Inspection
CAR-1202,City,2020,6,66490,Hybrid,North,Brake,72,Warning,Brake Wear,2/10/2025,Corrective,516.15,13,Center Epsilon,Healthy
CAR-1162,Hatchback,2023,3,39107,Hybrid,Central,Engine,72,Warning,Wear,3/18/2024,Corrective,1063.97,21,Center Epsilon,Healthy
CAR-1012,Crossover,2024,2,36929,Hybrid,Central,Battery,96,Healthy,No Failure,1/22/2023,Preventive,210.06,3,Center Epsilon,Healthy
CAR-1213,City,2018,8,101130,Petrol,South,Suspension,28,Critical,Suspension Failure,11/26/2024,Emergency,1352.5,33,Center Alpha,Under Maintenance
CAR-1221,Hatchback,2024,2,37366,Diesel,Central,Headlight,68,Warning,Lighting Failure,10/8/2024,Corrective,194.28,11,Center Gamma,Healthy
CAR-1064,City,2018,8,85928,Diesel,North,Suspension,42,Critical,Suspension Failure,3/12/2025,Emergency,958.73,39,Center Delta,Under Maintenance
CAR-1413,Compact,2023,3,26423,Diesel,South,Battery,81,Healthy,No Failure,2/14/2023,Preventive,193.42,2,Center Epsilon,Healthy
CAR-1082,Premium Sedan,2020,6,83001,Diesel,South,Battery,48,Warning,Battery Failure,3/25/2024,Corrective,332.22,6,Center Beta,Healthy
CAR-1012,Crossover,2024,2,21519,Hybrid,Central,Battery,72,Warning,Battery Failure,11/16/2025,Corrective,364.21,13,Center Epsilon,Healthy
CAR-1230,Crossover,2021,5,55010,Electric,West,Battery,62,Warning,Battery Failure,12/26/2024,Corrective,281.93,17,Center Alpha,Healthy
CAR-1182,Sedan,2024,2,32067,Petrol,South,Tyre,81,Healthy,No Failure,10/21/2024,Preventive,163.94,2,Center Beta,Healthy
CAR-1013,Hatchback,2019,7,106088,Petrol,West,Battery,44,Critical,Battery Failure,11/1/2025,Corrective,362.42,18,Center Beta,Needs Inspection
CAR-1337,Compact,2022,4,71349,Petrol,East,Transmission,34,Critical,Transmission Fault,10/14/2025,Corrective,1441.76,7,Center Epsilon,Needs Inspection
CAR-1153,Hatchback,2019,7,66830,Diesel,North,Brake,52,Warning,Brake Wear,10/29/2024,Corrective,388.07,22,Center Gamma,Healthy
CAR-1120,Compact,2023,3,32610,Diesel,West,Battery,90,Healthy,No Failure,9/3/2024,Preventive,219.84,1,Center Beta,Healthy
CAR-1398,City,2019,7,124450,Electric,Central,Tyre,39,Critical,Tyre Damage,7/17/2025,Emergency,321.75,20,Center Delta,Needs Inspection
CAR-1474,Hatchback,2023,3,53475,Petrol,South,Engine,67,Warning,Mechanical Failure,6/6/2024,Corrective,1141,11,Center Alpha,Healthy
CAR-1451,City,2022,4,56373,Hybrid,East,Battery,98,Healthy,No Failure,5/20/2025,Preventive,233.95,1,Center Delta,Healthy
CAR-1040,City,2018,8,73398,Hybrid,Central,Engine,37,Critical,Overheating,11/2/2025,Emergency,1602.88,64,Center Beta,Under Maintenance
CAR-1228,Premium Sedan,2023,3,58175,Petrol,West,Cooling System,77,Healthy,No Failure,9/12/2024,Preventive,310.84,3,Center Epsilon,Healthy
CAR-1236,Hatchback,2023,3,48035,Diesel,South,Engine,54,Warning,Overheating,6/23/2024,Corrective,1226,17,Center Alpha,Healthy
CAR-1355,Crossover,2022,4,42498,Electric,Central,Suspension,77,Healthy,No Failure,7/11/2024,Preventive,482.36,1,Center Epsilon,Healthy
CAR-1164,City,2023,3,30334,Petrol,South,Cooling System,86,Healthy,No Failure,11/5/2024,Preventive,346.41,3,Center Alpha,Healthy
CAR-1386,Compact,2024,2,17977,Hybrid,South,Brake,84,Healthy,No Failure,5/7/2025,Preventive,258.01,3,Center Alpha,Healthy
CAR-1339,Crossover,2020,6,71511,Electric,Central,Battery,52,Warning,Battery Failure,6/24/2023,Preventive,155.84,3,Center Alpha,Healthy
CAR-1161,Compact,2022,4,57299,Electric,West,Battery,66,Warning,Battery Failure,7/8/2024,Preventive,177.46,1,Center Epsilon,Healthy
CAR-1483,Crossover,2023,3,25634,Petrol,South,Cooling System,100,Healthy,No Failure,2/14/2025,Preventive,341.34,2,Center Alpha,Healthy
CAR-1470,City,2019,7,125748,Electric,South,Engine,18,Critical,Mechanical Failure,1/28/2024,Emergency,2073.81,21,Center Epsilon,Needs Inspection
CAR-1311,Hatchback,2019,7,127918,Hybrid,West,Suspension,17,Critical,Suspension Failure,12/28/2023,Emergency,1337.02,29,Center Alpha,Under Maintenance
CAR-1025,Hatchback,2020,6,94218,Petrol,South,Headlight,58,Warning,Lighting Failure,7/17/2024,Preventive,112.14,3,Center Delta,Healthy
CAR-1056,Compact,2019,7,77592,Hybrid,West,Suspension,47,Warning,Suspension Failure,12/27/2023,Preventive,393.14,1,Center Gamma,Healthy
CAR-1247,Hatchback,2024,2,24066,Electric,North,Headlight,59,Warning,Lighting Failure,8/20/2024,Corrective,182.37,7,Center Beta,Healthy
CAR-1077,Compact,2018,8,85942,Petrol,Central,Engine,42,Critical,Mechanical Failure,11/27/2023,Emergency,1809.19,20,Center Epsilon,Needs Inspection
CAR-1049,Premium Sedan,2019,7,124124,Electric,North,Battery,10,Critical,Battery Failure,6/4/2025,Emergency,493.55,21,Center Beta,Needs Inspection
CAR-1153,Hatchback,2019,7,117944,Diesel,North,Transmission,39,Critical,Transmission Fault,9/2/2023,Emergency,2861.66,69,Center Beta,Under Maintenance
CAR-1417,Compact,2018,8,110639,Electric,North,Engine,58,Warning,Mechanical Failure,1/23/2025,Corrective,1450.62,8,Center Epsilon,Healthy
CAR-1085,Premium Sedan,2021,5,53557,Petrol,North,Transmission,59,Warning,Transmission Fault,6/19/2023,Preventive,968.4,3,Center Delta,Healthy
CAR-1359,Premium Sedan,2018,8,81590,Diesel,North,Transmission,38,Critical,Transmission Fault,1/10/2023,Corrective,1498.24,17,Center Delta,Needs Inspection
CAR-1264,Premium Sedan,2021,5,91192,Diesel,East,Headlight,36,Critical,Lighting Failure,11/23/2023,Emergency,261.83,45,Center Alpha,Under Maintenance
CAR-1322,City,2018,8,134819,Petrol,North,Transmission,10,Critical,Transmission Fault,11/20/2023,Emergency,2082.38,48,Center Alpha,Under Maintenance
CAR-1113,Hatchback,2022,4,74568,Diesel,North,Headlight,74,Warning,Lighting Failure,12/20/2023,Preventive,121.99,3,Center Epsilon,Healthy
CAR-1424,City,2018,8,95131,Diesel,East,Brake,65,Warning,Brake Wear,11/30/2024,Corrective,471.76,11,Center Beta,Healthy
CAR-1039,Premium Sedan,2018,8,134188,Petrol,North,Transmission,10,Critical,Transmission Fault,8/9/2023,Emergency,2800,47,Center Alpha,Under Maintenance
CAR-1367,Premium Sedan,2019,7,69167,Petrol,South,Battery,49,Warning,Battery Failure,7/8/2023,Corrective,347.17,21,Center Delta,Healthy
CAR-1481,Sedan,2024,2,28989,Diesel,Central,Suspension,92,Healthy,No Failure,4/15/2024,Preventive,394.11,3,Center Epsilon,Healthy
CAR-1247,Hatchback,2024,2,24820,Electric,North,Headlight,98,Healthy,No Failure,11/30/2024,Preventive,106.6,2,Center Epsilon,Healthy
CAR-1312,City,2024,2,41649,Diesel,South,Battery,45,Warning,Battery Failure,12/8/2023,Preventive,171.35,1,Center Delta,Healthy
CAR-1475,Hatchback,2019,7,76845,Hybrid,North,Suspension,56,Warning,Suspension Failure,6/20/2024,Corrective,685.06,11,Center Gamma,Healthy
CAR-1434,Premium Sedan,2020,6,51582,Petrol,North,Tyre,65,Warning,Tyre Damage,5/18/2024,Corrective,288.8,23,Center Epsilon,Healthy
CAR-1309,Crossover,2023,3,29115,Diesel,West,Suspension,79,Healthy,No Failure,2/5/2025,Preventive,519.6,1,Center Alpha,Healthy
CAR-1464,Compact,2022,4,45439,Hybrid,North,Engine,56,Warning,Mechanical Failure,7/5/2025,Corrective,1213.8,18,Center Epsilon,Healthy
CAR-1101,City,2018,8,95544,Electric,West,Suspension,18,Critical,Suspension Failure,10/3/2025,Corrective,611.36,20,Center Beta,Needs Inspection
CAR-1166,Crossover,2019,7,56217,Petrol,West,Tyre,50,Warning,Tyre Damage,8/4/2024,Preventive,123.89,1,Center Delta,Healthy
CAR-1307,Compact,2024,2,17122,Petrol,East,Engine,97,Healthy,No Failure,8/20/2025,Preventive,814.13,2,Center Beta,Healthy
CAR-1270,Sedan,2019,7,74764,Hybrid,Central,Tyre,64,Warning,Tyre Damage,5/2/2024,Corrective,193.93,20,Center Beta,Healthy
CAR-1288,Sedan,2021,5,46234,Petrol,West,Tyre,76,Healthy,No Failure,12/5/2023,Preventive,181.28,2,Center Epsilon,Healthy
CAR-1192,Crossover,2022,4,39330,Petrol,North,Tyre,55,Warning,Tyre Damage,10/20/2024,Preventive,192.11,3,Center Delta,Healthy
CAR-1079,Compact,2019,7,87383,Petrol,West,Cooling System,58,Warning,Overheating,4/19/2025,Preventive,362.46,2,Center Gamma,Healthy
CAR-1113,Hatchback,2022,4,70058,Diesel,North,Headlight,83,Healthy,No Failure,4/23/2023,Preventive,80.61,3,Center Delta,Healthy
CAR-1125,Premium Sedan,2024,2,12702,Petrol,East,Headlight,100,Healthy,No Failure,11/22/2025,Preventive,110.28,1,Center Beta,Healthy
CAR-1367,Premium Sedan,2019,7,75938,Petrol,South,Suspension,43,Critical,Suspension Failure,10/16/2023,Corrective,649.94,12,Center Epsilon,Needs Inspection
CAR-1083,Crossover,2018,8,91558,Petrol,West,Suspension,32,Critical,Suspension Failure,12/4/2023,Emergency,957.02,33,Center Beta,Under Maintenance
CAR-1360,City,2018,8,142217,Petrol,West,Tyre,10,Critical,Tyre Damage,11/11/2024,Emergency,319.34,47,Center Epsilon,Under Maintenance
CAR-1081,Crossover,2018,8,95224,Diesel,West,Tyre,23,Critical,Tyre Damage,8/8/2024,Emergency,350.35,33,Center Beta,Under Maintenance
CAR-1426,Compact,2021,5,57155,Hybrid,Central,Engine,51,Warning,Mechanical Failure,3/12/2025,Corrective,1317.13,7,Center Gamma,Healthy
CAR-1133,Sedan,2022,4,35274,Hybrid,West,Suspension,84,Healthy,No Failure,5/22/2024,Preventive,430.4,1,Center Beta,Healthy
CAR-1412,Compact,2021,5,82375,Hybrid,South,Engine,75,Healthy,No Failure,10/23/2024,Preventive,819.63,2,Center Gamma,Healthy
CAR-1047,Premium Sedan,2024,2,15355,Electric,Central,Brake,79,Healthy,No Failure,10/27/2025,Preventive,278.44,2,Center Alpha,Healthy
CAR-1136,Compact,2024,2,25744,Diesel,Central,Headlight,81,Healthy,No Failure,9/9/2024,Preventive,99.95,3,Center Alpha,Healthy
CAR-1329,Crossover,2018,8,63770,Diesel,Central,Tyre,50,Warning,Tyre Damage,1/14/2024,Corrective,244.08,10,Center Alpha,Healthy
CAR-1410,Sedan,2018,8,126674,Diesel,South,Brake,20,Critical,Brake Wear,7/31/2023,Emergency,699.28,31,Center Epsilon,Under Maintenance
CAR-1167,Premium Sedan,2018,8,138476,Diesel,North,Cooling System,10,Critical,Overheating,3/2/2023,Corrective,443.41,7,Center Beta,Needs Inspection
CAR-1450,Sedan,2020,6,67743,Petrol,North,Brake,43,Critical,Brake Wear,9/30/2024,Emergency,616.31,35,Center Gamma,Under Maintenance
CAR-1163,Crossover,2024,2,36778,Petrol,West,Brake,86,Healthy,No Failure,11/21/2024,Preventive,292.86,3,Center Beta,Healthy
CAR-1208,Crossover,2019,7,112428,Petrol,North,Brake,15,Critical,Brake Wear,7/2/2024,Emergency,584.02,37,Center Alpha,Under Maintenance
CAR-1337,Compact,2022,4,42849,Petrol,East,Suspension,82,Healthy,No Failure,4/2/2023,Preventive,456.21,2,Center Beta,Healthy
CAR-1353,Crossover,2018,8,67325,Petrol,East,Transmission,30,Critical,Transmission Fault,5/15/2023,Emergency,2026.24,49,Center Epsilon,Under Maintenance
CAR-1362,Hatchback,2021,5,78293,Diesel,West,Battery,64,Warning,Battery Failure,5/9/2025,Preventive,190.48,3,Center Epsilon,Healthy
CAR-1241,Sedan,2021,5,62978,Diesel,South,Suspension,56,Warning,Suspension Failure,10/10/2023,Preventive,425.07,1,Center Beta,Healthy
CAR-1022,Premium Sedan,2019,7,110336,Petrol,East,Tyre,42,Critical,Tyre Damage,9/13/2024,Emergency,471.34,69,Center Beta,Under Maintenance
CAR-1176,Premium Sedan,2020,6,71211,Electric,Central,Cooling System,60,Warning,Overheating,6/30/2024,Preventive,298.91,2,Center Alpha,Healthy
CAR-1117,Premium Sedan,2018,8,70392,Hybrid,Central,Tyre,10,Critical,Tyre Damage,10/14/2024,Corrective,227.51,14,Center Delta,Needs Inspection
CAR-1494,Hatchback,2020,6,58920,Diesel,East,Tyre,40,Critical,Tyre Damage,9/11/2024,Emergency,461.81,46,Center Beta,Under Maintenance
CAR-1093,City,2018,8,110101,Hybrid,South,Engine,27,Critical,Mechanical Failure,10/31/2025,Corrective,1166.31,15,Center Gamma,Needs Inspection
CAR-1117,Premium Sedan,2018,8,91131,Hybrid,Central,Brake,43,Critical,Brake Wear,1/19/2023,Emergency,629.6,58,Center Gamma,Under Maintenance
CAR-1329,Crossover,2018,8,114641,Diesel,Central,Engine,10,Critical,Wear,9/2/2023,Emergency,2132.5,24,Center Epsilon,Needs Inspection
CAR-1412,Compact,2021,5,59637,Hybrid,South,Headlight,60,Warning,Lighting Failure,10/27/2025,Corrective,137.14,19,Center Beta,Healthy
CAR-1304,Hatchback,2020,6,97264,Electric,South,Engine,82,Healthy,No Failure,1/25/2023,Preventive,891.37,3,Center Delta,Healthy
CAR-1072,Compact,2022,4,47755,Electric,South,Cooling System,51,Warning,Overheating,8/4/2025,Corrective,586.4,14,Center Alpha,Healthy
CAR-1198,Sedan,2019,7,67695,Electric,North,Battery,37,Critical,Battery Failure,7/13/2024,Emergency,540.8,66,Center Beta,Under Maintenance
CAR-1223,City,2018,8,91333,Hybrid,East,Tyre,36,Critical,Tyre Damage,4/26/2023,Corrective,281.17,21,Center Alpha,Needs Inspection
CAR-1048,City,2023,3,37517,Petrol,South,Tyre,71,Warning,Tyre Damage,1/3/2023,Corrective,259.09,11,Center Gamma,Healthy
CAR-1438,Premium Sedan,2024,2,29991,Petrol,Central,Transmission,100,Healthy,No Failure,6/16/2025,Preventive,1015.53,3,Center Alpha,Healthy
CAR-1392,Crossover,2020,6,54311,Diesel,Central,Engine,32,Critical,Overheating,4/29/2024,Emergency,1950.2,54,Center Gamma,Under Maintenance
CAR-1191,City,2020,6,96022,Petrol,East,Tyre,71,Warning,Tyre Damage,2/5/2024,Corrective,233.64,13,Center Gamma,Healthy
CAR-1276,City,2022,4,63469,Diesel,Central,Brake,47,Warning,Brake Wear,9/7/2024,Corrective,463.28,10,Center Gamma,Healthy
CAR-1312,City,2024,2,26762,Diesel,South,Cooling System,89,Healthy,No Failure,1/30/2024,Preventive,370.3,3,Center Alpha,Healthy
CAR-1217,Compact,2022,4,48685,Petrol,South,Tyre,75,Healthy,No Failure,5/19/2024,Preventive,179.72,1,Center Gamma,Healthy
CAR-1165,Hatchback,2022,4,65256,Diesel,East,Brake,77,Healthy,No Failure,7/11/2025,Preventive,303.24,2,Center Delta,Healthy
CAR-1390,City,2019,7,120596,Diesel,North,Suspension,40,Critical,Suspension Failure,12/6/2023,Emergency,1005.59,22,Center Delta,Needs Inspection
CAR-1160,Compact,2018,8,134428,Diesel,Central,Battery,32,Critical,Battery Failure,4/7/2025,Corrective,357,10,Center Beta,Needs Inspection
CAR-1175,Compact,2023,3,25674,Hybrid,Central,Cooling System,89,Healthy,No Failure,11/27/2023,Preventive,389.42,3,Center Alpha,Healthy
CAR-1181,City,2018,8,110935,Petrol,Central,Headlight,26,Critical,Lighting Failure,4/24/2024,Emergency,312.89,68,Center Epsilon,Under Maintenance
CAR-1457,Compact,2022,4,37356,Electric,North,Tyre,45,Warning,Tyre Damage,7/5/2025,Preventive,192.09,3,Center Gamma,Healthy
CAR-1437,Hatchback,2020,6,85714,Diesel,North,Engine,57,Warning,Mechanical Failure,7/26/2023,Corrective,1475.94,11,Center Gamma,Healthy
CAR-1441,Premium Sedan,2024,2,41931,Petrol,East,Tyre,53,Warning,Tyre Damage,3/15/2023,Preventive,167.87,3,Center Epsilon,Healthy
CAR-1426,Compact,2021,5,79555,Hybrid,Central,Brake,31,Critical,Brake Wear,6/23/2024,Emergency,618.48,38,Center Epsilon,Under Maintenance
CAR-1190,Sedan,2024,2,18672,Electric,East,Headlight,95,Healthy,No Failure,7/8/2023,Preventive,109.66,1,Center Beta,Healthy
CAR-1154,Premium Sedan,2024,2,38707,Diesel,Central,Engine,92,Healthy,No Failure,7/24/2024,Preventive,1010.02,2,Center Alpha,Healthy
CAR-1488,Hatchback,2022,4,37937,Diesel,Central,Engine,89,Healthy,No Failure,7/31/2025,Preventive,711.74,3,Center Alpha,Healthy
CAR-1092,Compact,2021,5,62250,Petrol,South,Engine,84,Healthy,No Failure,12/2/2025,Preventive,951.64,2,Center Delta,Healthy
CAR-1295,Premium Sedan,2019,7,63614,Hybrid,West,Headlight,36,Critical,Lighting Failure,1/11/2025,Emergency,219.21,48,Center Beta,Under Maintenance
CAR-1291,City,2023,3,51617,Electric,South,Brake,100,Healthy,No Failure,10/28/2025,Preventive,244.37,1,Center Epsilon,Healthy
CAR-1295,Premium Sedan,2019,7,105924,Hybrid,West,Headlight,15,Critical,Lighting Failure,8/12/2025,Emergency,274.6,45,Center Gamma,Under Maintenance
CAR-1180,City,2021,5,78141,Petrol,North,Cooling System,63,Warning,Overheating,4/9/2024,Preventive,270.08,1,Center Alpha,Healthy
CAR-1263,Sedan,2023,3,33536,Hybrid,East,Transmission,71,Warning,Transmission Fault,3/20/2025,Corrective,1437.09,18,Center Epsilon,Healthy
CAR-1402,City,2024,2,21724,Electric,West,Transmission,71,Warning,Transmission Fault,2/19/2023,Corrective,1273.05,14,Center Beta,Healthy
CAR-1415,Sedan,2019,7,100551,Diesel,North,Headlight,12,Critical,Lighting Failure,5/11/2025,Emergency,240.78,34,Center Delta,Under Maintenance
CAR-1137,Crossover,2018,8,103875,Hybrid,East,Tyre,26,Critical,Tyre Damage,6/15/2023,Emergency,311.73,29,Center Beta,Under Maintenance
CAR-1030,Sedan,2021,5,85008,Diesel,East,Brake,46,Warning,Brake Wear,12/24/2025,Corrective,421.1,8,Center Beta,Healthy
CAR-1312,City,2024,2,29975,Diesel,South,Tyre,86,Healthy,No Failure,6/13/2024,Preventive,134.3,2,Center Gamma,Healthy
CAR-1459,Crossover,2019,7,113078,Diesel,South,Battery,57,Warning,Battery Failure,4/24/2025,Corrective,232.68,15,Center Alpha,Healthy
CAR-1446,Compact,2021,5,57684,Petrol,East,Cooling System,66,Warning,Overheating,7/6/2023,Preventive,368.97,2,Center Alpha,Healthy
CAR-1223,City,2018,8,81212,Hybrid,East,Cooling System,41,Critical,Overheating,11/6/2023,Emergency,792.34,64,Center Delta,Under Maintenance
CAR-1038,Premium Sedan,2020,6,56428,Diesel,Central,Engine,77,Healthy,No Failure,1/27/2025,Preventive,868.35,1,Center Beta,Healthy
CAR-1207,Premium Sedan,2023,3,59734,Diesel,Central,Headlight,69,Warning,Lighting Failure,1/22/2024,Preventive,98.73,3,Center Gamma,Healthy
CAR-1075,Hatchback,2022,4,68990,Diesel,West,Brake,67,Warning,Brake Wear,10/14/2023,Preventive,323.57,1,Center Epsilon,Healthy
CAR-1249,Premium Sedan,2018,8,91942,Hybrid,East,Battery,45,Warning,Battery Failure,6/29/2025,Corrective,252.29,14,Center Epsilon,Healthy
CAR-1272,Compact,2021,5,56092,Petrol,West,Headlight,79,Healthy,No Failure,11/11/2023,Preventive,82,1,Center Beta,Healthy
CAR-1110,Sedan,2018,8,106110,Diesel,South,Engine,43,Critical,Overheating,1/13/2023,Emergency,2112.92,56,Center Beta,Under Maintenance
CAR-1220,Crossover,2018,8,79537,Hybrid,East,Engine,56,Warning,Mechanical Failure,9/19/2024,Preventive,776.16,2,Center Alpha,Healthy
CAR-1179,City,2023,3,30718,Electric,Central,Tyre,46,Warning,Tyre Damage,5/20/2023,Corrective,211.28,6,Center Alpha,Healthy
CAR-1236,Hatchback,2023,3,53655,Diesel,South,Brake,95,Healthy,No Failure,4/17/2023,Preventive,235.13,1,Center Beta,Healthy
CAR-1189,Crossover,2021,5,92796,Petrol,North,Brake,31,Critical,Brake Wear,1/25/2024,Emergency,767.65,63,Center Beta,Under Maintenance
CAR-1101,City,2018,8,132484,Electric,West,Cooling System,32,Critical,Overheating,5/19/2023,Emergency,890.72,30,Center Alpha,Under Maintenance
CAR-1148,Premium Sedan,2020,6,96357,Petrol,South,Suspension,42,Critical,Suspension Failure,10/20/2023,Emergency,1281.66,35,Center Gamma,Under Maintenance
CAR-1243,City,2020,6,92859,Electric,South,Headlight,48,Warning,Lighting Failure,11/30/2024,Preventive,115.8,3,Center Gamma,Healthy
CAR-1185,Premium Sedan,2022,4,71149,Hybrid,Central,Engine,35,Critical,Mechanical Failure,1/5/2024,Emergency,2535.48,28,Center Delta,Under Maintenance
CAR-1421,Compact,2019,7,127222,Diesel,West,Battery,23,Critical,Battery Failure,1/18/2025,Emergency,421.41,36,Center Alpha,Under Maintenance
CAR-1289,Premium Sedan,2022,4,51065,Electric,South,Engine,47,Warning,Mechanical Failure,9/28/2023,Preventive,685.92,3,Center Gamma,Healthy
CAR-1459,Crossover,2019,7,97533,Diesel,South,Tyre,52,Warning,Tyre Damage,1/3/2024,Corrective,227.41,11,Center Alpha,Healthy
CAR-1245,Sedan,2018,8,98169,Petrol,West,Battery,22,Critical,Battery Failure,6/2/2025,Emergency,386.98,57,Center Epsilon,Under Maintenance
CAR-1142,Premium Sedan,2019,7,108544,Petrol,South,Engine,10,Critical,Overheating,3/11/2023,Emergency,2183.61,39,Center Alpha,Under Maintenance
CAR-1362,Hatchback,2021,5,78926,Diesel,West,Transmission,61,Warning,Transmission Fault,5/18/2023,Corrective,1559.96,17,Center Alpha,Healthy
CAR-1179,City,2023,3,25807,Electric,Central,Cooling System,82,Healthy,No Failure,11/7/2023,Preventive,360.15,1,Center Epsilon,Healthy
CAR-1055,Hatchback,2018,8,96564,Diesel,South,Brake,40,Critical,Brake Wear,4/18/2023,Emergency,718.66,51,Center Delta,Under Maintenance
CAR-1422,Compact,2018,8,82956,Diesel,North,Brake,37,Critical,Brake Wear,8/28/2024,Corrective,507.66,20,Center Alpha,Needs Inspection
CAR-1102,City,2018,8,95548,Petrol,Central,Battery,36,Critical,Battery Failure,1/30/2025,Corrective,372.88,16,Center Beta,Needs Inspection
CAR-1181,City,2018,8,75092,Petrol,Central,Transmission,35,Critical,Transmission Fault,12/2/2024,Corrective,1797.04,20,Center Alpha,Needs Inspection
CAR-1016,Crossover,2019,7,113101,Electric,Central,Tyre,52,Warning,Tyre Damage,9/26/2023,Preventive,148.57,3,Center Alpha,Healthy
CAR-1414,Crossover,2024,2,30935,Diesel,South,Headlight,80,Healthy,No Failure,2/11/2024,Preventive,85.93,3,Center Alpha,Healthy
CAR-1417,Compact,2018,8,116334,Electric,North,Tyre,12,Critical,Tyre Damage,6/9/2024,Emergency,482.09,48,Center Epsilon,Under Maintenance
CAR-1390,City,2019,7,116268,Diesel,North,Transmission,28,Critical,Transmission Fault,5/2/2023,Corrective,1651.2,17,Center Delta,Needs Inspection
CAR-1359,Premium Sedan,2018,8,123624,Diesel,North,Cooling System,25,Critical,Overheating,5/29/2025,Emergency,799.37,47,Center Delta,Under Maintenance
CAR-1295,Premium Sedan,2019,7,123677,Hybrid,West,Cooling System,38,Critical,Overheating,8/25/2023,Corrective,484.6,9,Center Beta,Needs Inspection
CAR-1286,Sedan,2021,5,51208,Electric,East,Tyre,68,Warning,Tyre Damage,9/2/2025,Corrective,301.97,17,Center Gamma,Healthy
CAR-1285,City,2022,4,77185,Petrol,North,Brake,54,Warning,Brake Wear,6/20/2023,Corrective,405.69,19,Center Epsilon,Healthy
CAR-1150,Hatchback,2022,4,72165,Diesel,East,Brake,56,Warning,Brake Wear,8/30/2024,Preventive,314.38,1,Center Alpha,Healthy
CAR-1228,Premium Sedan,2023,3,56678,Petrol,West,Battery,86,Healthy,No Failure,3/21/2025,Preventive,223.59,2,Center Alpha,Healthy
CAR-1095,Premium Sedan,2022,4,56883,Diesel,West,Battery,71,Warning,Battery Failure,5/30/2023,Corrective,293.84,8,Center Gamma,Healthy
CAR-1460,City,2021,5,76874,Hybrid,Central,Brake,48,Warning,Brake Wear,4/20/2025,Corrective,457.61,8,Center Beta,Healthy
CAR-1082,Premium Sedan,2020,6,46990,Diesel,South,Tyre,73,Warning,Tyre Damage,5/9/2024,Corrective,207.66,16,Center Alpha,Healthy
CAR-1073,Premium Sedan,2021,5,42146,Electric,North,Engine,65,Warning,Mechanical Failure,4/26/2023,Preventive,646.64,2,Center Beta,Healthy
CAR-1265,City,2021,5,76724,Electric,West,Cooling System,52,Warning,Overheating,5/1/2023,Preventive,281.98,1,Center Beta,Healthy
CAR-1465,Compact,2023,3,48849,Electric,North,Engine,75,Healthy,No Failure,10/9/2025,Preventive,869.58,2,Center Gamma,Healthy
CAR-1345,Hatchback,2019,7,113190,Diesel,West,Transmission,17,Critical,Transmission Fault,10/3/2024,Emergency,2209.63,48,Center Beta,Under Maintenance
CAR-1314,City,2020,6,93870,Electric,Central,Brake,32,Critical,Brake Wear,7/28/2024,Emergency,541.24,45,Center Delta,Under Maintenance
CAR-1011,Sedan,2021,5,37489,Petrol,South,Engine,57,Warning,Mechanical Failure,9/21/2024,Preventive,675.97,1,Center Epsilon,Healthy
CAR-1174,Sedan,2022,4,75394,Petrol,West,Battery,42,Critical,Battery Failure,3/7/2025,Emergency,371.54,44,Center Gamma,Under Maintenance
CAR-1398,City,2019,7,97839,Electric,Central,Battery,29,Critical,Battery Failure,4/10/2025,Emergency,483.17,57,Center Delta,Under Maintenance
CAR-1385,Compact,2024,2,21249,Hybrid,Central,Suspension,70,Warning,Suspension Failure,4/15/2024,Preventive,367.8,2,Center Beta,Healthy
CAR-1140,Compact,2022,4,64993,Electric,South,Battery,47,Warning,Battery Failure,3/16/2024,Corrective,265.04,18,Center Delta,Healthy
CAR-1008,Sedan,2022,4,40823,Diesel,East,Engine,59,Warning,Mechanical Failure,9/15/2025,Corrective,1366.5,7,Center Delta,Healthy
CAR-1289,Premium Sedan,2022,4,57508,Electric,South,Engine,73,Warning,Overheating,7/6/2023,Corrective,1209.24,14,Center Delta,Healthy
CAR-1137,Crossover,2018,8,66369,Hybrid,East,Tyre,62,Warning,Tyre Damage,9/2/2023,Corrective,294.07,9,Center Gamma,Healthy
CAR-1087,Crossover,2018,8,81410,Petrol,North,Brake,26,Critical,Brake Wear,6/14/2024,Emergency,579.07,64,Center Beta,Under Maintenance
CAR-1458,Hatchback,2022,4,76518,Petrol,West,Headlight,48,Warning,Lighting Failure,7/1/2023,Preventive,87.59,3,Center Beta,Healthy
CAR-1304,Hatchback,2020,6,69369,Electric,South,Battery,41,Critical,Battery Failure,7/7/2024,Emergency,412.5,51,Center Epsilon,Under Maintenance
CAR-1245,Sedan,2018,8,76781,Petrol,West,Engine,53,Warning,Overheating,1/12/2023,Preventive,1038.76,1,Center Alpha,Healthy
CAR-1075,Hatchback,2022,4,47012,Diesel,West,Brake,74,Warning,Brake Wear,7/11/2025,Corrective,475.49,18,Center Beta,Healthy
CAR-1158,Crossover,2019,7,94831,Diesel,West,Cooling System,46,Warning,Overheating,7/5/2025,Corrective,423.82,6,Center Beta,Healthy
CAR-1109,Sedan,2020,6,99893,Petrol,South,Tyre,40,Critical,Tyre Damage,7/25/2023,Corrective,277.77,11,Center Epsilon,Needs Inspection
CAR-1355,Crossover,2022,4,47916,Electric,Central,Battery,79,Healthy,No Failure,10/21/2023,Preventive,219.38,2,Center Gamma,Healthy
CAR-1150,Hatchback,2022,4,69728,Diesel,East,Battery,70,Warning,Battery Failure,12/10/2024,Corrective,315.86,6,Center Delta,Healthy
CAR-1399,Hatchback,2019,7,108802,Petrol,West,Brake,18,Critical,Brake Wear,11/11/2024,Emergency,542.06,23,Center Delta,Needs Inspection
CAR-1097,Hatchback,2018,8,132868,Hybrid,East,Cooling System,10,Critical,Overheating,2/23/2025,Corrective,597.89,6,Center Delta,Needs Inspection
CAR-1082,Premium Sedan,2020,6,76611,Diesel,South,Brake,64,Warning,Brake Wear,11/22/2023,Corrective,511.53,16,Center Alpha,Healthy
CAR-1094,Premium Sedan,2024,2,20707,Electric,Central,Brake,64,Warning,Brake Wear,7/19/2024,Preventive,239.36,1,Center Gamma,Healthy
CAR-1412,Compact,2021,5,54629,Hybrid,South,Cooling System,52,Warning,Overheating,5/9/2023,Corrective,460.81,14,Center Alpha,Healthy
CAR-1193,Hatchback,2021,5,87708,Petrol,North,Brake,35,Critical,Brake Wear,7/31/2023,Emergency,708.32,24,Center Epsilon,Needs Inspection
CAR-1275,Premium Sedan,2021,5,64710,Petrol,South,Cooling System,79,Healthy,No Failure,11/15/2024,Preventive,314.99,3,Center Gamma,Healthy
CAR-1140,Compact,2022,4,55836,Electric,South,Battery,96,Healthy,No Failure,5/7/2025,Preventive,220.5,1,Center Gamma,Healthy
CAR-1025,Hatchback,2020,6,52032,Petrol,South,Brake,43,Critical,Brake Wear,2/18/2025,Corrective,331.41,7,Center Gamma,Needs Inspection
CAR-1153,Hatchback,2019,7,82313,Diesel,North,Battery,68,Warning,Battery Failure,11/24/2023,Corrective,252.56,23,Center Gamma,Healthy
CAR-1051,Compact,2020,6,68708,Petrol,South,Tyre,28,Critical,Tyre Damage,10/13/2024,Emergency,387.41,28,Center Gamma,Under Maintenance
CAR-1050,Crossover,2022,4,39148,Petrol,East,Engine,65,Warning,Overheating,11/1/2023,Corrective,1236.07,18,Center Beta,Healthy
CAR-1010,Premium Sedan,2019,7,113342,Electric,South,Engine,31,Critical,Overheating,5/14/2025,Emergency,1977.84,21,Center Delta,Needs Inspection
CAR-1269,Compact,2021,5,50523,Electric,Central,Suspension,45,Warning,Suspension Failure,9/9/2024,Preventive,558.74,2,Center Gamma,Healthy
CAR-1046,Compact,2021,5,77030,Petrol,East,Tyre,29,Critical,Tyre Damage,10/5/2025,Emergency,377.81,57,Center Alpha,Under Maintenance
CAR-1329,Crossover,2018,8,71102,Diesel,Central,Brake,31,Critical,Brake Wear,5/16/2024,Emergency,511.9,51,Center Beta,Under Maintenance
CAR-1259,City,2018,8,130750,Diesel,South,Brake,16,Critical,Brake Wear,10/19/2023,Emergency,680.31,36,Center Beta,Under Maintenance
CAR-1243,City,2020,6,83982,Electric,South,Brake,43,Critical,Brake Wear,11/20/2025,Emergency,674.49,64,Center Delta,Under Maintenance
CAR-1420,Crossover,2021,5,57509,Electric,North,Battery,56,Warning,Battery Failure,12/25/2025,Corrective,302.76,9,Center Delta,Healthy
CAR-1267,Compact,2019,7,109670,Hybrid,East,Transmission,38,Critical,Transmission Fault,1/25/2024,Corrective,1782.1,23,Center Delta,Needs Inspection
CAR-1199,Crossover,2020,6,67080,Diesel,South,Brake,52,Warning,Brake Wear,2/2/2023,Corrective,507.19,18,Center Beta,Healthy
CAR-1228,Premium Sedan,2023,3,56014,Petrol,West,Brake,81,Healthy,No Failure,1/16/2025,Preventive,201.61,1,Center Epsilon,Healthy
CAR-1270,Sedan,2019,7,97283,Hybrid,Central,Tyre,34,Critical,Tyre Damage,2/26/2024,Corrective,263.94,22,Center Epsilon,Needs Inspection
CAR-1185,Premium Sedan,2022,4,54782,Hybrid,Central,Brake,82,Healthy,No Failure,5/14/2023,Preventive,269.34,3,Center Beta,Healthy
CAR-1024,Crossover,2021,5,79678,Diesel,East,Engine,45,Warning,Mechanical Failure,6/28/2023,Corrective,1129.36,13,Center Alpha,Healthy
CAR-1264,Premium Sedan,2021,5,85249,Diesel,East,Cooling System,59,Warning,Overheating,6/8/2025,Preventive,365.59,2,Center Epsilon,Healthy
CAR-1122,Crossover,2021,5,76180,Petrol,West,Transmission,63,Warning,Transmission Fault,8/11/2024,Preventive,989.1,2,Center Epsilon,Healthy
CAR-1146,Premium Sedan,2019,7,82061,Petrol,North,Battery,42,Critical,Battery Failure,11/5/2025,Corrective,234.12,15,Center Epsilon,Needs Inspection
CAR-1194,City,2023,3,39949,Diesel,West,Brake,53,Warning,Brake Wear,8/14/2023,Corrective,329.74,7,Center Alpha,Healthy
CAR-1277,Compact,2018,8,123356,Electric,West,Tyre,40,Critical,Tyre Damage,7/25/2025,Emergency,384.67,68,Center Delta,Under Maintenance
CAR-1376,Compact,2021,5,68816,Diesel,Central,Suspension,31,Critical,Suspension Failure,10/19/2024,Emergency,926.42,68,Center Gamma,Under Maintenance
CAR-1443,Sedan,2020,6,56612,Electric,South,Engine,74,Warning,Mechanical Failure,9/20/2025,Corrective,1394.96,6,Center Gamma,Healthy
CAR-1409,Premium Sedan,2023,3,56018,Petrol,North,Transmission,58,Warning,Transmission Fault,5/28/2023,Preventive,896.92,1,Center Beta,Healthy
CAR-1366,Sedan,2019,7,80560,Petrol,South,Brake,40,Critical,Brake Wear,2/4/2023,Emergency,636.58,51,Center Epsilon,Under Maintenance
CAR-1025,Hatchback,2020,6,97683,Petrol,South,Cooling System,32,Critical,Overheating,6/5/2025,Corrective,479.84,13,Center Gamma,Needs Inspection
CAR-1337,Compact,2022,4,56410,Petrol,East,Battery,53,Warning,Battery Failure,11/26/2025,Corrective,240.19,9,Center Beta,Healthy
CAR-1098,City,2020,6,49358,Petrol,East,Tyre,80,Healthy,No Failure,10/16/2025,Preventive,170.68,2,Center Delta,Healthy
CAR-1495,Premium Sedan,2022,4,54032,Petrol,East,Engine,86,Healthy,No Failure,5/5/2024,Preventive,833.52,2,Center Beta,Healthy
CAR-1342,City,2022,4,44432,Diesel,North,Suspension,51,Warning,Suspension Failure,11/10/2024,Preventive,430.88,1,Center Gamma,Healthy
CAR-1169,Premium Sedan,2020,6,75597,Petrol,West,Engine,35,Critical,Overheating,12/9/2023,Emergency,1795.76,45,Center Delta,Under Maintenance
CAR-1100,Hatchback,2023,3,40943,Hybrid,Central,Brake,92,Healthy,No Failure,10/24/2023,Preventive,264.21,1,Center Gamma,Healthy
CAR-1248,Sedan,2018,8,118909,Petrol,Central,Engine,18,Critical,Mechanical Failure,6/11/2025,Emergency,1660.9,19,Center Epsilon,Needs Inspection
CAR-1034,Crossover,2020,6,61403,Petrol,East,Battery,50,Warning,Battery Failure,8/9/2023,Corrective,247.92,16,Center Gamma,Healthy
CAR-1406,City,2019,7,91918,Diesel,Central,Transmission,43,Critical,Transmission Fault,12/11/2023,Corrective,1345.53,9,Center Epsilon,Needs Inspection
CAR-1044,Hatchback,2022,4,60320,Diesel,West,Tyre,76,Healthy,No Failure,7/4/2024,Preventive,166.16,1,Center Beta,Healthy
CAR-1009,Hatchback,2021,5,77960,Electric,Central,Battery,72,Warning,Battery Failure,6/3/2023,Preventive,202.44,3,Center Delta,Healthy
CAR-1208,Crossover,2019,7,61231,Petrol,North,Engine,45,Warning,Wear,6/8/2024,Corrective,1385.34,17,Center Delta,Healthy
CAR-1425,Premium Sedan,2021,5,85392,Diesel,Central,Battery,56,Warning,Battery Failure,1/11/2024,Preventive,163.86,1,Center Epsilon,Healthy
CAR-1267,Compact,2019,7,68221,Hybrid,East,Headlight,45,Warning,Lighting Failure,7/25/2024,Preventive,105.61,3,Center Epsilon,Healthy
CAR-1150,Hatchback,2022,4,29956,Diesel,East,Transmission,59,Warning,Transmission Fault,11/28/2024,Corrective,1677.1,16,Center Gamma,Healthy
CAR-1081,Crossover,2018,8,91871,Diesel,West,Suspension,33,Critical,Suspension Failure,5/24/2023,Emergency,903.83,46,Center Alpha,Under Maintenance
CAR-1323,Premium Sedan,2022,4,45763,Petrol,East,Cooling System,63,Warning,Overheating,4/21/2023,Corrective,474.4,12,Center Gamma,Healthy
CAR-1071,Crossover,2020,6,75705,Diesel,East,Brake,56,Warning,Brake Wear,10/27/2025,Corrective,429.18,22,Center Gamma,Healthy
CAR-1009,Hatchback,2021,5,72447,Electric,Central,Headlight,49,Warning,Lighting Failure,6/12/2025,Corrective,146.5,10,Center Beta,Healthy
CAR-1283,Sedan,2018,8,112338,Hybrid,West,Cooling System,28,Critical,Overheating,4/6/2025,Corrective,612.57,11,Center Gamma,Needs Inspection
CAR-1275,Premium Sedan,2021,5,54712,Petrol,South,Cooling System,67,Warning,Overheating,1/14/2024,Corrective,546.65,10,Center Gamma,Healthy
CAR-1245,Sedan,2018,8,110655,Petrol,West,Cooling System,20,Critical,Overheating,4/22/2025,Emergency,681.64,22,Center Beta,Needs Inspection
CAR-1372,City,2019,7,123981,Petrol,Central,Transmission,67,Warning,Transmission Fault,1/7/2024,Corrective,1748.67,20,Center Gamma,Healthy
CAR-1115,Compact,2020,6,88068,Diesel,Central,Suspension,50,Warning,Suspension Failure,10/24/2024,Corrective,627.12,11,Center Beta,Healthy
CAR-1049,Premium Sedan,2019,7,88260,Electric,North,Engine,43,Critical,Overheating,9/10/2025,Corrective,1183.23,22,Center Epsilon,Needs Inspection
CAR-1415,Sedan,2019,7,119204,Diesel,North,Brake,35,Critical,Brake Wear,6/7/2025,Emergency,615.36,37,Center Epsilon,Under Maintenance
CAR-1097,Hatchback,2018,8,144117,Hybrid,East,Tyre,10,Critical,Tyre Damage,12/6/2023,Emergency,388.88,42,Center Epsilon,Under Maintenance
CAR-1444,Premium Sedan,2023,3,36761,Petrol,Central,Cooling System,73,Warning,Overheating,4/27/2025,Corrective,545.65,8,Center Beta,Healthy
CAR-1129,City,2021,5,44034,Petrol,Central,Battery,77,Healthy,No Failure,12/9/2024,Preventive,175.05,1,Center Beta,Healthy
CAR-1184,City,2018,8,115080,Electric,East,Brake,27,Critical,Brake Wear,6/6/2023,Emergency,587.94,62,Center Gamma,Under Maintenance
CAR-1365,Hatchback,2019,7,134633,Diesel,West,Transmission,38,Critical,Transmission Fault,2/28/2023,Emergency,2072.45,21,Center Alpha,Needs Inspection
CAR-1283,Sedan,2018,8,71534,Hybrid,West,Engine,29,Critical,Wear,12/15/2025,Corrective,1058.45,9,Center Alpha,Needs Inspection
CAR-1012,Crossover,2024,2,19502,Hybrid,Central,Transmission,99,Healthy,No Failure,5/13/2024,Preventive,1114.85,3,Center Beta,Healthy
CAR-1353,Crossover,2018,8,134915,Petrol,East,Headlight,31,Critical,Lighting Failure,4/14/2024,Emergency,323.36,58,Center Beta,Under Maintenance
CAR-1192,Crossover,2022,4,54385,Petrol,North,Tyre,59,Warning,Tyre Damage,11/21/2024,Corrective,295.05,11,Center Delta,Healthy
CAR-1471,Hatchback,2023,3,23160,Petrol,East,Battery,89,Healthy,No Failure,8/8/2025,Preventive,150.14,1,Center Delta,Healthy
CAR-1098,City,2020,6,94850,Petrol,East,Cooling System,44,Critical,Overheating,4/22/2023,Emergency,640.05,69,Center Beta,Under Maintenance
CAR-1246,Crossover,2019,7,113559,Petrol,Central,Battery,47,Warning,Battery Failure,7/22/2024,Corrective,351.98,22,Center Delta,Healthy
CAR-1481,Sedan,2024,2,38317,Diesel,Central,Battery,81,Healthy,No Failure,8/7/2023,Preventive,151.01,3,Center Epsilon,Healthy
CAR-1436,Premium Sedan,2020,6,110141,Diesel,Central,Tyre,58,Warning,Tyre Damage,8/8/2024,Corrective,217.47,8,Center Gamma,Healthy
CAR-1272,Compact,2021,5,41132,Petrol,West,Battery,51,Warning,Battery Failure,11/23/2023,Preventive,179.4,2,Center Gamma,Healthy
CAR-1001,Hatchback,2023,3,57348,Petrol,North,Battery,53,Warning,Battery Failure,5/9/2023,Corrective,345.09,19,Center Epsilon,Healthy
CAR-1057,Premium Sedan,2022,4,79198,Petrol,South,Tyre,50,Warning,Tyre Damage,3/4/2025,Preventive,191.67,3,Center Alpha,Healthy
CAR-1462,Hatchback,2022,4,40048,Diesel,West,Cooling System,69,Warning,Overheating,4/27/2025,Preventive,345.89,2,Center Epsilon,Healthy
CAR-1153,Hatchback,2019,7,76957,Diesel,North,Tyre,71,Warning,Tyre Damage,9/8/2024,Corrective,275.59,22,Center Alpha,Healthy
CAR-1060,Premium Sedan,2019,7,97094,Electric,West,Suspension,42,Critical,Suspension Failure,7/5/2025,Emergency,983.54,50,Center Delta,Under Maintenance
CAR-1208,Crossover,2019,7,85347,Petrol,North,Brake,45,Warning,Brake Wear,7/6/2023,Corrective,471.86,18,Center Beta,Healthy
CAR-1441,Premium Sedan,2024,2,32376,Petrol,East,Engine,91,Healthy,No Failure,3/19/2024,Preventive,993.47,2,Center Beta,Healthy
CAR-1480,Compact,2018,8,115985,Diesel,West,Transmission,18,Critical,Transmission Fault,8/31/2024,Corrective,1544.75,9,Center Alpha,Needs Inspection
CAR-1215,Sedan,2018,8,101561,Electric,South,Tyre,30,Critical,Tyre Damage,4/27/2023,Corrective,289.48,12,Center Beta,Needs Inspection
CAR-1367,Premium Sedan,2019,7,128618,Petrol,South,Transmission,24,Critical,Transmission Fault,5/10/2024,Corrective,1210.29,21,Center Delta,Needs Inspection
CAR-1100,Hatchback,2023,3,34061,Hybrid,Central,Battery,53,Warning,Battery Failure,10/15/2025,Corrective,246.95,6,Center Delta,Healthy
CAR-1375,City,2023,3,47819,Electric,Central,Cooling System,49,Warning,Overheating,6/3/2023,Corrective,604.61,13,Center Delta,Healthy
CAR-1432,City,2022,4,58523,Petrol,North,Tyre,61,Warning,Tyre Damage,8/10/2024,Preventive,188.22,2,Center Alpha,Healthy
CAR-1183,Crossover,2024,2,34662,Petrol,South,Transmission,87,Healthy,No Failure,2/12/2024,Preventive,872.65,2,Center Epsilon,Healthy
CAR-1309,Crossover,2023,3,53736,Diesel,West,Engine,89,Healthy,No Failure,5/1/2024,Preventive,665,2,Center Delta,Healthy
CAR-1133,Sedan,2022,4,55367,Hybrid,West,Battery,70,Warning,Battery Failure,10/28/2023,Preventive,170.27,3,Center Delta,Healthy
CAR-1062,Sedan,2019,7,77625,Electric,Central,Brake,70,Warning,Brake Wear,12/30/2024,Preventive,276.64,3,Center Delta,Healthy
CAR-1416,City,2020,6,74909,Diesel,South,Suspension,53,Warning,Suspension Failure,3/28/2023,Corrective,595.36,6,Center Epsilon,Healthy
CAR-1278,City,2021,5,72734,Electric,Central,Transmission,87,Healthy,No Failure,3/19/2023,Preventive,1105.63,3,Center Gamma,Healthy
CAR-1161,Compact,2022,4,41557,Electric,West,Engine,85,Healthy,No Failure,12/30/2025,Preventive,878.92,2,Center Gamma,Healthy
CAR-1261,Compact,2021,5,52977,Petrol,Central,Cooling System,54,Warning,Overheating,5/23/2023,Preventive,293.41,3,Center Gamma,Healthy
CAR-1377,Crossover,2022,4,39044,Diesel,East,Brake,53,Warning,Brake Wear,2/26/2024,Preventive,205.19,1,Center Beta,Healthy
CAR-1471,Hatchback,2023,3,36558,Petrol,East,Battery,83,Healthy,No Failure,12/30/2023,Preventive,167.86,3,Center Beta,Healthy
CAR-1168,Premium Sedan,2019,7,110576,Hybrid,North,Engine,43,Critical,Mechanical Failure,8/2/2023,Corrective,1135.74,18,Center Alpha,Needs Inspection
CAR-1131,Hatchback,2021,5,46238,Diesel,Central,Headlight,72,Warning,Lighting Failure,11/3/2023,Corrective,175.34,9,Center Gamma,Healthy
CAR-1446,Compact,2021,5,75959,Petrol,East,Tyre,44,Critical,Tyre Damage,3/14/2025,Emergency,452.47,31,Center Epsilon,Under Maintenance
CAR-1361,Hatchback,2019,7,93377,Petrol,West,Suspension,34,Critical,Suspension Failure,4/22/2024,Emergency,1055.67,48,Center Delta,Under Maintenance
CAR-1215,Sedan,2018,8,127406,Electric,South,Battery,37,Critical,Battery Failure,1/13/2024,Emergency,431.1,64,Center Alpha,Under Maintenance
CAR-1050,Crossover,2022,4,69843,Petrol,East,Battery,68,Warning,Battery Failure,2/26/2023,Corrective,278.97,9,Center Alpha,Healthy
CAR-1442,Crossover,2024,2,30017,Diesel,West,Engine,74,Warning,Mechanical Failure,1/25/2023,Corrective,1516,7,Center Gamma,Healthy
CAR-1278,City,2021,5,44885,Electric,Central,Engine,74,Warning,Wear,9/15/2023,Preventive,658.06,2,Center Beta,Healthy
CAR-1174,Sedan,2022,4,57564,Petrol,West,Engine,97,Healthy,No Failure,3/29/2023,Preventive,868.36,1,Center Epsilon,Healthy
CAR-1029,Sedan,2020,6,53382,Electric,North,Transmission,36,Critical,Transmission Fault,7/31/2025,Emergency,2891.33,64,Center Epsilon,Under Maintenance
CAR-1295,Premium Sedan,2019,7,102345,Hybrid,West,Suspension,20,Critical,Suspension Failure,3/2/2025,Emergency,1058.58,35,Center Beta,Under Maintenance
CAR-1308,Compact,2018,8,88257,Diesel,South,Headlight,10,Critical,Lighting Failure,3/31/2023,Emergency,268.3,31,Center Gamma,Under Maintenance
CAR-1185,Premium Sedan,2022,4,68186,Hybrid,Central,Engine,81,Healthy,No Failure,10/9/2023,Preventive,671.89,3,Center Beta,Healthy
CAR-1087,Crossover,2018,8,115590,Petrol,North,Brake,10,Critical,Brake Wear,4/24/2025,Emergency,627.01,65,Center Alpha,Under Maintenance
CAR-1180,City,2021,5,43751,Petrol,North,Tyre,50,Warning,Tyre Damage,12/10/2024,Preventive,166.91,1,Center Alpha,Healthy
CAR-1387,Compact,2022,4,59403,Diesel,East,Brake,89,Healthy,No Failure,5/10/2024,Preventive,205.04,1,Center Epsilon,Healthy
CAR-1236,Hatchback,2023,3,26338,Diesel,South,Cooling System,85,Healthy,No Failure,12/23/2023,Preventive,287.69,1,Center Alpha,Healthy
CAR-1219,Premium Sedan,2023,3,52827,Diesel,North,Tyre,76,Healthy,No Failure,4/9/2023,Preventive,167.59,2,Center Epsilon,Healthy
CAR-1481,Sedan,2024,2,14622,Diesel,Central,Tyre,100,Healthy,No Failure,6/28/2024,Preventive,127.44,2,Center Alpha,Healthy
CAR-1199,Crossover,2020,6,70991,Diesel,South,Headlight,51,Warning,Lighting Failure,8/9/2023,Preventive,91.78,1,Center Gamma,Healthy
CAR-1181,City,2018,8,96785,Petrol,Central,Battery,53,Warning,Battery Failure,12/22/2025,Corrective,355.61,9,Center Alpha,Healthy
CAR-1225,Crossover,2018,8,94597,Petrol,North,Tyre,29,Critical,Tyre Damage,11/12/2024,Emergency,383.36,58,Center Delta,Under Maintenance
CAR-1115,Compact,2020,6,100135,Diesel,Central,Tyre,30,Critical,Tyre Damage,7/14/2024,Emergency,462.29,49,Center Delta,Under Maintenance
CAR-1432,City,2022,4,40778,Petrol,North,Battery,75,Healthy,No Failure,1/17/2024,Preventive,228.06,1,Center Gamma,Healthy
CAR-1298,Crossover,2024,2,31035,Diesel,East,Tyre,89,Healthy,No Failure,8/17/2025,Preventive,173.8,2,Center Delta,Healthy
CAR-1413,Compact,2023,3,30179,Diesel,South,Suspension,45,Warning,Suspension Failure,3/27/2025,Preventive,554.17,2,Center Delta,Healthy
CAR-1310,Sedan,2018,8,105551,Petrol,South,Transmission,28,Critical,Transmission Fault,6/11/2024,Corrective,1196.79,20,Center Epsilon,Needs Inspection
CAR-1404,Hatchback,2020,6,71618,Petrol,Central,Cooling System,58,Warning,Overheating,5/17/2025,Preventive,268.9,1,Center Delta,Healthy
CAR-1307,Compact,2024,2,27784,Petrol,East,Battery,99,Healthy,No Failure,8/19/2023,Preventive,144.64,2,Center Epsilon,Healthy
CAR-1377,Crossover,2022,4,66981,Diesel,East,Suspension,55,Warning,Suspension Failure,8/26/2024,Corrective,594.06,7,Center Alpha,Healthy
CAR-1230,Crossover,2021,5,59021,Electric,West,Transmission,70,Warning,Transmission Fault,10/12/2025,Corrective,1360.98,16,Center Alpha,Healthy
CAR-1445,Hatchback,2021,5,70446,Diesel,West,Brake,54,Warning,Brake Wear,6/15/2025,Corrective,397.84,21,Center Beta,Healthy
CAR-1218,Compact,2021,5,80637,Petrol,West,Engine,67,Warning,Mechanical Failure,1/19/2023,Corrective,1231.57,23,Center Alpha,Healthy
CAR-1192,Crossover,2022,4,36137,Petrol,North,Brake,73,Warning,Brake Wear,9/24/2025,Preventive,219.32,2,Center Epsilon,Healthy
CAR-1054,Compact,2024,2,28753,Hybrid,Central,Engine,81,Healthy,No Failure,1/8/2024,Preventive,925.15,2,Center Epsilon,Healthy
CAR-1496,Compact,2021,5,47088,Petrol,Central,Brake,80,Healthy,No Failure,12/3/2024,Preventive,317.2,3,Center Beta,Healthy
CAR-1041,Sedan,2019,7,55574,Petrol,South,Engine,48,Warning,Overheating,2/1/2025,Corrective,1661.07,11,Center Alpha,Healthy
CAR-1038,Premium Sedan,2020,6,95857,Diesel,Central,Engine,19,Critical,Wear,7/15/2023,Emergency,2098.33,50,Center Gamma,Under Maintenance
CAR-1151,Hatchback,2020,6,69514,Diesel,West,Brake,72,Warning,Brake Wear,9/9/2023,Preventive,248.06,2,Center Alpha,Healthy
CAR-1270,Sedan,2019,7,63252,Hybrid,Central,Transmission,41,Critical,Transmission Fault,12/25/2024,Emergency,2184.83,61,Center Alpha,Under Maintenance
CAR-1108,City,2020,6,85249,Petrol,South,Battery,10,Critical,Battery Failure,11/9/2024,Emergency,488.52,64,Center Alpha,Under Maintenance
CAR-1476,Crossover,2022,4,77257,Electric,East,Headlight,67,Warning,Lighting Failure,5/25/2024,Corrective,159.1,8,Center Alpha,Healthy
CAR-1200,City,2024,2,35204,Petrol,South,Brake,92,Healthy,No Failure,8/17/2025,Preventive,286.27,3,Center Alpha,Healthy
CAR-1411,Premium Sedan,2024,2,27983,Diesel,East,Brake,100,Healthy,No Failure,2/8/2024,Preventive,285.97,1,Center Epsilon,Healthy
CAR-1165,Hatchback,2022,4,44691,Diesel,East,Cooling System,75,Healthy,No Failure,6/27/2023,Preventive,247.19,3,Center Beta,Healthy
CAR-1357,Crossover,2021,5,72618,Petrol,Central,Brake,46,Warning,Brake Wear,1/17/2023,Corrective,424.5,17,Center Delta,Healthy
CAR-1326,Crossover,2018,8,63038,Electric,West,Cooling System,45,Warning,Overheating,2/22/2024,Preventive,313.81,3,Center Delta,Healthy
CAR-1270,Sedan,2019,7,63128,Hybrid,Central,Cooling System,15,Critical,Overheating,3/15/2023,Emergency,681.6,25,Center Gamma,Under Maintenance
CAR-1066,Compact,2021,5,39919,Petrol,North,Tyre,55,Warning,Tyre Damage,12/11/2025,Corrective,202.75,18,Center Gamma,Healthy
CAR-1324,Sedan,2018,8,91043,Petrol,North,Cooling System,25,Critical,Overheating,11/18/2024,Emergency,766.65,34,Center Gamma,Under Maintenance
CAR-1478,Sedan,2018,8,90779,Diesel,South,Tyre,41,Critical,Tyre Damage,12/21/2023,Corrective,269.34,9,Center Alpha,Needs Inspection
CAR-1488,Hatchback,2022,4,42100,Diesel,Central,Transmission,64,Warning,Transmission Fault,6/17/2024,Preventive,799.21,3,Center Gamma,Healthy
CAR-1438,Premium Sedan,2024,2,37470,Petrol,Central,Cooling System,81,Healthy,No Failure,12/16/2025,Preventive,319.72,2,Center Epsilon,Healthy
CAR-1034,Crossover,2020,6,73083,Petrol,East,Tyre,37,Critical,Tyre Damage,6/11/2023,Emergency,466.69,48,Center Gamma,Under Maintenance
CAR-1199,Crossover,2020,6,66294,Diesel,South,Tyre,59,Warning,Tyre Damage,4/8/2024,Preventive,168.94,1,Center Alpha,Healthy
CAR-1395,Compact,2021,5,48546,Diesel,South,Cooling System,60,Warning,Overheating,10/3/2024,Corrective,409.49,19,Center Delta,Healthy
CAR-1088,Hatchback,2024,2,27791,Petrol,South,Engine,100,Healthy,No Failure,5/13/2023,Preventive,746.22,3,Center Beta,Healthy
CAR-1165,Hatchback,2022,4,80064,Diesel,East,Cooling System,57,Warning,Overheating,11/18/2024,Corrective,455.17,10,Center Delta,Healthy
CAR-1081,Crossover,2018,8,131592,Diesel,West,Engine,18,Critical,Overheating,6/30/2023,Emergency,1867.14,67,Center Epsilon,Under Maintenance
CAR-1147,Hatchback,2022,4,73006,Diesel,West,Battery,99,Healthy,No Failure,7/18/2024,Preventive,199.94,1,Center Gamma,Healthy
CAR-1037,Sedan,2021,5,52066,Petrol,East,Cooling System,61,Warning,Overheating,7/1/2023,Corrective,521.32,22,Center Epsilon,Healthy
CAR-1178,Crossover,2018,8,129707,Diesel,East,Tyre,31,Critical,Tyre Damage,9/19/2025,Emergency,413.04,53,Center Epsilon,Under Maintenance
CAR-1038,Premium Sedan,2020,6,85393,Diesel,Central,Headlight,67,Warning,Lighting Failure,10/8/2023,Preventive,112.51,3,Center Gamma,Healthy
CAR-1485,Hatchback,2023,3,47347,Diesel,West,Battery,92,Healthy,No Failure,8/17/2025,Preventive,152.73,1,Center Beta,Healthy
CAR-1068,Compact,2022,4,52889,Electric,West,Tyre,55,Warning,Tyre Damage,1/22/2024,Corrective,232.59,22,Center Beta,Healthy
CAR-1388,City,2022,4,78341,Diesel,East,Suspension,34,Critical,Suspension Failure,9/28/2023,Emergency,1302.37,32,Center Gamma,Under Maintenance
CAR-1143,Hatchback,2024,2,33671,Electric,Central,Brake,54,Warning,Brake Wear,12/24/2023,Preventive,283.85,3,Center Alpha,Healthy
CAR-1394,Compact,2023,3,35476,Diesel,East,Tyre,42,Critical,Tyre Damage,10/10/2025,Emergency,362.61,31,Center Epsilon,Under Maintenance
CAR-1447,Premium Sedan,2018,8,84713,Hybrid,South,Brake,46,Warning,Brake Wear,5/16/2024,Corrective,456.76,19,Center Delta,Healthy
CAR-1083,Crossover,2018,8,130381,Petrol,West,Tyre,58,Warning,Tyre Damage,9/5/2024,Corrective,239.59,8,Center Delta,Healthy
CAR-1431,Hatchback,2019,7,96857,Petrol,South,Cooling System,22,Critical,Overheating,9/14/2025,Emergency,702.83,19,Center Delta,Needs Inspection
CAR-1327,Crossover,2020,6,56792,Petrol,South,Suspension,37,Critical,Suspension Failure,4/13/2025,Corrective,702.89,8,Center Alpha,Needs Inspection
CAR-1072,Compact,2022,4,48224,Electric,South,Engine,35,Critical,Mechanical Failure,4/5/2025,Emergency,1922.32,59,Center Beta,Under Maintenance
CAR-1081,Crossover,2018,8,97577,Diesel,West,Engine,38,Critical,Overheating,2/1/2025,Emergency,1886.14,52,Center Alpha,Under Maintenance
CAR-1116,City,2021,5,65137,Electric,North,Engine,45,Warning,Mechanical Failure,5/25/2024,Corrective,1609.49,9,Center Beta,Healthy
CAR-1034,Crossover,2020,6,59037,Petrol,East,Battery,64,Warning,Battery Failure,6/30/2025,Preventive,211.83,1,Center Alpha,Healthy
CAR-1481,Sedan,2024,2,36973,Diesel,Central,Battery,47,Warning,Battery Failure,9/28/2025,Corrective,272.48,11,Center Beta,Healthy
CAR-1214,City,2024,2,32916,Petrol,South,Cooling System,63,Warning,Overheating,3/30/2024,Preventive,382.09,1,Center Delta,Healthy
CAR-1275,Premium Sedan,2021,5,81158,Petrol,South,Suspension,39,Critical,Suspension Failure,8/17/2024,Emergency,952.32,25,Center Alpha,Under Maintenance
CAR-1324,Sedan,2018,8,106013,Petrol,North,Tyre,23,Critical,Tyre Damage,3/9/2023,Emergency,457.5,47,Center Delta,Under Maintenance
CAR-1179,City,2023,3,56668,Electric,Central,Engine,50,Warning,Mechanical Failure,8/24/2024,Preventive,647.07,1,Center Epsilon,Healthy
CAR-1272,Compact,2021,5,86014,Petrol,West,Brake,41,Critical,Brake Wear,6/25/2023,Emergency,809.88,26,Center Gamma,Under Maintenance
CAR-1352,Premium Sedan,2023,3,38679,Diesel,North,Suspension,86,Healthy,No Failure,5/20/2023,Preventive,384.08,3,Center Epsilon,Healthy
CAR-1390,City,2019,7,118153,Diesel,North,Engine,23,Critical,Overheating,12/28/2025,Corrective,1311.54,22,Center Epsilon,Needs Inspection
CAR-1361,Hatchback,2019,7,86688,Petrol,West,Battery,41,Critical,Battery Failure,1/25/2024,Emergency,502.47,56,Center Beta,Under Maintenance
CAR-1156,Sedan,2018,8,105051,Petrol,East,Brake,29,Critical,Brake Wear,9/17/2024,Corrective,484.6,10,Center Beta,Needs Inspection
CAR-1319,Premium Sedan,2023,3,35091,Diesel,North,Brake,74,Warning,Brake Wear,8/24/2023,Corrective,367.36,7,Center Epsilon,Healthy
CAR-1373,Sedan,2021,5,85242,Electric,North,Headlight,40,Critical,Lighting Failure,7/23/2023,Corrective,151.95,7,Center Epsilon,Needs Inspection
CAR-1130,Sedan,2018,8,98296,Electric,Central,Battery,32,Critical,Battery Failure,1/12/2025,Emergency,475.78,56,Center Delta,Under Maintenance
CAR-1162,Hatchback,2023,3,30018,Hybrid,Central,Engine,65,Warning,Mechanical Failure,12/18/2023,Corrective,1489.59,20,Center Beta,Healthy
CAR-1332,Hatchback,2023,3,37827,Diesel,West,Tyre,90,Healthy,No Failure,9/23/2025,Preventive,133.05,2,Center Gamma,Healthy
CAR-1396,Sedan,2019,7,121183,Petrol,West,Suspension,45,Warning,Suspension Failure,3/20/2025,Corrective,700.12,13,Center Delta,Healthy
CAR-1496,Compact,2021,5,96232,Petrol,Central,Battery,43,Critical,Battery Failure,5/5/2024,Emergency,422.36,42,Center Epsilon,Under Maintenance
CAR-1379,Sedan,2023,3,54678,Hybrid,North,Cooling System,70,Warning,Overheating,2/11/2025,Corrective,430.16,18,Center Gamma,Healthy
CAR-1206,Premium Sedan,2021,5,67565,Hybrid,North,Engine,58,Warning,Mechanical Failure,6/18/2023,Corrective,1028.78,13,Center Alpha,Healthy
CAR-1466,City,2018,8,129766,Petrol,North,Headlight,20,Critical,Lighting Failure,4/16/2023,Emergency,222.24,36,Center Delta,Under Maintenance
CAR-1372,City,2019,7,111393,Petrol,Central,Brake,25,Critical,Brake Wear,7/4/2024,Emergency,517.41,67,Center Alpha,Under Maintenance
CAR-1153,Hatchback,2019,7,121073,Diesel,North,Brake,32,Critical,Brake Wear,10/19/2024,Emergency,750.26,42,Center Gamma,Under Maintenance
CAR-1424,City,2018,8,81035,Diesel,East,Battery,16,Critical,Battery Failure,8/1/2025,Emergency,435.47,69,Center Beta,Under Maintenance
CAR-1088,Hatchback,2024,2,33361,Petrol,South,Transmission,77,Healthy,No Failure,6/16/2025,Preventive,819.21,1,Center Alpha,Healthy
CAR-1268,Crossover,2021,5,90447,Diesel,East,Headlight,45,Warning,Lighting Failure,12/4/2024,Preventive,122.76,2,Center Alpha,Healthy
CAR-1402,City,2024,2,19021,Electric,West,Headlight,71,Warning,Lighting Failure,8/28/2024,Preventive,112.4,1,Center Delta,Healthy
CAR-1452,Sedan,2019,7,84243,Petrol,Central,Brake,26,Critical,Brake Wear,1/29/2023,Emergency,621.68,57,Center Gamma,Under Maintenance
CAR-1495,Premium Sedan,2022,4,41946,Petrol,East,Tyre,58,Warning,Tyre Damage,3/5/2023,Preventive,121.47,3,Center Gamma,Healthy
CAR-1257,Premium Sedan,2020,6,66648,Petrol,West,Headlight,49,Warning,Lighting Failure,4/12/2025,Corrective,180.01,19,Center Epsilon,Healthy
CAR-1322,City,2018,8,132529,Petrol,North,Tyre,39,Critical,Tyre Damage,1/14/2024,Emergency,452.05,39,Center Delta,Under Maintenance
CAR-1355,Crossover,2022,4,44944,Electric,Central,Suspension,52,Warning,Suspension Failure,10/29/2023,Preventive,543.08,1,Center Epsilon,Healthy
CAR-1392,Crossover,2020,6,54010,Diesel,Central,Battery,77,Healthy,No Failure,11/3/2024,Preventive,195.07,2,Center Epsilon,Healthy
CAR-1114,Compact,2018,8,118027,Diesel,East,Engine,39,Critical,Overheating,5/10/2025,Emergency,1613.28,47,Center Delta,Under Maintenance
CAR-1254,Compact,2022,4,44191,Hybrid,Central,Suspension,70,Warning,Suspension Failure,1/6/2025,Corrective,851.45,14,Center Alpha,Healthy
CAR-1306,Crossover,2022,4,46484,Diesel,North,Battery,57,Warning,Battery Failure,11/27/2024,Corrective,340.2,16,Center Gamma,Healthy
CAR-1379,Sedan,2023,3,38311,Hybrid,North,Tyre,78,Healthy,No Failure,7/19/2023,Preventive,154.12,3,Center Beta,Healthy
CAR-1211,City,2022,4,67955,Diesel,South,Engine,77,Healthy,No Failure,9/18/2025,Preventive,982.46,1,Center Delta,Healthy
CAR-1136,Compact,2024,2,34999,Diesel,Central,Engine,76,Healthy,No Failure,9/18/2025,Preventive,886.47,3,Center Beta,Healthy
CAR-1014,Compact,2019,7,126237,Petrol,Central,Suspension,41,Critical,Suspension Failure,3/28/2024,Emergency,971.33,64,Center Delta,Under Maintenance
CAR-1310,Sedan,2018,8,140242,Petrol,South,Engine,10,Critical,Overheating,2/5/2024,Emergency,1705.8,45,Center Alpha,Under Maintenance
CAR-1490,Crossover,2019,7,77268,Electric,West,Brake,66,Warning,Brake Wear,3/11/2025,Preventive,300.68,2,Center Beta,Healthy
CAR-1072,Compact,2022,4,65431,Electric,South,Tyre,67,Warning,Tyre Damage,9/4/2024,Corrective,220.6,20,Center Beta,Healthy
CAR-1083,Crossover,2018,8,131033,Petrol,West,Battery,22,Critical,Battery Failure,8/14/2024,Corrective,296.74,11,Center Gamma,Needs Inspection
CAR-1015,Premium Sedan,2020,6,61919,Petrol,West,Tyre,59,Warning,Tyre Damage,3/19/2025,Corrective,307.86,12,Center Gamma,Healthy
CAR-1403,Premium Sedan,2020,6,100358,Electric,South,Suspension,41,Critical,Suspension Failure,3/23/2025,Emergency,1090.54,48,Center Beta,Under Maintenance
CAR-1430,Premium Sedan,2022,4,70048,Hybrid,South,Battery,55,Warning,Battery Failure,9/17/2025,Corrective,281.16,19,Center Epsilon,Healthy
CAR-1105,Premium Sedan,2018,8,153216,Electric,East,Brake,10,Critical,Brake Wear,10/15/2023,Corrective,436.66,19,Center Delta,Needs Inspection
CAR-1337,Compact,2022,4,48829,Petrol,East,Headlight,62,Warning,Lighting Failure,3/27/2023,Corrective,164.29,6,Center Gamma,Healthy
CAR-1413,Compact,2023,3,30635,Diesel,South,Tyre,79,Healthy,No Failure,2/7/2024,Preventive,165.21,3,Center Delta,Healthy
CAR-1014,Compact,2019,7,67394,Petrol,Central,Battery,51,Warning,Battery Failure,3/25/2023,Corrective,258.48,11,Center Delta,Healthy
CAR-1387,Compact,2022,4,63857,Diesel,East,Suspension,60,Warning,Suspension Failure,3/14/2024,Preventive,384.39,3,Center Beta,Healthy
CAR-1397,Compact,2023,3,39520,Petrol,West,Brake,95,Healthy,No Failure,7/23/2025,Preventive,318.27,2,Center Delta,Healthy
CAR-1074,Crossover,2018,8,69564,Petrol,South,Transmission,57,Warning,Transmission Fault,4/25/2025,Preventive,1048.47,3,Center Alpha,Healthy
CAR-1120,Compact,2023,3,37936,Diesel,West,Engine,75,Healthy,No Failure,8/31/2023,Preventive,696.87,1,Center Alpha,Healthy
CAR-1336,Sedan,2024,2,35989,Hybrid,South,Cooling System,52,Warning,Overheating,8/10/2023,Corrective,505.86,14,Center Delta,Healthy
CAR-1141,Compact,2019,7,106370,Petrol,West,Cooling System,48,Warning,Overheating,4/29/2025,Corrective,455.33,8,Center Epsilon,Healthy
CAR-1375,City,2023,3,30786,Electric,Central,Headlight,64,Warning,Lighting Failure,10/29/2024,Preventive,122.11,1,Center Delta,Healthy
CAR-1198,Sedan,2019,7,109300,Electric,North,Engine,42,Critical,Wear,10/7/2023,Corrective,1239.82,13,Center Beta,Needs Inspection
CAR-1117,Premium Sedan,2018,8,91916,Hybrid,Central,Tyre,55,Warning,Tyre Damage,11/17/2024,Corrective,210.41,12,Center Beta,Healthy
CAR-1440,Hatchback,2024,2,38945,Petrol,North,Tyre,69,Warning,Tyre Damage,2/22/2023,Corrective,289.12,12,Center Beta,Healthy
CAR-1485,Hatchback,2023,3,37828,Diesel,West,Tyre,19,Critical,Tyre Damage,9/7/2023,Corrective,252.14,12,Center Delta,Needs Inspection
CAR-1082,Premium Sedan,2020,6,106253,Diesel,South,Suspension,66,Warning,Suspension Failure,1/1/2024,Corrective,897.83,22,Center Beta,Healthy
CAR-1361,Hatchback,2019,7,84591,Petrol,West,Tyre,25,Critical,Tyre Damage,3/3/2025,Corrective,193.27,7,Center Gamma,Needs Inspection
CAR-1038,Premium Sedan,2020,6,64522,Diesel,Central,Tyre,49,Warning,Tyre Damage,10/11/2023,Preventive,150.02,2,Center Epsilon,Healthy
CAR-1122,Crossover,2021,5,73159,Petrol,West,Engine,52,Warning,Wear,2/1/2025,Corrective,1344.56,23,Center Delta,Healthy
CAR-1220,Crossover,2018,8,65317,Hybrid,East,Suspension,49,Warning,Suspension Failure,8/24/2023,Corrective,738.99,21,Center Epsilon,Healthy
CAR-1245,Sedan,2018,8,87014,Petrol,West,Cooling System,59,Warning,Overheating,5/24/2024,Corrective,398.99,12,Center Epsilon,Healthy
CAR-1272,Compact,2021,5,78117,Petrol,West,Engine,56,Warning,Mechanical Failure,2/2/2025,Corrective,1228.62,21,Center Beta,Healthy
CAR-1301,City,2019,7,129365,Petrol,West,Suspension,29,Critical,Suspension Failure,12/14/2023,Corrective,779.62,15,Center Beta,Needs Inspection
CAR-1351,Premium Sedan,2018,8,118886,Petrol,West,Tyre,25,Critical,Tyre Damage,10/29/2025,Emergency,425.76,32,Center Alpha,Under Maintenance
CAR-1443,Sedan,2020,6,90740,Electric,South,Brake,37,Critical,Brake Wear,4/4/2025,Emergency,721.17,37,Center Beta,Under Maintenance
CAR-1456,Hatchback,2020,6,53632,Hybrid,Central,Tyre,54,Warning,Tyre Damage,10/31/2025,Corrective,198.33,6,Center Delta,Healthy
CAR-1038,Premium Sedan,2020,6,51369,Diesel,Central,Tyre,64,Warning,Tyre Damage,5/4/2025,Corrective,204.63,18,Center Delta,Healthy
CAR-1307,Compact,2024,2,18457,Petrol,East,Tyre,89,Healthy,No Failure,7/11/2023,Preventive,172.34,1,Center Gamma,Healthy
CAR-1102,City,2018,8,134870,Petrol,Central,Engine,34,Critical,Wear,3/14/2024,Emergency,2058.2,69,Center Delta,Under Maintenance
CAR-1344,Premium Sedan,2022,4,45439,Electric,Central,Battery,70,Warning,Battery Failure,8/11/2023,Corrective,295.99,16,Center Alpha,Healthy
CAR-1275,Premium Sedan,2021,5,57014,Petrol,South,Headlight,64,Warning,Lighting Failure,4/18/2025,Corrective,130.23,10,Center Gamma,Healthy
CAR-1061,Hatchback,2023,3,56866,Electric,South,Battery,82,Healthy,No Failure,9/3/2025,Preventive,194.85,1,Center Delta,Healthy
CAR-1090,Compact,2023,3,26961,Diesel,South,Tyre,96,Healthy,No Failure,5/30/2025,Preventive,153.27,3,Center Gamma,Healthy
CAR-1253,Sedan,2018,8,98761,Electric,Central,Cooling System,38,Critical,Overheating,6/15/2023,Corrective,597.26,11,Center Epsilon,Needs Inspection
CAR-1348,Sedan,2018,8,103451,Hybrid,North,Engine,47,Warning,Mechanical Failure,2/6/2024,Preventive,809.92,2,Center Beta,Healthy
CAR-1235,Crossover,2022,4,55270,Electric,West,Tyre,59,Warning,Tyre Damage,4/6/2023,Corrective,204.35,19,Center Beta,Healthy
CAR-1243,City,2020,6,105364,Electric,South,Headlight,41,Critical,Lighting Failure,10/10/2024,Emergency,270.27,47,Center Beta,Under Maintenance
CAR-1186,Hatchback,2021,5,47315,Petrol,North,Suspension,79,Healthy,No Failure,2/26/2025,Preventive,520.57,1,Center Gamma,Healthy
CAR-1333,Sedan,2021,5,65178,Electric,West,Brake,58,Warning,Brake Wear,8/24/2025,Preventive,268.96,3,Center Beta,Healthy
CAR-1112,Sedan,2021,5,56766,Petrol,West,Tyre,68,Warning,Tyre Damage,10/15/2025,Corrective,199.5,18,Center Delta,Healthy
CAR-1417,Compact,2018,8,118307,Electric,North,Suspension,57,Warning,Suspension Failure,6/26/2023,Corrective,704.38,10,Center Delta,Healthy
CAR-1190,Sedan,2024,2,30655,Electric,East,Tyre,79,Healthy,No Failure,11/17/2024,Preventive,179.73,2,Center Beta,Healthy
CAR-1483,Crossover,2023,3,32075,Petrol,South,Brake,89,Healthy,No Failure,3/24/2023,Preventive,278.73,2,Center Beta,Healthy
CAR-1179,City,2023,3,57257,Electric,Central,Transmission,82,Healthy,No Failure,5/27/2025,Preventive,991.71,1,Center Alpha,Healthy
CAR-1048,City,2023,3,29719,Petrol,South,Tyre,68,Warning,Tyre Damage,11/1/2025,Preventive,155.58,1,Center Gamma,Healthy
CAR-1446,Compact,2021,5,54378,Petrol,East,Brake,71,Warning,Brake Wear,12/10/2023,Preventive,243.61,3,Center Alpha,Healthy
CAR-1395,Compact,2021,5,71715,Diesel,South,Engine,61,Warning,Overheating,7/15/2023,Preventive,854.83,3,Center Gamma,Healthy
CAR-1028,City,2019,7,122491,Diesel,Central,Battery,46,Warning,Battery Failure,8/24/2025,Preventive,233.87,1,Center Epsilon,Healthy
CAR-1228,Premium Sedan,2023,3,51875,Petrol,West,Headlight,68,Warning,Lighting Failure,11/20/2023,Corrective,199.06,14,Center Beta,Healthy
CAR-1325,Sedan,2019,7,80768,Petrol,North,Headlight,41,Critical,Lighting Failure,7/12/2023,Corrective,167.59,7,Center Gamma,Needs Inspection
CAR-1261,Compact,2021,5,47976,Petrol,Central,Transmission,61,Warning,Transmission Fault,3/9/2025,Preventive,836.42,1,Center Gamma,Healthy
CAR-1400,Premium Sedan,2019,7,58207,Petrol,South,Headlight,22,Critical,Lighting Failure,10/26/2025,Corrective,153.88,9,Center Delta,Needs Inspection
CAR-1148,Premium Sedan,2020,6,60725,Petrol,South,Tyre,79,Healthy,No Failure,8/16/2023,Preventive,120.44,1,Center Alpha,Healthy
CAR-1148,Premium Sedan,2020,6,54677,Petrol,South,Cooling System,27,Critical,Overheating,1/22/2024,Corrective,474.3,22,Center Alpha,Needs Inspection
CAR-1274,Premium Sedan,2021,5,72267,Petrol,Central,Cooling System,12,Critical,Overheating,8/11/2024,Emergency,869.63,33,Center Gamma,Under Maintenance
CAR-1376,Compact,2021,5,97152,Diesel,Central,Battery,48,Warning,Battery Failure,12/3/2024,Preventive,220.9,3,Center Delta,Healthy
CAR-1155,Hatchback,2021,5,50330,Electric,Central,Tyre,73,Warning,Tyre Damage,12/29/2023,Preventive,159.01,2,Center Delta,Healthy
CAR-1453,Premium Sedan,2022,4,55038,Petrol,East,Battery,66,Warning,Battery Failure,11/17/2023,Preventive,198.49,1,Center Beta,Healthy
CAR-1021,City,2024,2,24607,Diesel,Central,Brake,63,Warning,Brake Wear,1/8/2025,Preventive,265.56,2,Center Beta,Healthy
CAR-1192,Crossover,2022,4,57233,Petrol,North,Engine,59,Warning,Wear,11/10/2023,Corrective,1379.76,18,Center Alpha,Healthy
CAR-1127,Sedan,2022,4,56614,Diesel,West,Battery,90,Healthy,No Failure,7/17/2023,Preventive,164.41,2,Center Gamma,Healthy
CAR-1055,Hatchback,2018,8,115508,Diesel,South,Cooling System,16,Critical,Overheating,3/12/2023,Emergency,857.14,64,Center Beta,Under Maintenance
CAR-1081,Crossover,2018,8,147576,Diesel,West,Engine,11,Critical,Mechanical Failure,10/17/2023,Emergency,1734.98,33,Center Alpha,Under Maintenance
CAR-1466,City,2018,8,94036,Petrol,North,Transmission,14,Critical,Transmission Fault,2/28/2025,Emergency,2651.39,35,Center Delta,Under Maintenance
CAR-1081,Crossover,2018,8,139157,Diesel,West,Battery,34,Critical,Battery Failure,10/25/2024,Corrective,350.01,16,Center Beta,Needs Inspection
CAR-1193,Hatchback,2021,5,47070,Petrol,North,Cooling System,69,Warning,Overheating,4/28/2025,Corrective,388.23,15,Center Beta,Healthy
CAR-1053,City,2020,6,53834,Hybrid,East,Battery,66,Warning,Battery Failure,3/1/2024,Corrective,271.23,11,Center Beta,Healthy
CAR-1370,Hatchback,2020,6,69935,Petrol,West,Brake,61,Warning,Brake Wear,8/24/2025,Preventive,238.07,1,Center Delta,Healthy
CAR-1090,Compact,2023,3,22959,Diesel,South,Transmission,66,Warning,Transmission Fault,5/30/2023,Preventive,872.66,2,Center Beta,Healthy
CAR-1203,Crossover,2022,4,30790,Hybrid,South,Engine,61,Warning,Mechanical Failure,2/22/2025,Corrective,1179.93,14,Center Alpha,Healthy
CAR-1370,Hatchback,2020,6,53294,Petrol,West,Transmission,59,Warning,Transmission Fault,3/8/2025,Corrective,1164.45,15,Center Delta,Healthy
CAR-1187,City,2021,5,41911,Petrol,North,Headlight,58,Warning,Lighting Failure,2/3/2025,Preventive,88.05,2,Center Gamma,Healthy
CAR-1343,Hatchback,2022,4,57643,Hybrid,North,Engine,67,Warning,Wear,11/30/2024,Corrective,1660.52,18,Center Gamma,Healthy
CAR-1440,Hatchback,2024,2,36840,Petrol,North,Engine,65,Warning,Overheating,9/13/2025,Corrective,1135.49,23,Center Alpha,Healthy
CAR-1389,City,2023,3,50393,Petrol,South,Tyre,73,Warning,Tyre Damage,12/21/2025,Corrective,199.74,23,Center Epsilon,Healthy
CAR-1441,Premium Sedan,2024,2,21429,Petrol,East,Battery,75,Healthy,No Failure,11/17/2025,Preventive,223.32,1,Center Delta,Healthy
CAR-1445,Hatchback,2021,5,65708,Diesel,West,Tyre,73,Warning,Tyre Damage,2/7/2025,Corrective,310.71,6,Center Epsilon,Healthy
CAR-1064,City,2018,8,150123,Diesel,North,Battery,10,Critical,Battery Failure,4/20/2023,Emergency,535.13,68,Center Alpha,Under Maintenance
CAR-1353,Crossover,2018,8,146805,Petrol,East,Engine,23,Critical,Mechanical Failure,6/27/2025,Corrective,1662.84,9,Center Gamma,Needs Inspection
CAR-1283,Sedan,2018,8,110034,Hybrid,West,Brake,21,Critical,Brake Wear,6/3/2024,Emergency,755.66,69,Center Epsilon,Under Maintenance
CAR-1204,City,2022,4,55588,Diesel,North,Engine,67,Warning,Wear,6/8/2025,Corrective,1059.02,15,Center Alpha,Healthy
CAR-1386,Compact,2024,2,36728,Hybrid,South,Cooling System,73,Warning,Overheating,12/16/2023,Corrective,568.85,19,Center Beta,Healthy
CAR-1031,Compact,2018,8,144719,Diesel,West,Suspension,30,Critical,Suspension Failure,5/27/2023,Corrective,760.15,22,Center Gamma,Needs Inspection
CAR-1138,Sedan,2024,2,33034,Electric,East,Headlight,78,Healthy,No Failure,4/21/2025,Preventive,125.74,1,Center Beta,Healthy
CAR-1153,Hatchback,2019,7,82973,Diesel,North,Battery,24,Critical,Battery Failure,5/25/2023,Emergency,376.14,30,Center Gamma,Under Maintenance
CAR-1178,Crossover,2018,8,88030,Diesel,East,Tyre,10,Critical,Tyre Damage,10/27/2024,Emergency,486.01,51,Center Alpha,Under Maintenance
CAR-1018,Compact,2022,4,66057,Diesel,North,Battery,71,Warning,Battery Failure,11/11/2024,Preventive,171.58,1,Center Epsilon,Healthy
CAR-1286,Sedan,2021,5,54152,Electric,East,Battery,48,Warning,Battery Failure,8/7/2025,Preventive,187.05,1,Center Beta,Healthy
CAR-1155,Hatchback,2021,5,78164,Electric,Central,Engine,54,Warning,Wear,7/1/2025,Preventive,1014.66,1,Center Gamma,Healthy
CAR-1449,Crossover,2020,6,108124,Diesel,Central,Headlight,28,Critical,Lighting Failure,11/20/2025,Emergency,247.95,44,Center Beta,Under Maintenance
CAR-1103,City,2023,3,55020,Electric,East,Battery,47,Warning,Battery Failure,5/3/2025,Preventive,147.4,2,Center Alpha,Healthy
CAR-1227,Hatchback,2022,4,62878,Petrol,South,Tyre,56,Warning,Tyre Damage,10/18/2023,Corrective,200.36,7,Center Epsilon,Healthy
CAR-1174,Sedan,2022,4,55379,Petrol,West,Tyre,68,Warning,Tyre Damage,8/1/2023,Corrective,304.13,6,Center Delta,Healthy
CAR-1339,Crossover,2020,6,89885,Electric,Central,Brake,57,Warning,Brake Wear,3/26/2025,Corrective,396.45,11,Center Beta,Healthy
CAR-1101,City,2018,8,137484,Electric,West,Brake,12,Critical,Brake Wear,12/17/2024,Emergency,619.6,58,Center Beta,Under Maintenance
CAR-1200,City,2024,2,28558,Petrol,South,Engine,81,Healthy,No Failure,6/1/2023,Preventive,668.96,1,Center Epsilon,Healthy
CAR-1445,Hatchback,2021,5,64781,Diesel,West,Transmission,63,Warning,Transmission Fault,12/18/2025,Preventive,930.66,3,Center Epsilon,Healthy
CAR-1176,Premium Sedan,2020,6,56617,Electric,Central,Headlight,54,Warning,Lighting Failure,4/29/2025,Corrective,159.98,23,Center Delta,Healthy
CAR-1278,City,2021,5,89366,Electric,Central,Tyre,44,Critical,Tyre Damage,9/6/2023,Corrective,264.2,7,Center Delta,Needs Inspection
CAR-1074,Crossover,2018,8,111125,Petrol,South,Cooling System,62,Warning,Overheating,11/9/2025,Corrective,393.32,9,Center Alpha,Healthy
CAR-1327,Crossover,2020,6,82324,Petrol,South,Cooling System,63,Warning,Overheating,11/6/2023,Corrective,467.7,18,Center Delta,Healthy
CAR-1209,Compact,2021,5,84367,Hybrid,Central,Suspension,46,Warning,Suspension Failure,8/28/2025,Corrective,661.08,17,Center Alpha,Healthy
CAR-1132,Crossover,2020,6,70172,Petrol,East,Tyre,67,Warning,Tyre Damage,11/25/2023,Preventive,170.69,1,Center Beta,Healthy
CAR-1040,City,2018,8,87702,Hybrid,Central,Tyre,31,Critical,Tyre Damage,12/11/2025,Emergency,345.25,22,Center Alpha,Needs Inspection
CAR-1037,Sedan,2021,5,61287,Petrol,East,Battery,66,Warning,Battery Failure,7/15/2023,Corrective,241.39,19,Center Alpha,Healthy
CAR-1151,Hatchback,2020,6,90147,Diesel,West,Cooling System,57,Warning,Overheating,2/6/2024,Preventive,335.42,2,Center Delta,Healthy
CAR-1495,Premium Sedan,2022,4,57564,Petrol,East,Transmission,89,Healthy,No Failure,9/19/2024,Preventive,787.77,3,Center Alpha,Healthy
CAR-1013,Hatchback,2019,7,118536,Petrol,West,Tyre,14,Critical,Tyre Damage,6/4/2024,Emergency,398.86,68,Center Beta,Under Maintenance
CAR-1143,Hatchback,2024,2,29369,Electric,Central,Battery,82,Healthy,No Failure,9/14/2024,Preventive,204.94,3,Center Gamma,Healthy
CAR-1071,Crossover,2020,6,61149,Diesel,East,Battery,65,Warning,Battery Failure,1/8/2024,Preventive,182.92,2,Center Beta,Healthy
CAR-1092,Compact,2021,5,50235,Petrol,South,Brake,75,Healthy,No Failure,12/19/2024,Preventive,292.29,2,Center Epsilon,Healthy
CAR-1193,Hatchback,2021,5,43441,Petrol,North,Engine,96,Healthy,No Failure,11/4/2025,Preventive,901.6,2,Center Beta,Healthy
CAR-1296,Crossover,2020,6,73890,Electric,South,Headlight,40,Critical,Lighting Failure,1/12/2025,Emergency,274.06,63,Center Alpha,Under Maintenance
CAR-1069,Crossover,2019,7,90361,Petrol,Central,Headlight,47,Warning,Lighting Failure,12/17/2025,Corrective,143.3,11,Center Alpha,Healthy
CAR-1265,City,2021,5,77012,Electric,West,Headlight,41,Critical,Lighting Failure,4/11/2023,Corrective,183.07,8,Center Delta,Needs Inspection
CAR-1323,Premium Sedan,2022,4,48824,Petrol,East,Engine,78,Healthy,No Failure,4/19/2023,Preventive,920.4,1,Center Epsilon,Healthy
CAR-1167,Premium Sedan,2018,8,110501,Diesel,North,Cooling System,23,Critical,Overheating,5/24/2025,Corrective,450.75,11,Center Beta,Needs Inspection
CAR-1326,Crossover,2018,8,95303,Electric,West,Suspension,10,Critical,Suspension Failure,11/9/2023,Corrective,751.12,19,Center Epsilon,Needs Inspection
CAR-1264,Premium Sedan,2021,5,73886,Diesel,East,Engine,44,Critical,Wear,12/31/2023,Emergency,2353.81,29,Center Epsilon,Under Maintenance
CAR-1352,Premium Sedan,2023,3,45031,Diesel,North,Engine,85,Healthy,No Failure,7/11/2023,Preventive,1024.95,3,Center Gamma,Healthy
CAR-1106,Sedan,2023,3,45501,Electric,East,Transmission,87,Healthy,No Failure,10/11/2025,Preventive,751.55,3,Center Gamma,Healthy
CAR-1072,Compact,2022,4,44910,Electric,South,Brake,55,Warning,Brake Wear,1/13/2023,Preventive,294.53,1,Center Gamma,Healthy
CAR-1075,Hatchback,2022,4,73042,Diesel,West,Cooling System,48,Warning,Overheating,12/22/2023,Corrective,540.62,14,Center Beta,Healthy
CAR-1412,Compact,2021,5,71755,Hybrid,South,Tyre,51,Warning,Tyre Damage,9/17/2025,Corrective,284.55,10,Center Gamma,Healthy
CAR-1110,Sedan,2018,8,90856,Diesel,South,Battery,49,Warning,Battery Failure,11/7/2024,Corrective,358.07,10,Center Gamma,Healthy
CAR-1270,Sedan,2019,7,127886,Hybrid,Central,Headlight,41,Critical,Lighting Failure,3/8/2025,Emergency,216.94,45,Center Epsilon,Under Maintenance
CAR-1374,Compact,2018,8,111150,Hybrid,East,Transmission,40,Critical,Transmission Fault,1/6/2023,Emergency,2781.18,21,Center Alpha,Needs Inspection
CAR-1355,Crossover,2022,4,50858,Electric,Central,Engine,65,Warning,Mechanical Failure,11/2/2025,Preventive,859.45,3,Center Gamma,Healthy
CAR-1379,Sedan,2023,3,27861,Hybrid,North,Cooling System,76,Healthy,No Failure,6/26/2024,Preventive,306.36,1,Center Delta,Healthy
CAR-1059,Premium Sedan,2019,7,109429,Diesel,Central,Cooling System,35,Critical,Overheating,4/11/2025,Emergency,762.77,62,Center Delta,Under Maintenance
CAR-1113,Hatchback,2022,4,47045,Diesel,North,Engine,100,Healthy,No Failure,1/16/2025,Preventive,707.65,1,Center Beta,Healthy
CAR-1365,Hatchback,2019,7,95815,Diesel,West,Tyre,16,Critical,Tyre Damage,6/16/2024,Corrective,309.86,23,Center Epsilon,Needs Inspection
CAR-1264,Premium Sedan,2021,5,79156,Diesel,East,Battery,46,Warning,Battery Failure,3/14/2025,Corrective,281.52,11,Center Beta,Healthy
CAR-1063,Crossover,2020,6,61469,Diesel,East,Engine,37,Critical,Overheating,2/7/2023,Emergency,2363.6,71,Center Alpha,Under Maintenance
CAR-1409,Premium Sedan,2023,3,54588,Petrol,North,Brake,74,Warning,Brake Wear,9/25/2023,Corrective,509.97,15,Center Epsilon,Healthy
CAR-1215,Sedan,2018,8,104696,Electric,South,Engine,36,Critical,Overheating,2/17/2024,Emergency,2495.79,53,Center Beta,Under Maintenance
CAR-1001,Hatchback,2023,3,28141,Petrol,North,Tyre,87,Healthy,No Failure,10/4/2024,Preventive,123.04,3,Center Gamma,Healthy
CAR-1056,Compact,2019,7,65177,Hybrid,West,Engine,45,Warning,Mechanical Failure,3/2/2025,Corrective,1192.97,6,Center Epsilon,Healthy
CAR-1191,City,2020,6,70551,Petrol,East,Tyre,29,Critical,Tyre Damage,3/15/2023,Emergency,312.75,28,Center Epsilon,Under Maintenance
CAR-1185,Premium Sedan,2022,4,50890,Hybrid,Central,Engine,100,Healthy,No Failure,8/25/2023,Preventive,870.46,2,Center Gamma,Healthy
CAR-1180,City,2021,5,65297,Petrol,North,Headlight,58,Warning,Lighting Failure,7/14/2025,Corrective,155.98,13,Center Gamma,Healthy
CAR-1360,City,2018,8,78645,Petrol,West,Suspension,24,Critical,Suspension Failure,10/5/2024,Emergency,1213.13,52,Center Epsilon,Under Maintenance
CAR-1409,Premium Sedan,2023,3,34691,Petrol,North,Suspension,84,Healthy,No Failure,10/29/2024,Preventive,518.85,1,Center Alpha,Healthy
CAR-1427,Crossover,2022,4,75081,Petrol,North,Tyre,46,Warning,Tyre Damage,4/8/2024,Preventive,156.99,2,Center Gamma,Healthy
CAR-1001,Hatchback,2023,3,52958,Petrol,North,Battery,44,Critical,Battery Failure,10/14/2024,Corrective,253.96,12,Center Gamma,Needs Inspection
CAR-1006,Sedan,2019,7,60354,Petrol,South,Tyre,42,Critical,Tyre Damage,8/30/2023,Corrective,310.45,16,Center Gamma,Needs Inspection
CAR-1030,Sedan,2021,5,64037,Diesel,East,Headlight,49,Warning,Lighting Failure,2/16/2023,Corrective,129.98,20,Center Delta,Healthy
CAR-1436,Premium Sedan,2020,6,67651,Diesel,Central,Engine,28,Critical,Wear,8/29/2024,Emergency,1849.9,21,Center Delta,Needs Inspection
CAR-1022,Premium Sedan,2019,7,60960,Petrol,East,Tyre,57,Warning,Tyre Damage,7/23/2025,Corrective,231.93,7,Center Beta,Healthy
CAR-1451,City,2022,4,32243,Hybrid,East,Brake,100,Healthy,No Failure,12/26/2025,Preventive,238.1,3,Center Epsilon,Healthy
CAR-1112,Sedan,2021,5,39132,Petrol,West,Brake,47,Warning,Brake Wear,8/13/2024,Corrective,349.7,15,Center Alpha,Healthy
CAR-1107,Sedan,2022,4,45769,Electric,South,Suspension,65,Warning,Suspension Failure,5/15/2024,Corrective,679.04,14,Center Beta,Healthy
CAR-1478,Sedan,2018,8,107770,Diesel,South,Brake,28,Critical,Brake Wear,5/2/2025,Emergency,798.64,59,Center Alpha,Under Maintenance
CAR-1150,Hatchback,2022,4,72088,Diesel,East,Cooling System,82,Healthy,No Failure,10/21/2023,Preventive,269.27,3,Center Gamma,Healthy
CAR-1488,Hatchback,2022,4,51670,Diesel,Central,Battery,71,Warning,Battery Failure,9/24/2025,Preventive,225.13,2,Center Alpha,Healthy
CAR-1395,Compact,2021,5,65272,Diesel,South,Brake,74,Warning,Brake Wear,3/21/2023,Preventive,302.24,1,Center Alpha,Healthy
CAR-1111,City,2021,5,46180,Hybrid,Central,Cooling System,66,Warning,Overheating,4/11/2024,Preventive,254.26,1,Center Epsilon,Healthy
CAR-1479,Premium Sedan,2019,7,80447,Petrol,South,Cooling System,28,Critical,Overheating,12/3/2024,Emergency,931.41,68,Center Epsilon,Under Maintenance
CAR-1188,Sedan,2023,3,45847,Petrol,West,Battery,79,Healthy,No Failure,3/31/2024,Preventive,189.33,3,Center Delta,Healthy
CAR-1131,Hatchback,2021,5,42657,Diesel,Central,Engine,45,Warning,Mechanical Failure,7/19/2024,Corrective,1629.68,13,Center Beta,Healthy
CAR-1160,Compact,2018,8,133183,Diesel,Central,Cooling System,27,Critical,Overheating,4/20/2025,Emergency,706.97,30,Center Gamma,Under Maintenance
CAR-1114,Compact,2018,8,148424,Diesel,East,Suspension,10,Critical,Suspension Failure,4/25/2024,Emergency,1423.74,60,Center Beta,Under Maintenance
CAR-1407,Crossover,2021,5,40195,Diesel,Central,Battery,83,Healthy,No Failure,3/26/2023,Preventive,157.38,2,Center Delta,Healthy
CAR-1071,Crossover,2020,6,108242,Diesel,East,Tyre,34,Critical,Tyre Damage,5/4/2024,Corrective,199.35,16,Center Epsilon,Needs Inspection
CAR-1325,Sedan,2019,7,78115,Petrol,North,Battery,48,Warning,Battery Failure,9/21/2023,Preventive,195.54,2,Center Alpha,Healthy
CAR-1222,City,2021,5,51440,Diesel,East,Brake,71,Warning,Brake Wear,11/26/2025,Preventive,271.7,3,Center Alpha,Healthy
CAR-1030,Sedan,2021,5,91439,Diesel,East,Tyre,41,Critical,Tyre Damage,6/28/2024,Emergency,317.64,69,Center Beta,Under Maintenance
CAR-1079,Compact,2019,7,77232,Petrol,West,Engine,57,Warning,Overheating,5/10/2024,Corrective,1610.65,18,Center Gamma,Healthy
CAR-1148,Premium Sedan,2020,6,86910,Petrol,South,Suspension,45,Warning,Suspension Failure,11/22/2025,Preventive,409.97,3,Center Alpha,Healthy
CAR-1203,Crossover,2022,4,70228,Hybrid,South,Transmission,88,Healthy,No Failure,12/5/2023,Preventive,1122.64,1,Center Epsilon,Healthy
CAR-1135,Hatchback,2022,4,38777,Electric,North,Headlight,85,Healthy,No Failure,9/14/2024,Preventive,88.83,2,Center Beta,Healthy
CAR-1380,Crossover,2020,6,62254,Electric,North,Battery,36,Critical,Battery Failure,1/16/2025,Emergency,435.7,29,Center Epsilon,Under Maintenance
CAR-1318,Hatchback,2018,8,87445,Petrol,Central,Tyre,40,Critical,Tyre Damage,11/26/2024,Corrective,303.15,23,Center Epsilon,Needs Inspection
CAR-1267,Compact,2019,7,103122,Hybrid,East,Suspension,32,Critical,Suspension Failure,5/3/2024,Emergency,1265.97,66,Center Beta,Under Maintenance
CAR-1433,Hatchback,2023,3,45572,Petrol,North,Tyre,48,Warning,Tyre Damage,8/25/2023,Corrective,272.08,6,Center Epsilon,Healthy
CAR-1406,City,2019,7,71476,Diesel,Central,Tyre,62,Warning,Tyre Damage,11/13/2023,Preventive,152.87,1,Center Alpha,Healthy
CAR-1214,City,2024,2,25070,Petrol,South,Battery,72,Warning,Battery Failure,12/18/2025,Preventive,150.59,3,Center Alpha,Healthy
CAR-1464,Compact,2022,4,58704,Hybrid,North,Transmission,66,Warning,Transmission Fault,3/10/2023,Preventive,1102.47,3,Center Alpha,Healthy
CAR-1029,Sedan,2020,6,90675,Electric,North,Transmission,41,Critical,Transmission Fault,3/2/2024,Emergency,1996.44,35,Center Beta,Under Maintenance
CAR-1375,City,2023,3,35770,Electric,Central,Headlight,93,Healthy,No Failure,2/7/2025,Preventive,106.14,1,Center Gamma,Healthy
CAR-1066,Compact,2021,5,51145,Petrol,North,Brake,62,Warning,Brake Wear,11/26/2023,Preventive,221.17,2,Center Delta,Healthy
CAR-1376,Compact,2021,5,65684,Diesel,Central,Brake,83,Healthy,No Failure,9/18/2024,Preventive,317,3,Center Epsilon,Healthy
CAR-1089,Hatchback,2024,2,32057,Diesel,North,Battery,72,Warning,Battery Failure,12/5/2023,Preventive,194.44,3,Center Delta,Healthy
CAR-1477,Hatchback,2020,6,70748,Electric,Central,Battery,56,Warning,Battery Failure,6/14/2023,Corrective,270.64,16,Center Gamma,Healthy
CAR-1069,Crossover,2019,7,108776,Petrol,Central,Tyre,36,Critical,Tyre Damage,9/15/2025,Emergency,301,58,Center Beta,Under Maintenance
CAR-1039,Premium Sedan,2018,8,84943,Petrol,North,Tyre,44,Critical,Tyre Damage,6/16/2025,Emergency,386.75,61,Center Epsilon,Under Maintenance
CAR-1468,Crossover,2018,8,97175,Electric,East,Engine,18,Critical,Overheating,3/3/2025,Emergency,2063.39,50,Center Delta,Under Maintenance
CAR-1491,Crossover,2021,5,46757,Petrol,East,Headlight,69,Warning,Lighting Failure,4/20/2024,Preventive,102.29,3,Center Alpha,Healthy
CAR-1169,Premium Sedan,2020,6,61453,Petrol,West,Battery,62,Warning,Battery Failure,12/11/2024,Preventive,179.24,3,Center Alpha,Healthy
CAR-1433,Hatchback,2023,3,44330,Petrol,North,Tyre,54,Warning,Tyre Damage,6/24/2024,Preventive,173.93,2,Center Alpha,Healthy
CAR-1284,City,2018,8,140788,Diesel,South,Tyre,21,Critical,Tyre Damage,10/8/2023,Emergency,385.41,19,Center Delta,Needs Inspection
CAR-1315,Premium Sedan,2022,4,37975,Diesel,Central,Battery,71,Warning,Battery Failure,6/16/2024,Preventive,220.72,2,Center Alpha,Healthy
CAR-1378,Compact,2023,3,46698,Petrol,Central,Battery,100,Healthy,No Failure,3/11/2023,Preventive,209.44,1,Center Alpha,Healthy
CAR-1363,City,2024,2,25732,Electric,East,Engine,70,Warning,Mechanical Failure,3/8/2025,Corrective,1225.74,8,Center Beta,Healthy
CAR-1043,Sedan,2021,5,40732,Petrol,East,Battery,93,Healthy,No Failure,1/31/2023,Preventive,187.31,2,Center Epsilon,Healthy
CAR-1058,Premium Sedan,2019,7,118047,Hybrid,Central,Suspension,12,Critical,Suspension Failure,1/7/2025,Corrective,803.17,23,Center Beta,Needs Inspection
CAR-1053,City,2020,6,89490,Hybrid,East,Cooling System,43,Critical,Overheating,6/18/2025,Emergency,635.65,28,Center Epsilon,Under Maintenance
CAR-1190,Sedan,2024,2,37972,Electric,East,Battery,85,Healthy,No Failure,1/17/2024,Preventive,225.53,3,Center Alpha,Healthy
CAR-1317,Crossover,2024,2,27382,Diesel,West,Engine,100,Healthy,No Failure,1/26/2024,Preventive,885.82,3,Center Epsilon,Healthy
CAR-1163,Crossover,2024,2,31707,Petrol,West,Suspension,79,Healthy,No Failure,11/7/2024,Preventive,537.81,1,Center Beta,Healthy
CAR-1233,Sedan,2022,4,43648,Diesel,East,Suspension,66,Warning,Suspension Failure,11/27/2024,Preventive,363.27,2,Center Delta,Healthy
CAR-1287,Sedan,2022,4,65517,Petrol,North,Tyre,76,Healthy,No Failure,9/17/2024,Preventive,193.83,1,Center Gamma,Healthy
CAR-1134,City,2021,5,79527,Diesel,East,Cooling System,87,Healthy,No Failure,10/24/2025,Preventive,338.07,2,Center Alpha,Healthy
CAR-1243,City,2020,6,64955,Electric,South,Transmission,82,Healthy,No Failure,4/27/2024,Preventive,762.22,2,Center Epsilon,Healthy
CAR-1418,Crossover,2022,4,75546,Diesel,West,Headlight,99,Healthy,No Failure,6/12/2023,Preventive,121.28,1,Center Delta,Healthy
CAR-1172,Crossover,2022,4,64366,Electric,North,Cooling System,52,Warning,Overheating,9/28/2025,Corrective,501.71,10,Center Alpha,Healthy
CAR-1306,Crossover,2022,4,67318,Diesel,North,Transmission,52,Warning,Transmission Fault,8/26/2024,Preventive,851.54,3,Center Gamma,Healthy
CAR-1183,Crossover,2024,2,19404,Petrol,South,Brake,85,Healthy,No Failure,12/13/2024,Preventive,206.16,1,Center Epsilon,Healthy
CAR-1025,Hatchback,2020,6,82666,Petrol,South,Suspension,46,Warning,Suspension Failure,3/22/2023,Corrective,589.52,11,Center Delta,Healthy
CAR-1066,Compact,2021,5,44206,Petrol,North,Transmission,51,Warning,Transmission Fault,10/16/2025,Preventive,1089.81,3,Center Alpha,Healthy
CAR-1438,Premium Sedan,2024,2,21045,Petrol,Central,Cooling System,86,Healthy,No Failure,7/1/2025,Preventive,337.17,1,Center Alpha,Healthy
CAR-1439,Crossover,2018,8,117877,Petrol,Central,Headlight,19,Critical,Lighting Failure,10/20/2024,Emergency,282.94,36,Center Beta,Under Maintenance
CAR-1462,Hatchback,2022,4,70798,Diesel,West,Cooling System,67,Warning,Overheating,5/13/2023,Preventive,387.29,3,Center Epsilon,Healthy
CAR-1157,Sedan,2019,7,82837,Diesel,South,Headlight,66,Warning,Lighting Failure,9/16/2023,Preventive,84.22,1,Center Gamma,Healthy
CAR-1121,City,2024,2,27730,Diesel,South,Engine,84,Healthy,No Failure,5/7/2023,Preventive,932.68,3,Center Epsilon,Healthy
CAR-1220,Crossover,2018,8,81378,Hybrid,East,Tyre,43,Critical,Tyre Damage,3/2/2023,Emergency,390.53,35,Center Epsilon,Under Maintenance
CAR-1094,Premium Sedan,2024,2,36125,Electric,Central,Headlight,97,Healthy,No Failure,5/4/2025,Preventive,128.06,2,Center Alpha,Healthy
CAR-1497,Compact,2024,2,32249,Diesel,Central,Suspension,100,Healthy,No Failure,10/6/2023,Preventive,381.54,3,Center Delta,Healthy
CAR-1303,City,2019,7,102707,Diesel,Central,Engine,51,Warning,Mechanical Failure,6/20/2025,Corrective,1280.99,11,Center Beta,Healthy
CAR-1491,Crossover,2021,5,68622,Petrol,East,Battery,64,Warning,Battery Failure,6/11/2023,Preventive,197.02,2,Center Epsilon,Healthy
CAR-1339,Crossover,2020,6,106972,Electric,Central,Brake,32,Critical,Brake Wear,8/16/2025,Emergency,576.76,23,Center Epsilon,Needs Inspection
CAR-1493,Premium Sedan,2018,8,115417,Hybrid,West,Battery,46,Warning,Battery Failure,3/24/2024,Corrective,307.22,6,Center Beta,Healthy
CAR-1113,Hatchback,2022,4,28906,Diesel,North,Engine,85,Healthy,No Failure,6/9/2025,Preventive,748.56,2,Center Alpha,Healthy
CAR-1082,Premium Sedan,2020,6,100032,Diesel,South,Headlight,51,Warning,Lighting Failure,5/13/2023,Corrective,192.11,13,Center Alpha,Healthy
CAR-1085,Premium Sedan,2021,5,85285,Petrol,North,Suspension,51,Warning,Suspension Failure,7/17/2025,Preventive,461.05,2,Center Beta,Healthy
CAR-1065,Premium Sedan,2024,2,26926,Electric,North,Cooling System,77,Healthy,No Failure,4/26/2025,Preventive,277.49,2,Center Beta,Healthy
CAR-1270,Sedan,2019,7,60562,Hybrid,Central,Tyre,62,Warning,Tyre Damage,3/15/2023,Corrective,245.75,15,Center Delta,Healthy
CAR-1245,Sedan,2018,8,77676,Petrol,West,Tyre,54,Warning,Tyre Damage,9/15/2025,Corrective,309.13,15,Center Gamma,Healthy
CAR-1307,Compact,2024,2,12806,Petrol,East,Transmission,83,Healthy,No Failure,1/16/2025,Preventive,1083.31,3,Center Delta,Healthy
CAR-1155,Hatchback,2021,5,78551,Electric,Central,Tyre,46,Warning,Tyre Damage,10/14/2025,Preventive,167,3,Center Gamma,Healthy
CAR-1041,Sedan,2019,7,117333,Petrol,South,Tyre,47,Warning,Tyre Damage,8/19/2024,Preventive,132.88,2,Center Gamma,Healthy
CAR-1038,Premium Sedan,2020,6,77474,Diesel,Central,Tyre,36,Critical,Tyre Damage,1/28/2024,Corrective,223.48,21,Center Delta,Needs Inspection
CAR-1257,Premium Sedan,2020,6,96602,Petrol,West,Tyre,37,Critical,Tyre Damage,5/18/2023,Emergency,415.45,55,Center Beta,Under Maintenance
CAR-1124,Sedan,2019,7,93198,Diesel,East,Engine,45,Warning,Overheating,4/10/2025,Corrective,1097.24,11,Center Alpha,Healthy
CAR-1186,Hatchback,2021,5,76585,Petrol,North,Battery,54,Warning,Battery Failure,12/18/2025,Corrective,248.57,18,Center Epsilon,Healthy
CAR-1018,Compact,2022,4,39636,Diesel,North,Tyre,98,Healthy,No Failure,2/23/2023,Preventive,156.07,2,Center Gamma,Healthy
CAR-1317,Crossover,2024,2,18860,Diesel,West,Cooling System,84,Healthy,No Failure,10/2/2024,Preventive,284.77,2,Center Alpha,Healthy
CAR-1050,Crossover,2022,4,32927,Petrol,East,Engine,94,Healthy,No Failure,4/3/2025,Preventive,642.72,1,Center Delta,Healthy
CAR-1416,City,2020,6,83208,Diesel,South,Battery,29,Critical,Battery Failure,1/22/2025,Corrective,249.87,18,Center Epsilon,Needs Inspection
CAR-1412,Compact,2021,5,59818,Hybrid,South,Brake,41,Critical,Brake Wear,7/21/2023,Emergency,500.89,68,Center Epsilon,Under Maintenance
CAR-1345,Hatchback,2019,7,120067,Diesel,West,Engine,29,Critical,Mechanical Failure,11/1/2025,Corrective,1510.89,6,Center Alpha,Needs Inspection
CAR-1303,City,2019,7,58390,Diesel,Central,Brake,47,Warning,Brake Wear,7/23/2024,Preventive,236.89,3,Center Epsilon,Healthy
CAR-1437,Hatchback,2020,6,98244,Diesel,North,Battery,28,Critical,Battery Failure,2/1/2025,Emergency,579.48,59,Center Delta,Under Maintenance
CAR-1206,Premium Sedan,2021,5,82431,Hybrid,North,Brake,45,Warning,Brake Wear,2/28/2023,Preventive,213.88,2,Center Epsilon,Healthy
CAR-1445,Hatchback,2021,5,68764,Diesel,West,Engine,72,Warning,Mechanical Failure,10/20/2023,Corrective,1237.09,18,Center Epsilon,Healthy
CAR-1386,Compact,2024,2,35222,Hybrid,South,Transmission,97,Healthy,No Failure,6/8/2025,Preventive,1134.66,3,Center Delta,Healthy
CAR-1419,Hatchback,2022,4,62391,Diesel,East,Cooling System,82,Healthy,No Failure,10/13/2024,Preventive,252.84,1,Center Delta,Healthy
CAR-1210,Sedan,2021,5,70859,Petrol,West,Brake,63,Warning,Brake Wear,11/18/2025,Corrective,483.13,7,Center Beta,Healthy
CAR-1092,Compact,2021,5,78934,Petrol,South,Engine,35,Critical,Mechanical Failure,5/19/2023,Corrective,1486.68,20,Center Epsilon,Needs Inspection
CAR-1203,Crossover,2022,4,76933,Hybrid,South,Engine,64,Warning,Overheating,12/28/2025,Corrective,1467.65,7,Center Epsilon,Healthy
CAR-1252,Premium Sedan,2024,2,20857,Hybrid,West,Cooling System,85,Healthy,No Failure,5/17/2023,Preventive,271.17,1,Center Epsilon,Healthy
CAR-1459,Crossover,2019,7,63600,Diesel,South,Headlight,52,Warning,Lighting Failure,10/14/2024,Corrective,191.49,17,Center Beta,Healthy
CAR-1145,City,2024,2,28901,Electric,North,Battery,88,Healthy,No Failure,1/17/2024,Preventive,221.2,2,Center Alpha,Healthy
CAR-1365,Hatchback,2019,7,81169,Diesel,West,Battery,53,Warning,Battery Failure,2/9/2023,Corrective,331.81,16,Center Epsilon,Healthy
CAR-1397,Compact,2023,3,26917,Petrol,West,Transmission,89,Healthy,No Failure,2/26/2023,Preventive,938.87,2,Center Beta,Healthy
CAR-1106,Sedan,2023,3,23956,Electric,East,Tyre,79,Healthy,No Failure,7/12/2024,Preventive,192.61,3,Center Delta,Healthy
CAR-1071,Crossover,2020,6,101693,Diesel,East,Suspension,44,Critical,Suspension Failure,6/30/2023,Corrective,690.21,11,Center Epsilon,Needs Inspection
CAR-1453,Premium Sedan,2022,4,67000,Petrol,East,Headlight,79,Healthy,No Failure,8/14/2024,Preventive,122.17,2,Center Epsilon,Healthy
CAR-1212,Hatchback,2024,2,20051,Petrol,South,Headlight,82,Healthy,No Failure,9/17/2025,Preventive,83.14,2,Center Alpha,Healthy
CAR-1206,Premium Sedan,2021,5,80431,Hybrid,North,Tyre,69,Warning,Tyre Damage,2/27/2024,Preventive,140.8,2,Center Gamma,Healthy
CAR-1017,Crossover,2018,8,89348,Petrol,Central,Brake,66,Warning,Brake Wear,8/26/2023,Corrective,378.3,14,Center Epsilon,Healthy
CAR-1389,City,2023,3,57743,Petrol,South,Transmission,79,Healthy,No Failure,5/19/2025,Preventive,799.02,1,Center Gamma,Healthy
CAR-1220,Crossover,2018,8,123999,Hybrid,East,Headlight,38,Critical,Lighting Failure,5/14/2024,Emergency,267.3,42,Center Epsilon,Under Maintenance
CAR-1052,Compact,2019,7,126341,Diesel,South,Engine,29,Critical,Overheating,12/31/2024,Emergency,2597.13,59,Center Delta,Under Maintenance
CAR-1089,Hatchback,2024,2,25696,Diesel,North,Transmission,86,Healthy,No Failure,9/26/2024,Preventive,834.14,1,Center Beta,Healthy
CAR-1483,Crossover,2023,3,24136,Petrol,South,Headlight,62,Warning,Lighting Failure,1/11/2023,Preventive,86.52,1,Center Epsilon,Healthy
CAR-1007,Sedan,2023,3,43992,Petrol,West,Battery,67,Warning,Battery Failure,7/10/2024,Corrective,290.01,10,Center Alpha,Healthy
CAR-1347,Premium Sedan,2020,6,109707,Petrol,West,Suspension,38,Critical,Suspension Failure,8/14/2024,Emergency,1383,24,Center Beta,Needs Inspection
CAR-1134,City,2021,5,71401,Diesel,East,Transmission,44,Critical,Transmission Fault,7/5/2024,Emergency,2029.25,58,Center Alpha,Under Maintenance
CAR-1181,City,2018,8,100762,Petrol,Central,Headlight,43,Critical,Lighting Failure,4/25/2023,Corrective,152.71,17,Center Alpha,Needs Inspection
CAR-1299,Sedan,2018,8,74255,Hybrid,South,Tyre,44,Critical,Tyre Damage,9/25/2025,Emergency,315.98,53,Center Epsilon,Under Maintenance
CAR-1469,Crossover,2021,5,38447,Petrol,West,Headlight,65,Warning,Lighting Failure,12/12/2024,Corrective,185.65,19,Center Epsilon,Healthy
CAR-1488,Hatchback,2022,4,47653,Diesel,Central,Battery,63,Warning,Battery Failure,11/4/2024,Corrective,365.56,9,Center Delta,Healthy
CAR-1343,Hatchback,2022,4,65914,Hybrid,North,Tyre,66,Warning,Tyre Damage,1/2/2025,Preventive,141.05,3,Center Gamma,Healthy
CAR-1186,Hatchback,2021,5,53101,Petrol,North,Engine,66,Warning,Wear,11/28/2025,Corrective,1313.34,21,Center Epsilon,Healthy
CAR-1235,Crossover,2022,4,52144,Electric,West,Headlight,65,Warning,Lighting Failure,6/28/2023,Corrective,164.59,21,Center Delta,Healthy
CAR-1061,Hatchback,2023,3,39278,Electric,South,Suspension,74,Warning,Suspension Failure,5/29/2023,Corrective,766.76,13,Center Alpha,Healthy
CAR-1486,Crossover,2020,6,102126,Hybrid,Central,Brake,27,Critical,Brake Wear,11/13/2023,Emergency,669.17,35,Center Delta,Under Maintenance
CAR-1052,Compact,2019,7,115102,Diesel,South,Cooling System,59,Warning,Overheating,7/3/2024,Corrective,542.2,13,Center Delta,Healthy
CAR-1142,Premium Sedan,2019,7,78985,Petrol,South,Tyre,58,Warning,Tyre Damage,1/17/2024,Preventive,188.59,1,Center Alpha,Healthy
CAR-1276,City,2022,4,63219,Diesel,Central,Engine,84,Healthy,No Failure,11/15/2023,Preventive,971.29,1,Center Alpha,Healthy
CAR-1180,City,2021,5,75523,Petrol,North,Tyre,62,Warning,Tyre Damage,8/28/2025,Corrective,302.28,22,Center Alpha,Healthy
CAR-1219,Premium Sedan,2023,3,46157,Diesel,North,Tyre,57,Warning,Tyre Damage,9/11/2024,Corrective,200.38,18,Center Epsilon,Healthy
CAR-1392,Crossover,2020,6,69509,Diesel,Central,Battery,38,Critical,Battery Failure,7/14/2024,Emergency,559.13,29,Center Alpha,Under Maintenance
CAR-1062,Sedan,2019,7,97608,Electric,Central,Transmission,42,Critical,Transmission Fault,12/4/2025,Emergency,1963.16,57,Center Gamma,Under Maintenance
CAR-1300,Crossover,2019,7,121176,Diesel,Central,Brake,52,Warning,Brake Wear,11/19/2025,Preventive,265.07,2,Center Beta,Healthy
CAR-1327,Crossover,2020,6,86098,Petrol,South,Tyre,30,Critical,Tyre Damage,3/31/2025,Emergency,464.53,40,Center Epsilon,Under Maintenance
CAR-1128,Sedan,2020,6,60215,Diesel,West,Headlight,68,Warning,Lighting Failure,11/18/2025,Preventive,129.06,3,Center Epsilon,Healthy
CAR-1252,Premium Sedan,2024,2,32728,Hybrid,West,Brake,87,Healthy,No Failure,8/25/2025,Preventive,243.18,1,Center Gamma,Healthy
CAR-1245,Sedan,2018,8,93436,Petrol,West,Engine,44,Critical,Mechanical Failure,4/19/2024,Corrective,1541.75,20,Center Gamma,Needs Inspection
CAR-1110,Sedan,2018,8,134202,Diesel,South,Tyre,42,Critical,Tyre Damage,10/21/2025,Emergency,393.07,34,Center Delta,Under Maintenance
CAR-1249,Premium Sedan,2018,8,80034,Hybrid,East,Transmission,10,Critical,Transmission Fault,9/10/2023,Emergency,2361.99,24,Center Delta,Needs Inspection
CAR-1447,Premium Sedan,2018,8,109049,Hybrid,South,Cooling System,10,Critical,Overheating,6/5/2024,Corrective,503.51,15,Center Gamma,Needs Inspection
CAR-1165,Hatchback,2022,4,62710,Diesel,East,Suspension,40,Critical,Suspension Failure,6/24/2023,Corrective,598.9,9,Center Delta,Needs Inspection
CAR-1310,Sedan,2018,8,67266,Petrol,South,Engine,32,Critical,Overheating,11/29/2023,Emergency,1743.83,18,Center Gamma,Needs Inspection
CAR-1394,Compact,2023,3,34418,Diesel,East,Tyre,70,Warning,Tyre Damage,4/11/2023,Corrective,229.88,7,Center Beta,Healthy
CAR-1352,Premium Sedan,2023,3,38746,Diesel,North,Transmission,58,Warning,Transmission Fault,4/25/2024,Preventive,1002.38,3,Center Delta,Healthy
CAR-1164,City,2023,3,48118,Petrol,South,Cooling System,36,Critical,Overheating,12/30/2023,Emergency,680.49,52,Center Delta,Under Maintenance
CAR-1481,Sedan,2024,2,30489,Diesel,Central,Tyre,100,Healthy,No Failure,4/28/2025,Preventive,186.25,2,Center Epsilon,Healthy
CAR-1385,Compact,2024,2,17567,Hybrid,Central,Tyre,89,Healthy,No Failure,5/1/2023,Preventive,184.93,3,Center Alpha,Healthy
CAR-1243,City,2020,6,64649,Electric,South,Tyre,59,Warning,Tyre Damage,8/12/2024,Corrective,309.29,11,Center Delta,Healthy
CAR-1129,City,2021,5,67303,Petrol,Central,Brake,51,Warning,Brake Wear,4/4/2024,Corrective,403.75,13,Center Alpha,Healthy
CAR-1307,Compact,2024,2,27706,Petrol,East,Brake,73,Warning,Brake Wear,9/23/2024,Preventive,319.73,3,Center Alpha,Healthy
CAR-1469,Crossover,2021,5,76361,Petrol,West,Engine,43,Critical,Overheating,10/23/2024,Emergency,2498.64,26,Center Epsilon,Under Maintenance
CAR-1256,Sedan,2023,3,38753,Diesel,East,Brake,66,Warning,Brake Wear,8/7/2024,Corrective,460.96,12,Center Delta,Healthy
CAR-1446,Compact,2021,5,49468,Petrol,East,Battery,63,Warning,Battery Failure,3/1/2025,Preventive,183.23,2,Center Epsilon,Healthy
CAR-1105,Premium Sedan,2018,8,93852,Electric,East,Engine,40,Critical,Overheating,9/23/2024,Emergency,1956.39,35,Center Beta,Under Maintenance
CAR-1467,Compact,2022,4,41660,Diesel,North,Engine,68,Warning,Overheating,1/9/2024,Corrective,1240.96,8,Center Delta,Healthy
CAR-1013,Hatchback,2019,7,68220,Petrol,West,Engine,45,Warning,Mechanical Failure,10/9/2025,Corrective,1245.61,17,Center Delta,Healthy
CAR-1006,Sedan,2019,7,63616,Petrol,South,Tyre,46,Warning,Tyre Damage,12/13/2025,Preventive,194.46,1,Center Beta,Healthy
CAR-1335,Sedan,2022,4,70079,Petrol,East,Battery,38,Critical,Battery Failure,11/14/2023,Emergency,452.41,56,Center Beta,Under Maintenance
CAR-1382,Crossover,2018,8,105062,Electric,West,Battery,22,Critical,Battery Failure,4/22/2024,Emergency,536.25,37,Center Epsilon,Under Maintenance
CAR-1024,Crossover,2021,5,54422,Diesel,East,Transmission,64,Warning,Transmission Fault,11/2/2025,Corrective,1184.31,22,Center Alpha,Healthy
CAR-1264,Premium Sedan,2021,5,77600,Diesel,East,Battery,62,Warning,Battery Failure,8/24/2025,Preventive,195.69,2,Center Gamma,Healthy
CAR-1249,Premium Sedan,2018,8,102951,Hybrid,East,Transmission,42,Critical,Transmission Fault,6/6/2023,Emergency,2025.93,42,Center Beta,Under Maintenance
CAR-1418,Crossover,2022,4,40636,Diesel,West,Battery,82,Healthy,No Failure,7/24/2024,Preventive,152.86,3,Center Gamma,Healthy
CAR-1314,City,2020,6,84330,Electric,Central,Engine,16,Critical,Mechanical Failure,11/16/2023,Corrective,1298.46,13,Center Delta,Needs Inspection
CAR-1477,Hatchback,2020,6,102296,Electric,Central,Headlight,51,Warning,Lighting Failure,4/25/2025,Corrective,128.78,8,Center Alpha,Healthy
CAR-1086,City,2019,7,72954,Petrol,West,Battery,40,Critical,Battery Failure,3/19/2023,Corrective,282.75,15,Center Epsilon,Needs Inspection
CAR-1135,Hatchback,2022,4,75261,Electric,North,Headlight,44,Critical,Lighting Failure,1/15/2025,Emergency,297.12,65,Center Alpha,Under Maintenance
CAR-1216,City,2020,6,53055,Petrol,South,Brake,50,Warning,Brake Wear,7/27/2025,Corrective,487.84,17,Center Alpha,Healthy
CAR-1249,Premium Sedan,2018,8,129973,Hybrid,East,Engine,29,Critical,Mechanical Failure,7/28/2024,Emergency,1993.72,30,Center Beta,Under Maintenance
CAR-1253,Sedan,2018,8,72759,Electric,Central,Engine,28,Critical,Overheating,12/9/2023,Emergency,1714.55,34,Center Epsilon,Under Maintenance
CAR-1438,Premium Sedan,2024,2,39601,Petrol,Central,Cooling System,100,Healthy,No Failure,9/19/2025,Preventive,388.06,2,Center Epsilon,Healthy
CAR-1342,City,2022,4,48033,Diesel,North,Tyre,84,Healthy,No Failure,5/4/2025,Preventive,183.86,2,Center Delta,Healthy
CAR-1014,Compact,2019,7,92356,Petrol,Central,Tyre,20,Critical,Tyre Damage,9/7/2025,Corrective,258.82,17,Center Alpha,Needs Inspection
CAR-1246,Crossover,2019,7,108390,Petrol,Central,Tyre,64,Warning,Tyre Damage,5/6/2024,Corrective,239.28,10,Center Delta,Healthy
CAR-1251,Sedan,2024,2,32494,Electric,East,Suspension,89,Healthy,No Failure,8/5/2023,Preventive,434.88,3,Center Beta,Healthy
CAR-1010,Premium Sedan,2019,7,75635,Electric,South,Tyre,24,Critical,Tyre Damage,2/22/2025,Corrective,232.85,14,Center Delta,Needs Inspection
CAR-1436,Premium Sedan,2020,6,92560,Diesel,Central,Tyre,53,Warning,Tyre Damage,4/4/2024,Corrective,197.68,6,Center Epsilon,Healthy
CAR-1368,City,2023,3,47726,Petrol,North,Suspension,52,Warning,Suspension Failure,12/18/2024,Corrective,755.33,16,Center Alpha,Healthy
CAR-1056,Compact,2019,7,122564,Hybrid,West,Engine,15,Critical,Overheating,10/11/2024,Emergency,2198.64,33,Center Gamma,Under Maintenance
CAR-1402,City,2024,2,27959,Electric,West,Tyre,85,Healthy,No Failure,12/21/2025,Preventive,148.65,2,Center Epsilon,Healthy
CAR-1198,Sedan,2019,7,117698,Electric,North,Transmission,10,Critical,Transmission Fault,1/18/2025,Emergency,2737.43,42,Center Beta,Under Maintenance
CAR-1463,City,2023,3,26983,Hybrid,Central,Suspension,75,Healthy,No Failure,9/22/2023,Preventive,455.59,2,Center Gamma,Healthy
CAR-1309,Crossover,2023,3,33322,Diesel,West,Headlight,60,Warning,Lighting Failure,1/23/2025,Corrective,193.53,15,Center Alpha,Healthy
CAR-1244,Premium Sedan,2021,5,76024,Petrol,West,Transmission,64,Warning,Transmission Fault,8/14/2024,Corrective,1736.51,19,Center Beta,Healthy
CAR-1140,Compact,2022,4,37458,Electric,South,Tyre,46,Warning,Tyre Damage,10/25/2024,Corrective,223.95,15,Center Beta,Healthy
CAR-1431,Hatchback,2019,7,70427,Petrol,South,Engine,51,Warning,Overheating,10/1/2025,Corrective,1502.56,13,Center Epsilon,Healthy
CAR-1376,Compact,2021,5,44073,Diesel,Central,Headlight,70,Warning,Lighting Failure,10/19/2024,Preventive,110.61,2,Center Epsilon,Healthy
CAR-1309,Crossover,2023,3,32106,Diesel,West,Cooling System,75,Healthy,No Failure,3/27/2024,Preventive,376.63,3,Center Beta,Healthy
CAR-1119,Premium Sedan,2021,5,52140,Diesel,East,Engine,47,Warning,Mechanical Failure,12/31/2023,Preventive,780.37,3,Center Alpha,Healthy
CAR-1325,Sedan,2019,7,71052,Petrol,North,Transmission,48,Warning,Transmission Fault,5/5/2025,Corrective,1483.94,11,Center Delta,Healthy
CAR-1402,City,2024,2,26225,Electric,West,Battery,93,Healthy,No Failure,6/9/2023,Preventive,179.8,2,Center Alpha,Healthy
CAR-1165,Hatchback,2022,4,47538,Diesel,East,Tyre,91,Healthy,No Failure,5/13/2023,Preventive,191.29,1,Center Delta,Healthy
CAR-1406,City,2019,7,121894,Diesel,Central,Battery,42,Critical,Battery Failure,11/16/2025,Emergency,539.08,43,Center Beta,Under Maintenance
CAR-1359,Premium Sedan,2018,8,79801,Diesel,North,Brake,24,Critical,Brake Wear,9/25/2025,Emergency,519.68,63,Center Alpha,Under Maintenance
CAR-1425,Premium Sedan,2021,5,65176,Diesel,Central,Tyre,86,Healthy,No Failure,7/12/2024,Preventive,132.68,1,Center Epsilon,Healthy
CAR-1216,City,2020,6,92051,Petrol,South,Tyre,48,Warning,Tyre Damage,4/3/2023,Corrective,236.23,23,Center Beta,Healthy
CAR-1464,Compact,2022,4,71380,Hybrid,North,Engine,71,Warning,Mechanical Failure,8/17/2023,Corrective,1043.39,19,Center Delta,Healthy
CAR-1002,Sedan,2023,3,49745,Electric,North,Transmission,69,Warning,Transmission Fault,7/28/2023,Corrective,1445.68,8,Center Beta,Healthy
CAR-1136,Compact,2024,2,33256,Diesel,Central,Engine,81,Healthy,No Failure,2/16/2023,Preventive,1021.57,3,Center Delta,Healthy
CAR-1227,Hatchback,2022,4,50979,Petrol,South,Cooling System,45,Warning,Overheating,11/16/2024,Corrective,513.07,8,Center Alpha,Healthy
CAR-1073,Premium Sedan,2021,5,47132,Electric,North,Tyre,62,Warning,Tyre Damage,5/15/2024,Corrective,249.16,22,Center Beta,Healthy
CAR-1066,Compact,2021,5,86142,Petrol,North,Transmission,63,Warning,Transmission Fault,10/15/2023,Corrective,1198.31,13,Center Gamma,Healthy
CAR-1111,City,2021,5,72185,Hybrid,Central,Transmission,58,Warning,Transmission Fault,12/17/2024,Corrective,1535.55,13,Center Delta,Healthy
CAR-1181,City,2018,8,136882,Petrol,Central,Tyre,18,Critical,Tyre Damage,6/5/2023,Emergency,389.24,24,Center Gamma,Needs Inspection
CAR-1425,Premium Sedan,2021,5,74837,Diesel,Central,Engine,68,Warning,Overheating,5/31/2025,Preventive,690.59,2,Center Epsilon,Healthy
CAR-1341,Premium Sedan,2024,2,21866,Electric,West,Suspension,97,Healthy,No Failure,9/11/2025,Preventive,470.07,2,Center Gamma,Healthy
CAR-1231,Premium Sedan,2022,4,70778,Petrol,West,Battery,60,Warning,Battery Failure,12/26/2023,Preventive,213.37,1,Center Delta,Healthy
CAR-1214,City,2024,2,25790,Petrol,South,Tyre,68,Warning,Tyre Damage,11/21/2023,Corrective,286.36,16,Center Beta,Healthy
CAR-1013,Hatchback,2019,7,78510,Petrol,West,Brake,37,Critical,Brake Wear,5/12/2023,Emergency,619.09,56,Center Delta,Under Maintenance
CAR-1047,Premium Sedan,2024,2,19958,Electric,Central,Engine,83,Healthy,No Failure,12/7/2025,Preventive,1017.17,3,Center Beta,Healthy
CAR-1232,Sedan,2022,4,54176,Diesel,East,Brake,54,Warning,Brake Wear,2/1/2024,Corrective,400.82,9,Center Beta,Healthy
CAR-1416,City,2020,6,56864,Diesel,South,Suspension,56,Warning,Suspension Failure,5/29/2023,Corrective,607.86,6,Center Gamma,Healthy
CAR-1474,Hatchback,2023,3,33284,Petrol,South,Transmission,77,Healthy,No Failure,6/12/2024,Preventive,782.53,1,Center Gamma,Healthy
CAR-1067,Premium Sedan,2019,7,66005,Hybrid,South,Tyre,36,Critical,Tyre Damage,10/28/2025,Emergency,318.74,61,Center Gamma,Under Maintenance
CAR-1428,Crossover,2019,7,121121,Petrol,South,Battery,52,Warning,Battery Failure,8/15/2024,Corrective,319.14,13,Center Gamma,Healthy
CAR-1262,City,2019,7,88604,Diesel,North,Headlight,24,Critical,Lighting Failure,6/19/2025,Emergency,266.26,25,Center Epsilon,Under Maintenance
CAR-1351,Premium Sedan,2018,8,106692,Petrol,West,Brake,10,Critical,Brake Wear,3/18/2024,Emergency,607.45,55,Center Alpha,Under Maintenance
CAR-1136,Compact,2024,2,26472,Diesel,Central,Engine,88,Healthy,No Failure,8/6/2023,Preventive,982.51,1,Center Alpha,Healthy
CAR-1345,Hatchback,2019,7,130141,Diesel,West,Brake,42,Critical,Brake Wear,7/11/2025,Emergency,556.13,57,Center Gamma,Under Maintenance
CAR-1024,Crossover,2021,5,73666,Diesel,East,Battery,100,Healthy,No Failure,4/6/2023,Preventive,216.5,3,Center Delta,Healthy
CAR-1175,Compact,2023,3,46417,Hybrid,Central,Cooling System,80,Healthy,No Failure,10/9/2023,Preventive,251.98,3,Center Delta,Healthy
CAR-1042,Hatchback,2020,6,66193,Petrol,West,Headlight,65,Warning,Lighting Failure,8/24/2025,Preventive,123.96,3,Center Epsilon,Healthy
CAR-1180,City,2021,5,93709,Petrol,North,Transmission,71,Warning,Transmission Fault,9/29/2024,Preventive,1005.2,1,Center Gamma,Healthy
CAR-1437,Hatchback,2020,6,65633,Diesel,North,Brake,36,Critical,Brake Wear,4/14/2024,Emergency,503.45,34,Center Alpha,Under Maintenance
CAR-1404,Hatchback,2020,6,63713,Petrol,Central,Engine,48,Warning,Overheating,9/26/2023,Preventive,663.72,1,Center Gamma,Healthy
CAR-1257,Premium Sedan,2020,6,43695,Petrol,West,Brake,73,Warning,Brake Wear,2/18/2024,Corrective,436.6,13,Center Alpha,Healthy
CAR-1468,Crossover,2018,8,131722,Electric,East,Brake,24,Critical,Brake Wear,3/19/2024,Emergency,518.6,32,Center Gamma,Under Maintenance
CAR-1056,Compact,2019,7,103946,Hybrid,West,Headlight,45,Warning,Lighting Failure,4/22/2023,Corrective,141.17,8,Center Beta,Healthy
CAR-1190,Sedan,2024,2,30017,Electric,East,Tyre,58,Warning,Tyre Damage,6/3/2023,Corrective,197.35,23,Center Beta,Healthy
CAR-1180,City,2021,5,92591,Petrol,North,Tyre,34,Critical,Tyre Damage,1/31/2023,Corrective,295.13,10,Center Epsilon,Needs Inspection
CAR-1218,Compact,2021,5,63848,Petrol,West,Tyre,64,Warning,Tyre Damage,5/7/2025,Corrective,194.36,19,Center Delta,Healthy
CAR-1496,Compact,2021,5,86781,Petrol,Central,Headlight,51,Warning,Lighting Failure,8/13/2025,Preventive,103.25,3,Center Gamma,Healthy
CAR-1207,Premium Sedan,2023,3,36779,Diesel,Central,Cooling System,89,Healthy,No Failure,8/20/2025,Preventive,281.99,1,Center Delta,Healthy
CAR-1265,City,2021,5,89836,Electric,West,Transmission,84,Healthy,No Failure,1/6/2023,Preventive,853.23,3,Center Delta,Healthy
CAR-1253,Sedan,2018,8,90696,Electric,Central,Tyre,38,Critical,Tyre Damage,9/23/2025,Emergency,479.25,29,Center Gamma,Under Maintenance
CAR-1081,Crossover,2018,8,126301,Diesel,West,Headlight,15,Critical,Lighting Failure,5/18/2025,Corrective,176.72,11,Center Delta,Needs Inspection
CAR-1286,Sedan,2021,5,63487,Electric,East,Suspension,25,Critical,Suspension Failure,9/20/2025,Emergency,1006.32,43,Center Alpha,Under Maintenance
CAR-1445,Hatchback,2021,5,49888,Diesel,West,Tyre,50,Warning,Tyre Damage,4/4/2025,Corrective,309.47,9,Center Alpha,Healthy
CAR-1289,Premium Sedan,2022,4,40201,Electric,South,Headlight,49,Warning,Lighting Failure,1/6/2024,Preventive,122.24,2,Center Gamma,Healthy
CAR-1328,Crossover,2024,2,39932,Diesel,East,Engine,59,Warning,Mechanical Failure,4/18/2024,Preventive,827.62,2,Center Beta,Healthy
CAR-1331,Crossover,2024,2,37706,Electric,North,Suspension,85,Healthy,No Failure,12/25/2025,Preventive,436.04,1,Center Epsilon,Healthy
CAR-1092,Compact,2021,5,69336,Petrol,South,Tyre,67,Warning,Tyre Damage,10/22/2024,Corrective,200.67,18,Center Gamma,Healthy
CAR-1235,Crossover,2022,4,69521,Electric,West,Cooling System,86,Healthy,No Failure,4/24/2023,Preventive,314.43,3,Center Alpha,Healthy
CAR-1010,Premium Sedan,2019,7,78771,Electric,South,Battery,29,Critical,Battery Failure,1/8/2025,Emergency,395.48,31,Center Beta,Under Maintenance
CAR-1061,Hatchback,2023,3,27395,Electric,South,Brake,99,Healthy,No Failure,1/27/2023,Preventive,218.06,1,Center Delta,Healthy
CAR-1277,Compact,2018,8,133020,Electric,West,Brake,29,Critical,Brake Wear,1/13/2024,Emergency,582.16,38,Center Epsilon,Under Maintenance
CAR-1317,Crossover,2024,2,28752,Diesel,West,Tyre,73,Warning,Tyre Damage,12/20/2025,Preventive,177.94,1,Center Alpha,Healthy
CAR-1388,City,2022,4,53729,Diesel,East,Engine,56,Warning,Wear,11/16/2025,Corrective,1282.7,14,Center Alpha,Healthy
CAR-1417,Compact,2018,8,111061,Electric,North,Battery,24,Critical,Battery Failure,8/28/2024,Corrective,363.09,13,Center Gamma,Needs Inspection
CAR-1175,Compact,2023,3,41388,Hybrid,Central,Tyre,94,Healthy,No Failure,6/22/2023,Preventive,152.03,1,Center Gamma,Healthy
CAR-1063,Crossover,2020,6,52044,Diesel,East,Battery,62,Warning,Battery Failure,9/5/2025,Corrective,270.08,20,Center Beta,Healthy
CAR-1418,Crossover,2022,4,30507,Diesel,West,Tyre,61,Warning,Tyre Damage,1/29/2023,Preventive,170.42,3,Center Epsilon,Healthy
CAR-1052,Compact,2019,7,97122,Diesel,South,Battery,33,Critical,Battery Failure,2/2/2025,Emergency,486.6,69,Center Beta,Under Maintenance
CAR-1450,Sedan,2020,6,51276,Petrol,North,Engine,75,Healthy,No Failure,8/27/2024,Preventive,659.01,1,Center Gamma,Healthy
CAR-1338,Hatchback,2023,3,33241,Petrol,South,Tyre,64,Warning,Tyre Damage,9/11/2024,Preventive,149.86,2,Center Gamma,Healthy
CAR-1070,Crossover,2022,4,53402,Electric,East,Tyre,69,Warning,Tyre Damage,8/29/2023,Corrective,226.26,11,Center Gamma,Healthy
CAR-1013,Hatchback,2019,7,60946,Petrol,West,Battery,71,Warning,Battery Failure,1/16/2025,Corrective,260.2,22,Center Alpha,Healthy
CAR-1359,Premium Sedan,2018,8,69512,Diesel,North,Battery,75,Healthy,No Failure,2/15/2023,Preventive,226.05,2,Center Delta,Healthy
CAR-1496,Compact,2021,5,45948,Petrol,Central,Brake,65,Warning,Brake Wear,9/7/2024,Preventive,307.46,1,Center Beta,Healthy
CAR-1396,Sedan,2019,7,108403,Petrol,West,Engine,31,Critical,Overheating,2/11/2025,Emergency,1732.64,46,Center Epsilon,Under Maintenance
CAR-1377,Crossover,2022,4,43963,Diesel,East,Brake,71,Warning,Brake Wear,1/3/2023,Corrective,346.18,14,Center Delta,Healthy
CAR-1447,Premium Sedan,2018,8,129860,Hybrid,South,Transmission,48,Warning,Transmission Fault,8/5/2023,Preventive,860.3,2,Center Epsilon,Healthy
CAR-1335,Sedan,2022,4,47513,Petrol,East,Tyre,81,Healthy,No Failure,11/28/2023,Preventive,170.27,2,Center Epsilon,Healthy
CAR-1241,Sedan,2021,5,81096,Diesel,South,Tyre,42,Critical,Tyre Damage,1/9/2023,Corrective,221.13,23,Center Alpha,Needs Inspection
CAR-1436,Premium Sedan,2020,6,106722,Diesel,Central,Engine,50,Warning,Wear,4/24/2024,Corrective,1590.13,9,Center Epsilon,Healthy
CAR-1403,Premium Sedan,2020,6,73534,Electric,South,Tyre,43,Critical,Tyre Damage,7/29/2023,Corrective,273.76,15,Center Delta,Needs Inspection
CAR-1244,Premium Sedan,2021,5,93721,Petrol,West,Engine,60,Warning,Wear,2/19/2023,Preventive,812.66,1,Center Delta,Healthy
CAR-1104,City,2021,5,75798,Electric,North,Engine,61,Warning,Mechanical Failure,10/16/2025,Corrective,1479.7,21,Center Alpha,Healthy
CAR-1260,City,2020,6,103246,Diesel,East,Headlight,63,Warning,Lighting Failure,8/5/2023,Corrective,144,8,Center Delta,Healthy
CAR-1280,Premium Sedan,2023,3,33929,Hybrid,West,Battery,73,Warning,Battery Failure,10/1/2024,Preventive,203.52,1,Center Beta,Healthy
CAR-1164,City,2023,3,46549,Petrol,South,Engine,73,Warning,Overheating,6/12/2025,Preventive,899.46,3,Center Gamma,Healthy
CAR-1156,Sedan,2018,8,145643,Petrol,East,Tyre,32,Critical,Tyre Damage,2/4/2024,Emergency,471.83,20,Center Alpha,Needs Inspection
CAR-1085,Premium Sedan,2021,5,90898,Petrol,North,Headlight,35,Critical,Lighting Failure,3/17/2023,Emergency,251.09,62,Center Delta,Under Maintenance
CAR-1320,Sedan,2020,6,99584,Diesel,West,Engine,68,Warning,Wear,5/26/2025,Corrective,1580.39,14,Center Epsilon,Healthy
CAR-1356,Hatchback,2022,4,36088,Hybrid,West,Brake,74,Warning,Brake Wear,11/26/2025,Corrective,515.67,19,Center Epsilon,Healthy
CAR-1007,Sedan,2023,3,33704,Petrol,West,Engine,78,Healthy,No Failure,12/6/2024,Preventive,745.35,1,Center Delta,Healthy
CAR-1460,City,2021,5,41470,Hybrid,Central,Tyre,38,Critical,Tyre Damage,4/14/2023,Emergency,437.7,49,Center Beta,Under Maintenance
CAR-1101,City,2018,8,84810,Electric,West,Suspension,41,Critical,Suspension Failure,11/30/2023,Corrective,682.53,18,Center Beta,Needs Inspection
CAR-1410,Sedan,2018,8,82209,Diesel,South,Transmission,42,Critical,Transmission Fault,3/18/2023,Corrective,1668.79,18,Center Epsilon,Needs Inspection
CAR-1163,Crossover,2024,2,34742,Petrol,West,Tyre,91,Healthy,No Failure,7/22/2024,Preventive,145.76,3,Center Delta,Healthy
CAR-1143,Hatchback,2024,2,33661,Electric,Central,Battery,78,Healthy,No Failure,9/5/2025,Preventive,225.74,1,Center Alpha,Healthy
CAR-1185,Premium Sedan,2022,4,49518,Hybrid,Central,Tyre,77,Healthy,No Failure,5/8/2025,Preventive,165.37,2,Center Gamma,Healthy
CAR-1015,Premium Sedan,2020,6,62124,Petrol,West,Suspension,49,Warning,Suspension Failure,5/20/2025,Corrective,688.08,16,Center Beta,Healthy
CAR-1150,Hatchback,2022,4,67426,Diesel,East,Tyre,69,Warning,Tyre Damage,9/26/2023,Preventive,181.8,3,Center Delta,Healthy
CAR-1334,Crossover,2018,8,128100,Diesel,Central,Engine,44,Critical,Wear,12/6/2025,Emergency,2169.15,68,Center Beta,Under Maintenance
CAR-1339,Crossover,2020,6,92873,Electric,Central,Tyre,62,Warning,Tyre Damage,12/4/2023,Corrective,287.01,23,Center Alpha,Healthy
CAR-1410,Sedan,2018,8,131561,Diesel,South,Brake,10,Critical,Brake Wear,8/19/2025,Emergency,676.71,56,Center Epsilon,Under Maintenance
CAR-1429,Sedan,2023,3,29141,Petrol,West,Brake,88,Healthy,No Failure,9/8/2025,Preventive,258.76,2,Center Gamma,Healthy
CAR-1451,City,2022,4,48234,Hybrid,East,Battery,75,Healthy,No Failure,11/5/2024,Preventive,225.88,3,Center Alpha,Healthy
CAR-1418,Crossover,2022,4,70625,Diesel,West,Tyre,67,Warning,Tyre Damage,5/13/2025,Corrective,222.03,18,Center Delta,Healthy
CAR-1369,Premium Sedan,2023,3,33298,Hybrid,Central,Transmission,65,Warning,Transmission Fault,11/11/2025,Corrective,1380.29,22,Center Delta,Healthy
CAR-1464,Compact,2022,4,55486,Hybrid,North,Engine,61,Warning,Mechanical Failure,10/17/2023,Preventive,1003.72,1,Center Gamma,Healthy
CAR-1399,Hatchback,2019,7,118940,Petrol,West,Cooling System,25,Critical,Overheating,1/22/2025,Emergency,852.09,18,Center Gamma,Needs Inspection
CAR-1319,Premium Sedan,2023,3,60839,Diesel,North,Headlight,83,Healthy,No Failure,3/22/2023,Preventive,123.34,2,Center Delta,Healthy
CAR-1320,Sedan,2020,6,84017,Diesel,West,Brake,36,Critical,Brake Wear,11/28/2025,Emergency,693.55,30,Center Delta,Under Maintenance
CAR-1306,Crossover,2022,4,40956,Diesel,North,Cooling System,83,Healthy,No Failure,9/12/2024,Preventive,301.48,2,Center Beta,Healthy
CAR-1466,City,2018,8,127100,Petrol,North,Battery,24,Critical,Battery Failure,12/19/2024,Corrective,314.38,10,Center Epsilon,Needs Inspection
CAR-1140,Compact,2022,4,72583,Electric,South,Transmission,74,Warning,Transmission Fault,1/14/2023,Corrective,1733.31,17,Center Delta,Healthy
CAR-1341,Premium Sedan,2024,2,22858,Electric,West,Battery,84,Healthy,No Failure,9/15/2023,Preventive,183.79,1,Center Beta,Healthy
CAR-1335,Sedan,2022,4,40135,Petrol,East,Tyre,71,Warning,Tyre Damage,4/9/2024,Corrective,242.01,19,Center Delta,Healthy
CAR-1287,Sedan,2022,4,48847,Petrol,North,Cooling System,62,Warning,Overheating,2/23/2025,Corrective,475.88,16,Center Alpha,Healthy
CAR-1048,City,2023,3,41777,Petrol,South,Brake,70,Warning,Brake Wear,5/9/2024,Corrective,362.26,14,Center Delta,Healthy
CAR-1022,Premium Sedan,2019,7,72882,Petrol,East,Battery,84,Healthy,No Failure,5/4/2025,Preventive,159.09,1,Center Gamma,Healthy
CAR-1120,Compact,2023,3,36960,Diesel,West,Engine,79,Healthy,No Failure,11/16/2025,Preventive,677.68,3,Center Beta,Healthy
CAR-1352,Premium Sedan,2023,3,37596,Diesel,North,Engine,62,Warning,Wear,5/3/2024,Preventive,974.93,1,Center Delta,Healthy
CAR-1319,Premium Sedan,2023,3,55259,Diesel,North,Battery,58,Warning,Battery Failure,3/25/2023,Preventive,145.3,1,Center Beta,Healthy
CAR-1332,Hatchback,2023,3,36995,Diesel,West,Cooling System,100,Healthy,No Failure,8/13/2025,Preventive,295.52,1,Center Beta,Healthy
CAR-1026,Premium Sedan,2021,5,83006,Diesel,East,Tyre,48,Warning,Tyre Damage,4/13/2024,Preventive,123.98,3,Center Delta,Healthy
CAR-1373,Sedan,2021,5,76965,Electric,North,Headlight,60,Warning,Lighting Failure,7/13/2024,Corrective,172.28,17,Center Gamma,Healthy
CAR-1247,Hatchback,2024,2,30859,Electric,North,Tyre,97,Healthy,No Failure,7/17/2023,Preventive,154.64,1,Center Gamma,Healthy
CAR-1436,Premium Sedan,2020,6,65277,Diesel,Central,Suspension,51,Warning,Suspension Failure,11/28/2025,Corrective,734.28,14,Center Beta,Healthy
CAR-1363,City,2024,2,29086,Electric,East,Cooling System,68,Warning,Overheating,1/3/2024,Preventive,242.01,2,Center Alpha,Healthy
CAR-1227,Hatchback,2022,4,52035,Petrol,South,Engine,60,Warning,Mechanical Failure,9/18/2024,Corrective,1654.92,18,Center Beta,Healthy
CAR-1434,Premium Sedan,2020,6,61148,Petrol,North,Battery,49,Warning,Battery Failure,7/14/2024,Corrective,254.48,6,Center Beta,Healthy
CAR-1221,Hatchback,2024,2,21453,Diesel,Central,Transmission,77,Healthy,No Failure,6/10/2023,Preventive,1000.13,1,Center Epsilon,Healthy
CAR-1113,Hatchback,2022,4,57542,Diesel,North,Battery,72,Warning,Battery Failure,1/4/2024,Corrective,321.26,14,Center Gamma,Healthy
CAR-1433,Hatchback,2023,3,47420,Petrol,North,Battery,67,Warning,Battery Failure,5/3/2023,Corrective,278.01,21,Center Gamma,Healthy
CAR-1389,City,2023,3,37309,Petrol,South,Tyre,76,Healthy,No Failure,9/22/2023,Preventive,145.23,3,Center Delta,Healthy
CAR-1201,Premium Sedan,2023,3,43310,Diesel,West,Engine,46,Warning,Overheating,1/21/2024,Preventive,656.2,2,Center Gamma,Healthy
CAR-1246,Crossover,2019,7,122350,Petrol,Central,Suspension,48,Warning,Suspension Failure,12/3/2024,Corrective,872.31,6,Center Epsilon,Healthy
CAR-1104,City,2021,5,87278,Electric,North,Tyre,69,Warning,Tyre Damage,3/17/2024,Corrective,265.39,20,Center Epsilon,Healthy
CAR-1360,City,2018,8,98147,Petrol,West,Tyre,51,Warning,Tyre Damage,11/25/2024,Preventive,152.28,2,Center Alpha,Healthy
CAR-1025,Hatchback,2020,6,58086,Petrol,South,Engine,62,Warning,Wear,10/19/2025,Corrective,1061.98,17,Center Delta,Healthy
CAR-1449,Crossover,2020,6,103314,Diesel,Central,Transmission,23,Critical,Transmission Fault,8/20/2025,Corrective,1683.71,20,Center Beta,Needs Inspection
CAR-1321,City,2020,6,112770,Electric,South,Headlight,40,Critical,Lighting Failure,7/14/2024,Emergency,322.05,33,Center Epsilon,Under Maintenance
CAR-1439,Crossover,2018,8,83738,Petrol,Central,Tyre,27,Critical,Tyre Damage,4/6/2024,Emergency,379.27,61,Center Alpha,Under Maintenance
CAR-1357,Crossover,2021,5,85200,Petrol,Central,Battery,53,Warning,Battery Failure,4/22/2024,Corrective,263.91,14,Center Delta,Healthy
CAR-1377,Crossover,2022,4,56639,Diesel,East,Tyre,54,Warning,Tyre Damage,7/22/2024,Corrective,280.74,23,Center Beta,Healthy
CAR-1163,Crossover,2024,2,39225,Petrol,West,Cooling System,93,Healthy,No Failure,10/14/2023,Preventive,274.07,1,Center Beta,Healthy
CAR-1367,Premium Sedan,2019,7,118221,Petrol,South,Suspension,21,Critical,Suspension Failure,2/13/2025,Emergency,1112.03,23,Center Gamma,Needs Inspection
CAR-1230,Crossover,2021,5,54904,Electric,West,Tyre,59,Warning,Tyre Damage,7/5/2025,Corrective,233.54,12,Center Delta,Healthy
CAR-1254,Compact,2022,4,54013,Hybrid,Central,Tyre,67,Warning,Tyre Damage,1/31/2024,Corrective,213.41,15,Center Beta,Healthy
CAR-1144,Sedan,2023,3,39837,Diesel,East,Suspension,74,Warning,Suspension Failure,1/3/2024,Corrective,700.72,6,Center Epsilon,Healthy
CAR-1340,City,2022,4,72871,Petrol,South,Battery,80,Healthy,No Failure,8/8/2024,Preventive,186.35,3,Center Gamma,Healthy
CAR-1168,Premium Sedan,2019,7,65728,Hybrid,North,Tyre,49,Warning,Tyre Damage,5/18/2024,Corrective,212.61,11,Center Gamma,Healthy
CAR-1442,Crossover,2024,2,28793,Diesel,West,Tyre,86,Healthy,No Failure,6/24/2023,Preventive,123.15,1,Center Delta,Healthy
CAR-1460,City,2021,5,70036,Hybrid,Central,Battery,75,Healthy,No Failure,6/16/2025,Preventive,228.42,3,Center Delta,Healthy
CAR-1153,Hatchback,2019,7,93856,Diesel,North,Suspension,14,Critical,Suspension Failure,11/27/2025,Emergency,1319.48,29,Center Epsilon,Under Maintenance
CAR-1499,Premium Sedan,2024,2,33377,Hybrid,Central,Cooling System,85,Healthy,No Failure,2/27/2024,Preventive,389.9,3,Center Beta,Healthy
CAR-1426,Compact,2021,5,71693,Hybrid,Central,Cooling System,58,Warning,Overheating,8/24/2025,Preventive,263.1,1,Center Gamma,Healthy
CAR-1472,Hatchback,2019,7,82930,Petrol,East,Engine,53,Warning,Overheating,9/20/2025,Preventive,992.22,1,Center Epsilon,Healthy
CAR-1309,Crossover,2023,3,41329,Diesel,West,Engine,84,Healthy,No Failure,6/17/2023,Preventive,850.1,3,Center Gamma,Healthy
CAR-1438,Premium Sedan,2024,2,30395,Petrol,Central,Tyre,100,Healthy,No Failure,7/15/2024,Preventive,179.89,2,Center Alpha,Healthy
CAR-1338,Hatchback,2023,3,52065,Petrol,South,Tyre,66,Warning,Tyre Damage,4/25/2024,Corrective,307.03,19,Center Gamma,Healthy
CAR-1006,Sedan,2019,7,71202,Petrol,South,Engine,57,Warning,Wear,10/27/2024,Preventive,1014.84,2,Center Beta,Healthy
CAR-1297,Premium Sedan,2022,4,64563,Petrol,East,Transmission,86,Healthy,No Failure,10/6/2023,Preventive,856.71,2,Center Gamma,Healthy
CAR-1445,Hatchback,2021,5,48568,Diesel,West,Battery,75,Healthy,No Failure,10/2/2025,Preventive,215.67,2,Center Epsilon,Healthy
CAR-1207,Premium Sedan,2023,3,42921,Diesel,Central,Battery,66,Warning,Battery Failure,1/9/2023,Corrective,342.76,11,Center Delta,Healthy
CAR-1197,Premium Sedan,2019,7,82721,Petrol,West,Suspension,50,Warning,Suspension Failure,3/26/2023,Corrective,820.41,21,Center Beta,Healthy
CAR-1098,City,2020,6,74865,Petrol,East,Transmission,67,Warning,Transmission Fault,11/10/2025,Preventive,856.07,3,Center Alpha,Healthy
CAR-1488,Hatchback,2022,4,60881,Diesel,Central,Brake,67,Warning,Brake Wear,4/12/2024,Corrective,340.91,17,Center Alpha,Healthy
CAR-1384,Sedan,2024,2,28780,Diesel,West,Suspension,80,Healthy,No Failure,1/1/2024,Preventive,407.53,2,Center Delta,Healthy
CAR-1402,City,2024,2,26188,Electric,West,Suspension,100,Healthy,No Failure,7/30/2025,Preventive,376.44,2,Center Beta,Healthy
CAR-1288,Sedan,2021,5,95341,Petrol,West,Tyre,48,Warning,Tyre Damage,12/17/2024,Corrective,254.98,15,Center Beta,Healthy
CAR-1473,City,2018,8,137178,Petrol,South,Battery,32,Critical,Battery Failure,2/15/2023,Emergency,563.84,66,Center Delta,Under Maintenance
CAR-1047,Premium Sedan,2024,2,28092,Electric,Central,Tyre,82,Healthy,No Failure,7/26/2025,Preventive,161.54,2,Center Delta,Healthy
CAR-1464,Compact,2022,4,71022,Hybrid,North,Cooling System,64,Warning,Overheating,11/28/2024,Preventive,356.52,2,Center Alpha,Healthy
CAR-1200,City,2024,2,27850,Petrol,South,Tyre,91,Healthy,No Failure,5/12/2024,Preventive,124.25,2,Center Alpha,Healthy
CAR-1381,Compact,2018,8,70084,Diesel,East,Battery,29,Critical,Battery Failure,7/12/2024,Emergency,453.9,69,Center Epsilon,Under Maintenance
CAR-1430,Premium Sedan,2022,4,40730,Hybrid,South,Headlight,89,Healthy,No Failure,1/7/2024,Preventive,99.86,1,Center Beta,Healthy
CAR-1344,Premium Sedan,2022,4,54467,Electric,Central,Engine,71,Warning,Mechanical Failure,5/26/2024,Corrective,1039.22,13,Center Delta,Healthy
CAR-1209,Compact,2021,5,71544,Hybrid,Central,Brake,31,Critical,Brake Wear,11/24/2024,Emergency,764.87,55,Center Gamma,Under Maintenance
CAR-1286,Sedan,2021,5,65813,Electric,East,Engine,46,Warning,Mechanical Failure,2/28/2025,Corrective,1188.03,15,Center Alpha,Healthy
CAR-1331,Crossover,2024,2,36724,Electric,North,Headlight,86,Healthy,No Failure,2/13/2025,Preventive,121.35,3,Center Delta,Healthy
CAR-1356,Hatchback,2022,4,52707,Hybrid,West,Battery,69,Warning,Battery Failure,10/2/2025,Corrective,269.95,19,Center Beta,Healthy
CAR-1377,Crossover,2022,4,55724,Diesel,East,Cooling System,97,Healthy,No Failure,4/28/2023,Preventive,260.88,1,Center Alpha,Healthy
CAR-1085,Premium Sedan,2021,5,61676,Petrol,North,Headlight,39,Critical,Lighting Failure,2/13/2025,Corrective,144.37,9,Center Delta,Needs Inspection
CAR-1338,Hatchback,2023,3,22620,Petrol,South,Battery,77,Healthy,No Failure,1/22/2025,Preventive,229.89,1,Center Alpha,Healthy
CAR-1367,Premium Sedan,2019,7,120537,Petrol,South,Cooling System,10,Critical,Overheating,9/6/2024,Emergency,971.96,20,Center Epsilon,Needs Inspection
CAR-1244,Premium Sedan,2021,5,91094,Petrol,West,Engine,40,Critical,Mechanical Failure,4/9/2025,Corrective,1055.88,10,Center Epsilon,Needs Inspection
CAR-1146,Premium Sedan,2019,7,93825,Petrol,North,Suspension,46,Warning,Suspension Failure,8/18/2023,Preventive,484.88,1,Center Beta,Healthy
CAR-1177,City,2022,4,39073,Petrol,South,Tyre,72,Warning,Tyre Damage,9/9/2024,Preventive,191.22,1,Center Epsilon,Healthy
CAR-1275,Premium Sedan,2021,5,58527,Petrol,South,Cooling System,69,Warning,Overheating,10/16/2023,Preventive,349.7,2,Center Delta,Healthy
CAR-1070,Crossover,2022,4,67623,Electric,East,Cooling System,70,Warning,Overheating,7/17/2024,Preventive,271.49,3,Center Gamma,Healthy
CAR-1016,Crossover,2019,7,79433,Electric,Central,Brake,66,Warning,Brake Wear,12/5/2023,Preventive,294.02,1,Center Delta,Healthy
CAR-1443,Sedan,2020,6,102714,Electric,South,Brake,55,Warning,Brake Wear,7/1/2025,Preventive,290.58,1,Center Beta,Healthy
CAR-1436,Premium Sedan,2020,6,84941,Diesel,Central,Tyre,33,Critical,Tyre Damage,7/11/2023,Corrective,214.32,22,Center Epsilon,Needs Inspection
CAR-1176,Premium Sedan,2020,6,53408,Electric,Central,Suspension,81,Healthy,No Failure,11/18/2024,Preventive,360.49,3,Center Epsilon,Healthy
CAR-1271,Premium Sedan,2019,7,93928,Hybrid,North,Battery,40,Critical,Battery Failure,4/3/2024,Emergency,473.04,67,Center Gamma,Under Maintenance
CAR-1408,Crossover,2018,8,90185,Diesel,South,Suspension,43,Critical,Suspension Failure,7/29/2024,Emergency,1186.36,41,Center Epsilon,Under Maintenance
CAR-1167,Premium Sedan,2018,8,100716,Diesel,North,Battery,30,Critical,Battery Failure,2/10/2024,Emergency,416.8,19,Center Beta,Needs Inspection
CAR-1436,Premium Sedan,2020,6,93749,Diesel,Central,Engine,40,Critical,Mechanical Failure,5/20/2024,Emergency,2195.93,52,Center Alpha,Under Maintenance
CAR-1290,Crossover,2022,4,68373,Petrol,Central,Battery,53,Warning,Battery Failure,4/27/2023,Corrective,321.91,8,Center Delta,Healthy
CAR-1105,Premium Sedan,2018,8,110467,Electric,East,Engine,32,Critical,Mechanical Failure,2/3/2024,Emergency,2451.84,46,Center Gamma,Under Maintenance
CAR-1292,Premium Sedan,2020,6,83787,Petrol,West,Transmission,76,Healthy,No Failure,3/11/2024,Preventive,739.69,2,Center Beta,Healthy
CAR-1359,Premium Sedan,2018,8,105943,Diesel,North,Cooling System,22,Critical,Overheating,1/21/2024,Emergency,820.28,66,Center Beta,Under Maintenance
CAR-1188,Sedan,2023,3,36323,Petrol,West,Engine,70,Warning,Mechanical Failure,11/25/2025,Preventive,681.86,3,Center Gamma,Healthy
CAR-1447,Premium Sedan,2018,8,78273,Hybrid,South,Tyre,47,Warning,Tyre Damage,3/4/2024,Corrective,290.01,9,Center Beta,Healthy
CAR-1057,Premium Sedan,2022,4,71307,Petrol,South,Headlight,48,Warning,Lighting Failure,6/17/2025,Corrective,187.55,19,Center Gamma,Healthy
CAR-1108,City,2020,6,50908,Petrol,South,Engine,56,Warning,Mechanical Failure,6/21/2023,Preventive,880.08,2,Center Gamma,Healthy
CAR-1018,Compact,2022,4,74391,Diesel,North,Battery,68,Warning,Battery Failure,10/31/2024,Corrective,267.39,9,Center Gamma,Healthy
CAR-1245,Sedan,2018,8,88560,Petrol,West,Battery,21,Critical,Battery Failure,3/20/2025,Emergency,540.08,54,Center Delta,Under Maintenance
CAR-1115,Compact,2020,6,82521,Diesel,Central,Tyre,48,Warning,Tyre Damage,3/14/2024,Corrective,241.74,21,Center Gamma,Healthy
CAR-1012,Crossover,2024,2,44237,Hybrid,Central,Battery,100,Healthy,No Failure,10/31/2024,Preventive,168.74,3,Center Beta,Healthy
CAR-1030,Sedan,2021,5,56751,Diesel,East,Tyre,59,Warning,Tyre Damage,8/15/2023,Preventive,189.24,3,Center Gamma,Healthy
CAR-1099,Hatchback,2018,8,141867,Petrol,West,Tyre,30,Critical,Tyre Damage,1/21/2025,Emergency,336.01,66,Center Beta,Under Maintenance
CAR-1035,Crossover,2020,6,80862,Hybrid,North,Brake,38,Critical,Brake Wear,11/19/2024,Emergency,597.2,35,Center Beta,Under Maintenance
CAR-1194,City,2023,3,45509,Diesel,West,Headlight,80,Healthy,No Failure,11/27/2023,Preventive,91.17,1,Center Gamma,Healthy
CAR-1347,Premium Sedan,2020,6,86706,Petrol,West,Engine,37,Critical,Mechanical Failure,9/30/2024,Emergency,2261,39,Center Gamma,Under Maintenance
CAR-1061,Hatchback,2023,3,41390,Electric,South,Engine,63,Warning,Mechanical Failure,1/31/2025,Corrective,1125.61,22,Center Gamma,Healthy
CAR-1307,Compact,2024,2,17881,Petrol,East,Suspension,92,Healthy,No Failure,2/27/2025,Preventive,416.88,3,Center Delta,Healthy
CAR-1060,Premium Sedan,2019,7,71140,Electric,West,Suspension,24,Critical,Suspension Failure,2/21/2025,Emergency,939.51,55,Center Delta,Under Maintenance
CAR-1248,Sedan,2018,8,119991,Petrol,Central,Headlight,34,Critical,Lighting Failure,7/30/2023,Emergency,232.15,48,Center Alpha,Under Maintenance
CAR-1091,Hatchback,2022,4,77985,Electric,East,Tyre,61,Warning,Tyre Damage,6/2/2023,Preventive,185.23,3,Center Gamma,Healthy
CAR-1147,Hatchback,2022,4,60340,Diesel,West,Battery,41,Critical,Battery Failure,1/13/2023,Emergency,567.92,54,Center Beta,Under Maintenance
CAR-1214,City,2024,2,36151,Petrol,South,Headlight,36,Critical,Lighting Failure,7/17/2023,Emergency,218.67,43,Center Gamma,Under Maintenance
CAR-1171,Premium Sedan,2019,7,121130,Petrol,West,Engine,14,Critical,Mechanical Failure,5/26/2024,Emergency,2398.77,69,Center Delta,Under Maintenance
CAR-1467,Compact,2022,4,72958,Diesel,North,Headlight,54,Warning,Lighting Failure,6/7/2025,Preventive,127.12,2,Center Delta,Healthy
CAR-1164,City,2023,3,48493,Petrol,South,Tyre,79,Healthy,No Failure,12/18/2023,Preventive,132.51,1,Center Alpha,Healthy
CAR-1260,City,2020,6,72397,Diesel,East,Headlight,68,Warning,Lighting Failure,12/17/2023,Corrective,141.36,18,Center Alpha,Healthy
CAR-1347,Premium Sedan,2020,6,90578,Petrol,West,Cooling System,20,Critical,Overheating,5/29/2023,Corrective,405.86,6,Center Beta,Needs Inspection
CAR-1218,Compact,2021,5,55655,Petrol,West,Headlight,54,Warning,Lighting Failure,2/15/2025,Preventive,106.56,2,Center Epsilon,Healthy
CAR-1474,Hatchback,2023,3,47003,Petrol,South,Battery,70,Warning,Battery Failure,11/25/2025,Preventive,199.62,3,Center Epsilon,Healthy
CAR-1487,Premium Sedan,2024,2,28893,Hybrid,South,Engine,93,Healthy,No Failure,3/24/2025,Preventive,936.66,3,Center Gamma,Healthy
CAR-1270,Sedan,2019,7,87174,Hybrid,Central,Cooling System,58,Warning,Overheating,6/1/2024,Corrective,621.44,10,Center Alpha,Healthy
CAR-1030,Sedan,2021,5,75955,Diesel,East,Engine,57,Warning,Mechanical Failure,8/20/2025,Corrective,1434.64,9,Center Epsilon,Healthy
CAR-1139,City,2022,4,41347,Electric,North,Cooling System,92,Healthy,No Failure,9/18/2025,Preventive,379.23,2,Center Epsilon,Healthy
CAR-1484,City,2024,2,41119,Diesel,North,Tyre,89,Healthy,No Failure,1/25/2024,Preventive,149.94,2,Center Alpha,Healthy
CAR-1341,Premium Sedan,2024,2,36721,Electric,West,Transmission,87,Healthy,No Failure,7/10/2023,Preventive,1147.04,3,Center Delta,Healthy
CAR-1404,Hatchback,2020,6,72668,Petrol,Central,Suspension,70,Warning,Suspension Failure,2/25/2024,Preventive,386.19,1,Center Alpha,Healthy
CAR-1033,Premium Sedan,2022,4,49091,Petrol,East,Engine,58,Warning,Overheating,2/16/2023,Corrective,1127.69,19,Center Beta,Healthy
CAR-1274,Premium Sedan,2021,5,78978,Petrol,Central,Battery,72,Warning,Battery Failure,5/13/2025,Preventive,173.23,3,Center Beta,Healthy
CAR-1167,Premium Sedan,2018,8,96757,Diesel,North,Brake,53,Warning,Brake Wear,3/17/2024,Preventive,208.11,2,Center Alpha,Healthy
CAR-1343,Hatchback,2022,4,79430,Hybrid,North,Tyre,88,Healthy,No Failure,6/11/2025,Preventive,147.92,1,Center Alpha,Healthy
CAR-1238,Compact,2020,6,99074,Electric,East,Headlight,63,Warning,Lighting Failure,7/30/2023,Corrective,174.71,18,Center Beta,Healthy
CAR-1085,Premium Sedan,2021,5,60372,Petrol,North,Tyre,62,Warning,Tyre Damage,11/20/2024,Preventive,162.68,3,Center Beta,Healthy
CAR-1339,Crossover,2020,6,72038,Electric,Central,Cooling System,43,Critical,Overheating,8/25/2024,Emergency,970.49,18,Center Alpha,Needs Inspection
CAR-1348,Sedan,2018,8,95583,Hybrid,North,Headlight,47,Warning,Lighting Failure,7/24/2025,Preventive,82.85,1,Center Gamma,Healthy
CAR-1272,Compact,2021,5,42022,Petrol,West,Transmission,58,Warning,Transmission Fault,2/7/2024,Corrective,1449.72,13,Center Epsilon,Healthy
CAR-1150,Hatchback,2022,4,45775,Diesel,East,Transmission,55,Warning,Transmission Fault,8/2/2023,Corrective,1286.46,15,Center Beta,Healthy
CAR-1127,Sedan,2022,4,40453,Diesel,West,Battery,74,Warning,Battery Failure,9/13/2025,Corrective,255.03,13,Center Epsilon,Healthy
CAR-1252,Premium Sedan,2024,2,28086,Hybrid,West,Tyre,97,Healthy,No Failure,9/2/2023,Preventive,161.53,3,Center Alpha,Healthy
CAR-1247,Hatchback,2024,2,31174,Electric,North,Engine,75,Healthy,No Failure,8/3/2024,Preventive,790.73,3,Center Gamma,Healthy
CAR-1007,Sedan,2023,3,37683,Petrol,West,Tyre,83,Healthy,No Failure,2/8/2023,Preventive,170.56,1,Center Epsilon,Healthy
CAR-1121,City,2024,2,26611,Diesel,South,Battery,87,Healthy,No Failure,7/26/2023,Preventive,222.01,2,Center Delta,Healthy
CAR-1482,Hatchback,2018,8,105809,Diesel,Central,Battery,21,Critical,Battery Failure,3/21/2025,Emergency,492.23,35,Center Beta,Under Maintenance
CAR-1150,Hatchback,2022,4,42328,Diesel,East,Cooling System,40,Critical,Overheating,11/30/2023,Emergency,753.81,36,Center Delta,Under Maintenance
CAR-1385,Compact,2024,2,30979,Hybrid,Central,Engine,76,Healthy,No Failure,1/16/2023,Preventive,683.26,2,Center Beta,Healthy
CAR-1282,Hatchback,2018,8,106488,Electric,West,Suspension,35,Critical,Suspension Failure,8/30/2023,Corrective,806.38,19,Center Epsilon,Needs Inspection
CAR-1191,City,2020,6,102840,Petrol,East,Headlight,33,Critical,Lighting Failure,3/13/2025,Corrective,194.95,6,Center Alpha,Needs Inspection
CAR-1111,City,2021,5,83015,Hybrid,Central,Transmission,24,Critical,Transmission Fault,1/18/2023,Corrective,1559.39,11,Center Gamma,Needs Inspection
CAR-1154,Premium Sedan,2024,2,32527,Diesel,Central,Cooling System,100,Healthy,No Failure,10/10/2023,Preventive,360.12,2,Center Gamma,Healthy
CAR-1267,Compact,2019,7,96267,Hybrid,East,Engine,41,Critical,Wear,4/1/2023,Emergency,1604.37,32,Center Delta,Under Maintenance
CAR-1443,Sedan,2020,6,102066,Electric,South,Headlight,39,Critical,Lighting Failure,1/22/2024,Emergency,202.18,28,Center Gamma,Under Maintenance
CAR-1430,Premium Sedan,2022,4,52908,Hybrid,South,Brake,65,Warning,Brake Wear,3/16/2025,Preventive,217.38,1,Center Beta,Healthy
CAR-1297,Premium Sedan,2022,4,47983,Petrol,East,Battery,70,Warning,Battery Failure,8/12/2025,Corrective,355.46,12,Center Alpha,Healthy
CAR-1393,Hatchback,2024,2,21364,Hybrid,North,Transmission,82,Healthy,No Failure,2/4/2025,Preventive,877.4,1,Center Beta,Healthy
CAR-1402,City,2024,2,16683,Electric,West,Battery,86,Healthy,No Failure,2/14/2024,Preventive,201.07,1,Center Gamma,Healthy
CAR-1342,City,2022,4,52180,Diesel,North,Cooling System,69,Warning,Overheating,2/6/2023,Corrective,485.9,21,Center Beta,Healthy
CAR-1260,City,2020,6,89689,Diesel,East,Cooling System,38,Critical,Overheating,7/12/2023,Emergency,637.31,62,Center Alpha,Under Maintenance
CAR-1108,City,2020,6,93850,Petrol,South,Brake,56,Warning,Brake Wear,3/26/2023,Corrective,378.17,10,Center Beta,Healthy
CAR-1288,Sedan,2021,5,90044,Petrol,West,Cooling System,38,Critical,Overheating,12/27/2024,Emergency,602.91,43,Center Epsilon,Under Maintenance
CAR-1465,Compact,2023,3,52832,Electric,North,Suspension,66,Warning,Suspension Failure,2/6/2023,Corrective,729.44,11,Center Gamma,Healthy
CAR-1341,Premium Sedan,2024,2,25440,Electric,West,Tyre,100,Healthy,No Failure,3/9/2024,Preventive,187.2,2,Center Epsilon,Healthy
CAR-1329,Crossover,2018,8,94896,Diesel,Central,Tyre,35,Critical,Tyre Damage,9/27/2023,Emergency,318.88,40,Center Delta,Under Maintenance
CAR-1225,Crossover,2018,8,113590,Petrol,North,Engine,10,Critical,Mechanical Failure,11/29/2023,Corrective,1620.1,18,Center Beta,Needs Inspection
CAR-1079,Compact,2019,7,77450,Petrol,West,Tyre,55,Warning,Tyre Damage,11/12/2023,Corrective,210.53,20,Center Epsilon,Healthy
CAR-1297,Premium Sedan,2022,4,39483,Petrol,East,Brake,56,Warning,Brake Wear,4/27/2023,Corrective,440.68,13,Center Gamma,Healthy
CAR-1055,Hatchback,2018,8,81387,Diesel,South,Tyre,57,Warning,Tyre Damage,3/7/2025,Preventive,150.07,3,Center Beta,Healthy
CAR-1308,Compact,2018,8,125934,Diesel,South,Headlight,20,Critical,Lighting Failure,10/5/2023,Emergency,320.64,44,Center Epsilon,Under Maintenance
CAR-1384,Sedan,2024,2,27714,Diesel,West,Battery,87,Healthy,No Failure,12/26/2024,Preventive,190.27,3,Center Beta,Healthy
CAR-1173,Crossover,2022,4,59633,Diesel,North,Tyre,59,Warning,Tyre Damage,1/15/2024,Corrective,294.58,12,Center Gamma,Healthy
CAR-1486,Crossover,2020,6,53316,Hybrid,Central,Cooling System,56,Warning,Overheating,6/11/2023,Corrective,388.29,9,Center Beta,Healthy
CAR-1192,Crossover,2022,4,64053,Petrol,North,Tyre,69,Warning,Tyre Damage,8/4/2024,Corrective,216.01,7,Center Epsilon,Healthy
CAR-1033,Premium Sedan,2022,4,63285,Petrol,East,Tyre,39,Critical,Tyre Damage,2/24/2023,Emergency,402.52,58,Center Beta,Under Maintenance
CAR-1280,Premium Sedan,2023,3,46311,Hybrid,West,Cooling System,30,Critical,Overheating,1/4/2024,Emergency,790.95,69,Center Alpha,Under Maintenance
CAR-1044,Hatchback,2022,4,61521,Diesel,West,Transmission,47,Warning,Transmission Fault,5/1/2025,Corrective,1312.38,12,Center Epsilon,Healthy
CAR-1184,City,2018,8,127050,Electric,East,Engine,20,Critical,Overheating,9/17/2025,Corrective,1592.33,20,Center Alpha,Needs Inspection
CAR-1247,Hatchback,2024,2,12351,Electric,North,Transmission,76,Healthy,No Failure,8/3/2025,Preventive,788.21,2,Center Delta,Healthy
CAR-1373,Sedan,2021,5,86683,Electric,North,Engine,57,Warning,Overheating,3/4/2023,Corrective,1448.81,13,Center Epsilon,Healthy
CAR-1291,City,2023,3,54180,Electric,South,Tyre,65,Warning,Tyre Damage,12/4/2024,Corrective,232.34,11,Center Delta,Healthy
CAR-1074,Crossover,2018,8,110101,Petrol,South,Battery,13,Critical,Battery Failure,9/26/2023,Emergency,573.74,61,Center Delta,Under Maintenance
CAR-1154,Premium Sedan,2024,2,26994,Diesel,Central,Engine,100,Healthy,No Failure,1/25/2024,Preventive,653.36,2,Center Delta,Healthy
CAR-1415,Sedan,2019,7,57019,Diesel,North,Transmission,34,Critical,Transmission Fault,9/18/2025,Emergency,2145.38,39,Center Alpha,Under Maintenance
CAR-1190,Sedan,2024,2,30923,Electric,East,Transmission,72,Warning,Transmission Fault,10/15/2023,Corrective,1564.56,14,Center Alpha,Healthy
CAR-1163,Crossover,2024,2,34749,Petrol,West,Brake,74,Warning,Brake Wear,5/23/2024,Preventive,287.4,1,Center Delta,Healthy
CAR-1293,Sedan,2022,4,57104,Hybrid,South,Cooling System,61,Warning,Overheating,7/10/2023,Preventive,363.37,2,Center Gamma,Healthy
CAR-1237,Premium Sedan,2022,4,48394,Petrol,South,Tyre,97,Healthy,No Failure,12/5/2023,Preventive,141.46,1,Center Epsilon,Healthy
CAR-1078,Premium Sedan,2021,5,63812,Diesel,Central,Transmission,63,Warning,Transmission Fault,1/8/2024,Corrective,1191.14,9,Center Alpha,Healthy
CAR-1398,City,2019,7,71360,Electric,Central,Brake,64,Warning,Brake Wear,7/24/2023,Corrective,335.41,6,Center Alpha,Healthy
CAR-1218,Compact,2021,5,56944,Petrol,West,Headlight,44,Critical,Lighting Failure,5/15/2025,Corrective,145.58,11,Center Alpha,Needs Inspection
CAR-1124,Sedan,2019,7,92792,Diesel,East,Battery,28,Critical,Battery Failure,1/28/2024,Emergency,386.64,58,Center Delta,Under Maintenance
CAR-1409,Premium Sedan,2023,3,27571,Petrol,North,Battery,93,Healthy,No Failure,9/9/2025,Preventive,221.83,3,Center Epsilon,Healthy
CAR-1030,Sedan,2021,5,86437,Diesel,East,Engine,51,Warning,Mechanical Failure,5/11/2025,Corrective,1380.45,17,Center Beta,Healthy
CAR-1396,Sedan,2019,7,125848,Petrol,West,Headlight,37,Critical,Lighting Failure,2/20/2025,Emergency,274.88,64,Center Beta,Under Maintenance
CAR-1111,City,2021,5,69622,Hybrid,Central,Tyre,60,Warning,Tyre Damage,8/18/2024,Preventive,143.36,1,Center Beta,Healthy
CAR-1179,City,2023,3,42015,Electric,Central,Tyre,66,Warning,Tyre Damage,9/19/2023,Preventive,175.88,1,Center Gamma,Healthy
CAR-1161,Compact,2022,4,61570,Electric,West,Battery,23,Critical,Battery Failure,8/9/2025,Emergency,500.27,52,Center Epsilon,Under Maintenance
CAR-1253,Sedan,2018,8,95234,Electric,Central,Transmission,16,Critical,Transmission Fault,6/16/2024,Emergency,2149.32,71,Center Beta,Under Maintenance
CAR-1486,Crossover,2020,6,51163,Hybrid,Central,Engine,82,Healthy,No Failure,4/27/2025,Preventive,873.24,3,Center Beta,Healthy
CAR-1309,Crossover,2023,3,47303,Diesel,West,Headlight,65,Warning,Lighting Failure,6/20/2023,Corrective,133.95,20,Center Gamma,Healthy
CAR-1327,Crossover,2020,6,106868,Petrol,South,Battery,36,Critical,Battery Failure,6/2/2025,Corrective,372.5,11,Center Epsilon,Needs Inspection
CAR-1409,Premium Sedan,2023,3,47138,Petrol,North,Battery,65,Warning,Battery Failure,9/11/2024,Preventive,231.78,3,Center Alpha,Healthy
CAR-1228,Premium Sedan,2023,3,39692,Petrol,West,Brake,100,Healthy,No Failure,11/3/2025,Preventive,302.28,1,Center Gamma,Healthy
CAR-1070,Crossover,2022,4,60963,Electric,East,Transmission,49,Warning,Transmission Fault,5/25/2023,Preventive,1022.92,3,Center Alpha,Healthy
CAR-1219,Premium Sedan,2023,3,44647,Diesel,North,Headlight,66,Warning,Lighting Failure,8/1/2023,Preventive,105.78,2,Center Delta,Healthy
CAR-1431,Hatchback,2019,7,110889,Petrol,South,Headlight,28,Critical,Lighting Failure,8/19/2024,Emergency,254.54,60,Center Epsilon,Under Maintenance
CAR-1164,City,2023,3,42011,Petrol,South,Battery,81,Healthy,No Failure,10/18/2025,Preventive,161.91,3,Center Beta,Healthy
CAR-1401,Compact,2023,3,53576,Diesel,South,Brake,65,Warning,Brake Wear,6/13/2024,Preventive,273.59,3,Center Epsilon,Healthy
CAR-1152,Sedan,2020,6,87979,Diesel,North,Brake,51,Warning,Brake Wear,4/22/2024,Corrective,332.61,22,Center Alpha,Healthy
CAR-1318,Hatchback,2018,8,121998,Petrol,Central,Tyre,38,Critical,Tyre Damage,1/13/2023,Emergency,478.9,66,Center Delta,Under Maintenance
CAR-1458,Hatchback,2022,4,57315,Petrol,West,Brake,72,Warning,Brake Wear,9/1/2024,Corrective,436.92,23,Center Epsilon,Healthy
CAR-1029,Sedan,2020,6,105977,Electric,North,Tyre,53,Warning,Tyre Damage,1/17/2025,Preventive,166.83,3,Center Gamma,Healthy
CAR-1384,Sedan,2024,2,19270,Diesel,West,Battery,70,Warning,Battery Failure,12/4/2024,Corrective,368.42,23,Center Alpha,Healthy
CAR-1310,Sedan,2018,8,101260,Petrol,South,Battery,33,Critical,Battery Failure,6/19/2024,Corrective,359.38,18,Center Gamma,Needs Inspection
CAR-1265,City,2021,5,53816,Electric,West,Engine,69,Warning,Wear,7/23/2023,Corrective,1169.61,7,Center Epsilon,Healthy
CAR-1148,Premium Sedan,2020,6,89903,Petrol,South,Cooling System,44,Critical,Overheating,8/17/2023,Emergency,648.87,24,Center Delta,Needs Inspection
CAR-1214,City,2024,2,24663,Petrol,South,Battery,94,Healthy,No Failure,11/7/2023,Preventive,144.37,1,Center Beta,Healthy
CAR-1034,Crossover,2020,6,85976,Petrol,East,Cooling System,41,Critical,Overheating,3/31/2023,Emergency,765,38,Center Beta,Under Maintenance
CAR-1364,Crossover,2024,2,42237,Diesel,Central,Tyre,86,Healthy,No Failure,11/29/2024,Preventive,189.35,3,Center Epsilon,Healthy
CAR-1013,Hatchback,2019,7,98941,Petrol,West,Engine,32,Critical,Overheating,5/29/2024,Corrective,1099.23,21,Center Delta,Needs Inspection
CAR-1245,Sedan,2018,8,84257,Petrol,West,Headlight,52,Warning,Lighting Failure,3/9/2023,Corrective,195.77,11,Center Gamma,Healthy
CAR-1191,City,2020,6,52039,Petrol,East,Brake,59,Warning,Brake Wear,7/14/2024,Corrective,443.74,13,Center Alpha,Healthy
CAR-1113,Hatchback,2022,4,68314,Diesel,North,Tyre,45,Warning,Tyre Damage,10/30/2024,Corrective,245.71,22,Center Epsilon,Healthy
CAR-1456,Hatchback,2020,6,98326,Hybrid,Central,Engine,48,Warning,Mechanical Failure,4/15/2024,Corrective,1280.97,13,Center Gamma,Healthy
CAR-1452,Sedan,2019,7,72826,Petrol,Central,Cooling System,36,Critical,Overheating,11/19/2025,Corrective,616.18,23,Center Alpha,Needs Inspection
CAR-1155,Hatchback,2021,5,76884,Electric,Central,Engine,78,Healthy,No Failure,6/17/2023,Preventive,736.93,3,Center Alpha,Healthy
CAR-1488,Hatchback,2022,4,68369,Diesel,Central,Brake,56,Warning,Brake Wear,2/17/2023,Corrective,484.23,10,Center Alpha,Healthy
CAR-1000,Premium Sedan,2018,8,101082,Hybrid,South,Headlight,37,Critical,Lighting Failure,11/5/2025,Emergency,241.12,56,Center Epsilon,Under Maintenance
CAR-1348,Sedan,2018,8,88730,Hybrid,North,Brake,60,Warning,Brake Wear,7/28/2025,Preventive,319.71,1,Center Epsilon,Healthy
CAR-1154,Premium Sedan,2024,2,36977,Diesel,Central,Battery,65,Warning,Battery Failure,6/3/2025,Corrective,338.75,9,Center Gamma,Healthy
CAR-1426,Compact,2021,5,60475,Hybrid,Central,Brake,43,Critical,Brake Wear,12/2/2024,Corrective,448.18,15,Center Beta,Needs Inspection
CAR-1435,Premium Sedan,2020,6,93929,Petrol,North,Cooling System,55,Warning,Overheating,3/28/2024,Corrective,413.73,16,Center Gamma,Healthy
CAR-1449,Crossover,2020,6,70170,Diesel,Central,Headlight,24,Critical,Lighting Failure,4/29/2025,Emergency,307.93,35,Center Epsilon,Under Maintenance
CAR-1382,Crossover,2018,8,140462,Electric,West,Headlight,10,Critical,Lighting Failure,1/23/2025,Emergency,309.42,28,Center Alpha,Under Maintenance
CAR-1332,Hatchback,2023,3,21056,Diesel,West,Brake,50,Warning,Brake Wear,5/29/2023,Preventive,300.94,1,Center Epsilon,Healthy
CAR-1457,Compact,2022,4,37905,Electric,North,Transmission,81,Healthy,No Failure,7/16/2023,Preventive,866.11,3,Center Alpha,Healthy
CAR-1394,Compact,2023,3,35235,Diesel,East,Transmission,61,Warning,Transmission Fault,8/13/2024,Preventive,1160.75,3,Center Delta,Healthy
CAR-1417,Compact,2018,8,123341,Electric,North,Battery,52,Warning,Battery Failure,4/10/2023,Corrective,257.18,7,Center Alpha,Healthy
CAR-1177,City,2022,4,68465,Petrol,South,Tyre,69,Warning,Tyre Damage,7/9/2023,Corrective,233.88,14,Center Alpha,Healthy
CAR-1402,City,2024,2,35703,Electric,West,Headlight,89,Healthy,No Failure,2/25/2023,Preventive,93.47,3,Center Beta,Healthy
CAR-1021,City,2024,2,24630,Diesel,Central,Battery,100,Healthy,No Failure,12/26/2025,Preventive,198.72,1,Center Alpha,Healthy
CAR-1132,Crossover,2020,6,93687,Petrol,East,Tyre,34,Critical,Tyre Damage,1/31/2025,Emergency,339.2,42,Center Alpha,Under Maintenance
CAR-1071,Crossover,2020,6,70560,Diesel,East,Battery,45,Warning,Battery Failure,7/13/2023,Preventive,204.61,2,Center Beta,Healthy
CAR-1341,Premium Sedan,2024,2,40675,Electric,West,Tyre,37,Critical,Tyre Damage,3/2/2023,Emergency,402.61,30,Center Delta,Under Maintenance
CAR-1012,Crossover,2024,2,37222,Hybrid,Central,Tyre,71,Warning,Tyre Damage,9/8/2024,Preventive,146.07,2,Center Beta,Healthy
CAR-1058,Premium Sedan,2019,7,83703,Hybrid,Central,Engine,39,Critical,Overheating,9/18/2024,Emergency,1705.78,33,Center Epsilon,Under Maintenance
CAR-1313,Premium Sedan,2018,8,113608,Diesel,Central,Cooling System,33,Critical,Overheating,10/7/2024,Emergency,622.13,66,Center Alpha,Under Maintenance
CAR-1021,City,2024,2,27281,Diesel,Central,Tyre,92,Healthy,No Failure,7/10/2024,Preventive,180.43,1,Center Beta,Healthy
CAR-1234,City,2024,2,39910,Petrol,West,Engine,89,Healthy,No Failure,1/24/2025,Preventive,745.91,2,Center Alpha,Healthy
CAR-1009,Hatchback,2021,5,89539,Electric,Central,Suspension,64,Warning,Suspension Failure,3/8/2023,Corrective,695.15,9,Center Alpha,Healthy
CAR-1382,Crossover,2018,8,81271,Electric,West,Tyre,50,Warning,Tyre Damage,3/13/2024,Preventive,137.22,1,Center Alpha,Healthy
CAR-1348,Sedan,2018,8,130563,Hybrid,North,Brake,17,Critical,Brake Wear,3/15/2023,Emergency,665.5,59,Center Delta,Under Maintenance
CAR-1015,Premium Sedan,2020,6,53653,Petrol,West,Headlight,74,Warning,Lighting Failure,10/5/2023,Corrective,170.81,20,Center Delta,Healthy
CAR-1214,City,2024,2,28687,Petrol,South,Headlight,92,Healthy,No Failure,1/10/2024,Preventive,111.64,1,Center Delta,Healthy
CAR-1435,Premium Sedan,2020,6,104427,Petrol,North,Engine,48,Warning,Overheating,4/5/2023,Corrective,1131.28,21,Center Delta,Healthy
CAR-1446,Compact,2021,5,50255,Petrol,East,Tyre,55,Warning,Tyre Damage,12/27/2024,Corrective,264.18,18,Center Gamma,Healthy
CAR-1385,Compact,2024,2,27743,Hybrid,Central,Suspension,100,Healthy,No Failure,8/29/2023,Preventive,436.27,2,Center Gamma,Healthy
CAR-1201,Premium Sedan,2023,3,53271,Diesel,West,Cooling System,77,Healthy,No Failure,6/10/2024,Preventive,271.47,3,Center Alpha,Healthy
CAR-1218,Compact,2021,5,63359,Petrol,West,Engine,67,Warning,Overheating,7/11/2023,Preventive,890.27,3,Center Alpha,Healthy
CAR-1351,Premium Sedan,2018,8,115660,Petrol,West,Engine,27,Critical,Wear,2/4/2024,Emergency,2457.2,38,Center Epsilon,Under Maintenance
CAR-1066,Compact,2021,5,56802,Petrol,North,Tyre,58,Warning,Tyre Damage,4/7/2023,Corrective,276.07,17,Center Delta,Healthy
CAR-1174,Sedan,2022,4,60804,Petrol,West,Tyre,59,Warning,Tyre Damage,2/27/2024,Preventive,134.13,2,Center Gamma,Healthy
CAR-1030,Sedan,2021,5,91052,Diesel,East,Tyre,37,Critical,Tyre Damage,5/19/2023,Corrective,198.21,22,Center Alpha,Needs Inspection
CAR-1146,Premium Sedan,2019,7,115811,Petrol,North,Battery,38,Critical,Battery Failure,6/22/2025,Emergency,407.6,61,Center Beta,Under Maintenance
CAR-1221,Hatchback,2024,2,30337,Diesel,Central,Engine,65,Warning,Wear,2/11/2025,Preventive,752.62,3,Center Epsilon,Healthy
CAR-1418,Crossover,2022,4,43147,Diesel,West,Battery,74,Warning,Battery Failure,2/23/2024,Corrective,338.53,7,Center Alpha,Healthy
CAR-1276,City,2022,4,47266,Diesel,Central,Battery,68,Warning,Battery Failure,6/23/2024,Corrective,296.08,9,Center Delta,Healthy
CAR-1147,Hatchback,2022,4,62164,Diesel,West,Suspension,100,Healthy,No Failure,12/11/2024,Preventive,571.66,2,Center Epsilon,Healthy
CAR-1011,Sedan,2021,5,46975,Petrol,South,Brake,75,Healthy,No Failure,1/23/2025,Preventive,266.01,2,Center Beta,Healthy
CAR-1035,Crossover,2020,6,96711,Hybrid,North,Battery,31,Critical,Battery Failure,6/29/2023,Emergency,514.23,24,Center Delta,Needs Inspection
CAR-1338,Hatchback,2023,3,22509,Petrol,South,Tyre,87,Healthy,No Failure,4/19/2023,Preventive,171.79,2,Center Epsilon,Healthy
CAR-1472,Hatchback,2019,7,100533,Petrol,East,Battery,49,Warning,Battery Failure,10/14/2025,Corrective,294.09,16,Center Gamma,Healthy
CAR-1279,Crossover,2020,6,60594,Petrol,West,Cooling System,31,Critical,Overheating,8/30/2023,Emergency,781.26,35,Center Epsilon,Under Maintenance
CAR-1065,Premium Sedan,2024,2,39943,Electric,North,Brake,84,Healthy,No Failure,9/12/2025,Preventive,219.21,2,Center Delta,Healthy
CAR-1256,Sedan,2023,3,47501,Diesel,East,Engine,54,Warning,Overheating,1/20/2023,Corrective,1387.22,20,Center Delta,Healthy
CAR-1381,Compact,2018,8,70150,Diesel,East,Transmission,10,Critical,Transmission Fault,7/15/2025,Emergency,2891.32,68,Center Gamma,Under Maintenance
CAR-1117,Premium Sedan,2018,8,82285,Hybrid,Central,Brake,20,Critical,Brake Wear,3/2/2023,Emergency,641.85,29,Center Epsilon,Under Maintenance
CAR-1094,Premium Sedan,2024,2,26434,Electric,Central,Suspension,65,Warning,Suspension Failure,2/3/2024,Preventive,407.84,2,Center Beta,Healthy
CAR-1230,Crossover,2021,5,46258,Electric,West,Battery,65,Warning,Battery Failure,2/3/2025,Preventive,179.41,1,Center Epsilon,Healthy
CAR-1129,City,2021,5,52116,Petrol,Central,Tyre,60,Warning,Tyre Damage,12/6/2023,Preventive,125.56,3,Center Alpha,Healthy
CAR-1052,Compact,2019,7,132046,Diesel,South,Brake,13,Critical,Brake Wear,8/8/2025,Emergency,708.62,56,Center Gamma,Under Maintenance
CAR-1444,Premium Sedan,2023,3,59812,Petrol,Central,Cooling System,84,Healthy,No Failure,9/6/2023,Preventive,288.2,3,Center Gamma,Healthy
CAR-1180,City,2021,5,84672,Petrol,North,Tyre,56,Warning,Tyre Damage,2/1/2025,Corrective,264.49,6,Center Epsilon,Healthy
CAR-1099,Hatchback,2018,8,74089,Petrol,West,Cooling System,42,Critical,Overheating,12/27/2023,Emergency,721.6,30,Center Delta,Under Maintenance
CAR-1452,Sedan,2019,7,79100,Petrol,Central,Engine,32,Critical,Overheating,8/18/2024,Emergency,2321.14,31,Center Epsilon,Under Maintenance
CAR-1182,Sedan,2024,2,16373,Petrol,South,Headlight,79,Healthy,No Failure,10/20/2023,Preventive,90.89,1,Center Epsilon,Healthy
CAR-1348,Sedan,2018,8,146191,Hybrid,North,Engine,10,Critical,Overheating,1/30/2024,Corrective,1658.7,11,Center Epsilon,Needs Inspection
CAR-1488,Hatchback,2022,4,41330,Diesel,Central,Battery,93,Healthy,No Failure,3/28/2023,Preventive,212.03,2,Center Epsilon,Healthy
CAR-1320,Sedan,2020,6,85287,Diesel,West,Transmission,44,Critical,Transmission Fault,10/20/2025,Emergency,1946.46,70,Center Gamma,Under Maintenance
CAR-1287,Sedan,2022,4,50636,Petrol,North,Engine,68,Warning,Overheating,2/5/2025,Preventive,704.14,1,Center Delta,Healthy
CAR-1223,City,2018,8,75973,Hybrid,East,Battery,30,Critical,Battery Failure,11/21/2024,Emergency,573.28,56,Center Beta,Under Maintenance
CAR-1158,Crossover,2019,7,111107,Diesel,West,Brake,24,Critical,Brake Wear,1/11/2024,Emergency,585.99,43,Center Delta,Under Maintenance
CAR-1032,Premium Sedan,2018,8,116898,Diesel,North,Tyre,10,Critical,Tyre Damage,2/28/2025,Emergency,384.59,50,Center Delta,Under Maintenance
CAR-1026,Premium Sedan,2021,5,64012,Diesel,East,Engine,49,Warning,Mechanical Failure,10/8/2025,Preventive,1003.74,2,Center Epsilon,Healthy
CAR-1486,Crossover,2020,6,105290,Hybrid,Central,Transmission,54,Warning,Transmission Fault,12/28/2025,Corrective,1454.15,7,Center Alpha,Healthy
CAR-1292,Premium Sedan,2020,6,100392,Petrol,West,Tyre,71,Warning,Tyre Damage,8/11/2023,Preventive,124.81,2,Center Alpha,Healthy
CAR-1220,Crossover,2018,8,120636,Hybrid,East,Transmission,52,Warning,Transmission Fault,7/8/2025,Corrective,1866.19,12,Center Beta,Healthy
CAR-1465,Compact,2023,3,30459,Electric,North,Cooling System,64,Warning,Overheating,11/4/2023,Corrective,400.69,6,Center Beta,Healthy
CAR-1162,Hatchback,2023,3,54490,Hybrid,Central,Brake,59,Warning,Brake Wear,7/13/2025,Corrective,453.78,17,Center Delta,Healthy
CAR-1453,Premium Sedan,2022,4,67730,Petrol,East,Transmission,73,Warning,Transmission Fault,5/8/2023,Preventive,766.36,1,Center Alpha,Healthy
CAR-1356,Hatchback,2022,4,52205,Hybrid,West,Transmission,81,Healthy,No Failure,6/12/2023,Preventive,1055.46,1,Center Epsilon,Healthy
CAR-1133,Sedan,2022,4,31488,Hybrid,West,Headlight,61,Warning,Lighting Failure,10/27/2023,Corrective,141.83,18,Center Gamma,Healthy
CAR-1469,Crossover,2021,5,81640,Petrol,West,Brake,61,Warning,Brake Wear,7/23/2024,Corrective,350.16,21,Center Delta,Healthy
CAR-1370,Hatchback,2020,6,67932,Petrol,West,Engine,65,Warning,Overheating,12/2/2025,Preventive,720.81,3,Center Beta,Healthy
CAR-1002,Sedan,2023,3,40762,Electric,North,Battery,61,Warning,Battery Failure,1/4/2024,Preventive,226.44,3,Center Delta,Healthy
CAR-1398,City,2019,7,97650,Electric,Central,Brake,69,Warning,Brake Wear,11/20/2025,Preventive,312.97,3,Center Gamma,Healthy
CAR-1116,City,2021,5,89307,Electric,North,Cooling System,23,Critical,Overheating,4/15/2023,Corrective,462.53,17,Center Gamma,Needs Inspection
CAR-1321,City,2020,6,83148,Electric,South,Battery,57,Warning,Battery Failure,10/26/2025,Corrective,363.34,19,Center Epsilon,Healthy
CAR-1288,Sedan,2021,5,92037,Petrol,West,Cooling System,44,Critical,Overheating,8/5/2023,Emergency,665.86,38,Center Alpha,Under Maintenance
CAR-1179,City,2023,3,44180,Electric,Central,Transmission,70,Warning,Transmission Fault,10/12/2023,Corrective,1635.11,18,Center Beta,Healthy
CAR-1359,Premium Sedan,2018,8,110996,Diesel,North,Transmission,36,Critical,Transmission Fault,12/11/2025,Emergency,2111.2,70,Center Alpha,Under Maintenance
CAR-1134,City,2021,5,61967,Diesel,East,Cooling System,31,Critical,Overheating,5/24/2025,Emergency,829.89,62,Center Epsilon,Under Maintenance
CAR-1497,Compact,2024,2,35528,Diesel,Central,Battery,79,Healthy,No Failure,4/6/2025,Preventive,206.22,3,Center Gamma,Healthy
CAR-1305,Compact,2022,4,49797,Diesel,Central,Battery,64,Warning,Battery Failure,8/30/2025,Preventive,215.24,3,Center Gamma,Healthy
CAR-1373,Sedan,2021,5,96964,Electric,North,Tyre,37,Critical,Tyre Damage,9/4/2024,Emergency,310.88,55,Center Beta,Under Maintenance
CAR-1183,Crossover,2024,2,41784,Petrol,South,Brake,100,Healthy,No Failure,9/7/2024,Preventive,312.02,1,Center Epsilon,Healthy
CAR-1113,Hatchback,2022,4,42432,Diesel,North,Tyre,69,Warning,Tyre Damage,10/4/2025,Preventive,151.06,2,Center Alpha,Healthy
CAR-1109,Sedan,2020,6,63509,Petrol,South,Headlight,56,Warning,Lighting Failure,8/16/2025,Preventive,118.23,1,Center Beta,Healthy
CAR-1150,Hatchback,2022,4,68240,Diesel,East,Engine,44,Critical,Overheating,12/8/2025,Corrective,1464.39,23,Center Gamma,Needs Inspection
CAR-1072,Compact,2022,4,68626,Electric,South,Transmission,89,Healthy,No Failure,3/31/2025,Preventive,964.25,3,Center Beta,Healthy
CAR-1267,Compact,2019,7,79356,Hybrid,East,Suspension,40,Critical,Suspension Failure,5/8/2025,Emergency,1218.17,33,Center Alpha,Under Maintenance
CAR-1145,City,2024,2,29671,Electric,North,Headlight,69,Warning,Lighting Failure,5/16/2023,Corrective,139.18,21,Center Epsilon,Healthy
CAR-1476,Crossover,2022,4,61342,Electric,East,Suspension,73,Warning,Suspension Failure,10/14/2023,Preventive,376.95,3,Center Epsilon,Healthy
CAR-1448,Compact,2020,6,73338,Electric,South,Brake,56,Warning,Brake Wear,4/7/2024,Preventive,294.39,3,Center Delta,Healthy
CAR-1200,City,2024,2,26378,Petrol,South,Engine,64,Warning,Wear,11/7/2023,Corrective,1446.35,15,Center Delta,Healthy
CAR-1229,Compact,2019,7,80668,Diesel,South,Tyre,28,Critical,Tyre Damage,8/5/2025,Emergency,463.48,39,Center Beta,Under Maintenance
CAR-1020,Hatchback,2021,5,55930,Petrol,Central,Battery,65,Warning,Battery Failure,9/8/2025,Corrective,347.49,20,Center Delta,Healthy
CAR-1344,Premium Sedan,2022,4,79743,Electric,Central,Battery,72,Warning,Battery Failure,12/19/2025,Corrective,340.51,10,Center Gamma,Healthy
CAR-1106,Sedan,2023,3,25388,Electric,East,Tyre,74,Warning,Tyre Damage,3/30/2025,Corrective,304.74,13,Center Gamma,Healthy
CAR-1215,Sedan,2018,8,129342,Electric,South,Suspension,30,Critical,Suspension Failure,1/4/2025,Emergency,1154.31,62,Center Delta,Under Maintenance
CAR-1177,City,2022,4,72963,Petrol,South,Brake,44,Critical,Brake Wear,11/4/2025,Emergency,505.73,58,Center Delta,Under Maintenance
CAR-1360,City,2018,8,65852,Petrol,West,Suspension,31,Critical,Suspension Failure,12/29/2025,Emergency,1006.47,50,Center Epsilon,Under Maintenance
CAR-1107,Sedan,2022,4,60436,Electric,South,Tyre,59,Warning,Tyre Damage,2/8/2024,Corrective,192.42,6,Center Beta,Healthy
CAR-1118,City,2024,2,33904,Diesel,Central,Transmission,92,Healthy,No Failure,5/22/2025,Preventive,1000.95,1,Center Epsilon,Healthy
CAR-1397,Compact,2023,3,40160,Petrol,West,Suspension,63,Warning,Suspension Failure,3/9/2025,Corrective,594.89,11,Center Beta,Healthy
CAR-1210,Sedan,2021,5,52717,Petrol,West,Engine,69,Warning,Wear,11/9/2023,Preventive,1003.25,3,Center Delta,Healthy
CAR-1491,Crossover,2021,5,64683,Petrol,East,Brake,58,Warning,Brake Wear,2/8/2024,Corrective,443.18,20,Center Beta,Healthy
CAR-1375,City,2023,3,40672,Electric,Central,Suspension,78,Healthy,No Failure,1/15/2025,Preventive,580.62,3,Center Alpha,Healthy
CAR-1142,Premium Sedan,2019,7,97477,Petrol,South,Cooling System,32,Critical,Overheating,3/27/2023,Emergency,886.33,69,Center Delta,Under Maintenance
CAR-1191,City,2020,6,60917,Petrol,East,Transmission,54,Warning,Transmission Fault,7/9/2024,Corrective,1606.6,10,Center Beta,Healthy
CAR-1063,Crossover,2020,6,99132,Diesel,East,Suspension,40,Critical,Suspension Failure,12/21/2023,Corrective,692.37,10,Center Epsilon,Needs Inspection
CAR-1307,Compact,2024,2,25625,Petrol,East,Tyre,57,Warning,Tyre Damage,1/27/2024,Corrective,257.19,23,Center Epsilon,Healthy
CAR-1075,Hatchback,2022,4,32902,Diesel,West,Cooling System,79,Healthy,No Failure,5/2/2024,Preventive,262.58,3,Center Gamma,Healthy
CAR-1066,Compact,2021,5,52438,Petrol,North,Engine,48,Warning,Overheating,3/26/2025,Preventive,652.99,3,Center Beta,Healthy
CAR-1190,Sedan,2024,2,19891,Electric,East,Suspension,82,Healthy,No Failure,2/9/2024,Preventive,445.85,2,Center Alpha,Healthy
CAR-1375,City,2023,3,31839,Electric,Central,Headlight,79,Healthy,No Failure,2/3/2023,Preventive,85.03,1,Center Beta,Healthy
CAR-1361,Hatchback,2019,7,60131,Petrol,West,Battery,35,Critical,Battery Failure,5/5/2023,Emergency,558.6,34,Center Gamma,Under Maintenance
CAR-1397,Compact,2023,3,43503,Petrol,West,Headlight,65,Warning,Lighting Failure,11/30/2023,Corrective,160.11,9,Center Delta,Healthy
CAR-1204,City,2022,4,65179,Diesel,North,Cooling System,67,Warning,Overheating,8/2/2024,Preventive,386.61,1,Center Beta,Healthy
CAR-1193,Hatchback,2021,5,51445,Petrol,North,Transmission,54,Warning,Transmission Fault,2/4/2023,Corrective,1609.17,12,Center Gamma,Healthy
CAR-1198,Sedan,2019,7,72120,Electric,North,Engine,46,Warning,Mechanical Failure,9/3/2024,Corrective,1490.37,16,Center Beta,Healthy
CAR-1167,Premium Sedan,2018,8,127370,Diesel,North,Headlight,19,Critical,Lighting Failure,7/12/2024,Corrective,183.39,22,Center Alpha,Needs Inspection
CAR-1381,Compact,2018,8,70713,Diesel,East,Cooling System,55,Warning,Overheating,6/11/2023,Corrective,474.39,16,Center Beta,Healthy
CAR-1068,Compact,2022,4,38799,Electric,West,Headlight,68,Warning,Lighting Failure,7/30/2024,Preventive,124.27,1,Center Gamma,Healthy
CAR-1078,Premium Sedan,2021,5,73756,Diesel,Central,Engine,77,Healthy,No Failure,6/21/2023,Preventive,1009.83,3,Center Epsilon,Healthy
CAR-1016,Crossover,2019,7,126063,Electric,Central,Battery,13,Critical,Battery Failure,2/21/2023,Corrective,256.25,8,Center Delta,Needs Inspection
CAR-1440,Hatchback,2024,2,29643,Petrol,North,Brake,68,Warning,Brake Wear,11/2/2025,Preventive,206.41,2,Center Beta,Healthy
CAR-1477,Hatchback,2020,6,106304,Electric,Central,Tyre,42,Critical,Tyre Damage,10/2/2023,Emergency,341.13,57,Center Epsilon,Under Maintenance
CAR-1324,Sedan,2018,8,137989,Petrol,North,Tyre,37,Critical,Tyre Damage,2/7/2023,Emergency,363.01,21,Center Gamma,Needs Inspection
CAR-1202,City,2020,6,105165,Hybrid,North,Engine,44,Critical,Overheating,8/14/2023,Emergency,2449.98,71,Center Alpha,Under Maintenance
CAR-1130,Sedan,2018,8,122284,Electric,Central,Tyre,14,Critical,Tyre Damage,12/11/2025,Emergency,393.91,30,Center Gamma,Under Maintenance
CAR-1054,Compact,2024,2,16926,Hybrid,Central,Engine,89,Healthy,No Failure,10/26/2025,Preventive,726.65,3,Center Beta,Healthy
CAR-1161,Compact,2022,4,39621,Electric,West,Cooling System,55,Warning,Overheating,6/5/2023,Corrective,572.14,22,Center Gamma,Healthy
CAR-1224,Sedan,2018,8,140615,Diesel,North,Transmission,10,Critical,Transmission Fault,3/20/2025,Corrective,1346.74,6,Center Beta,Needs Inspection
CAR-1029,Sedan,2020,6,89090,Electric,North,Suspension,62,Warning,Suspension Failure,8/15/2024,Corrective,696.99,9,Center Gamma,Healthy
CAR-1390,City,2019,7,118884,Diesel,North,Tyre,46,Warning,Tyre Damage,8/9/2025,Preventive,142.01,1,Center Delta,Healthy
CAR-1264,Premium Sedan,2021,5,75336,Diesel,East,Battery,73,Warning,Battery Failure,10/13/2024,Corrective,368.45,6,Center Delta,Healthy
CAR-1465,Compact,2023,3,33470,Electric,North,Brake,91,Healthy,No Failure,8/8/2024,Preventive,289.02,1,Center Beta,Healthy
CAR-1419,Hatchback,2022,4,51848,Diesel,East,Engine,47,Warning,Mechanical Failure,2/1/2024,Corrective,1537.37,18,Center Gamma,Healthy
CAR-1192,Crossover,2022,4,44653,Petrol,North,Brake,46,Warning,Brake Wear,5/3/2024,Preventive,268.66,1,Center Epsilon,Healthy
CAR-1455,Compact,2020,6,65998,Petrol,North,Transmission,43,Critical,Transmission Fault,1/3/2025,Emergency,2040.13,46,Center Beta,Under Maintenance
CAR-1220,Crossover,2018,8,114276,Hybrid,East,Battery,25,Critical,Battery Failure,6/16/2025,Emergency,401.98,52,Center Alpha,Under Maintenance
CAR-1246,Crossover,2019,7,113516,Petrol,Central,Transmission,16,Critical,Transmission Fault,12/26/2025,Emergency,2843.68,36,Center Gamma,Under Maintenance
CAR-1040,City,2018,8,132793,Hybrid,Central,Cooling System,38,Critical,Overheating,10/1/2025,Emergency,854.82,53,Center Epsilon,Under Maintenance
CAR-1121,City,2024,2,31189,Diesel,South,Battery,57,Warning,Battery Failure,1/8/2023,Corrective,236.79,11,Center Delta,Healthy
CAR-1441,Premium Sedan,2024,2,32392,Petrol,East,Brake,63,Warning,Brake Wear,8/31/2025,Preventive,224.71,2,Center Beta,Healthy
CAR-1460,City,2021,5,50100,Hybrid,Central,Cooling System,46,Warning,Overheating,6/23/2024,Corrective,525.93,10,Center Beta,Healthy
CAR-1001,Hatchback,2023,3,33524,Petrol,North,Cooling System,87,Healthy,No Failure,5/20/2024,Preventive,337.81,3,Center Epsilon,Healthy
CAR-1374,Compact,2018,8,68369,Hybrid,East,Battery,45,Warning,Battery Failure,12/6/2024,Corrective,312.07,22,Center Epsilon,Healthy
CAR-1410,Sedan,2018,8,139464,Diesel,South,Engine,19,Critical,Mechanical Failure,3/18/2024,Emergency,2031.37,42,Center Epsilon,Under Maintenance
CAR-1307,Compact,2024,2,34909,Petrol,East,Suspension,99,Healthy,No Failure,1/28/2024,Preventive,442.35,2,Center Beta,Healthy
CAR-1400,Premium Sedan,2019,7,107097,Petrol,South,Tyre,48,Warning,Tyre Damage,4/12/2025,Preventive,165.73,3,Center Beta,Healthy
CAR-1491,Crossover,2021,5,87793,Petrol,East,Suspension,49,Warning,Suspension Failure,3/28/2024,Corrective,619.76,9,Center Alpha,Healthy
CAR-1256,Sedan,2023,3,46809,Diesel,East,Engine,74,Warning,Overheating,5/15/2024,Corrective,1473.42,14,Center Epsilon,Healthy
CAR-1203,Crossover,2022,4,43446,Hybrid,South,Suspension,73,Warning,Suspension Failure,9/1/2025,Preventive,534.24,1,Center Epsilon,Healthy
CAR-1135,Hatchback,2022,4,36252,Electric,North,Tyre,77,Healthy,No Failure,12/2/2024,Preventive,191.99,2,Center Alpha,Healthy
CAR-1172,Crossover,2022,4,68817,Electric,North,Transmission,63,Warning,Transmission Fault,5/23/2023,Preventive,1119.74,2,Center Beta,Healthy
CAR-1409,Premium Sedan,2023,3,60799,Petrol,North,Transmission,72,Warning,Transmission Fault,1/18/2023,Corrective,1795.21,9,Center Gamma,Healthy
CAR-1159,Premium Sedan,2021,5,73037,Electric,East,Engine,57,Warning,Mechanical Failure,9/17/2023,Preventive,723.35,2,Center Alpha,Healthy
CAR-1161,Compact,2022,4,39651,Electric,West,Engine,67,Warning,Overheating,6/1/2024,Preventive,773.54,2,Center Beta,Healthy
CAR-1066,Compact,2021,5,53066,Petrol,North,Headlight,65,Warning,Lighting Failure,2/7/2024,Preventive,90.76,1,Center Gamma,Healthy
CAR-1328,Crossover,2024,2,22257,Diesel,East,Engine,100,Healthy,No Failure,1/28/2024,Preventive,746.21,2,Center Delta,Healthy
CAR-1088,Hatchback,2024,2,35603,Petrol,South,Engine,100,Healthy,No Failure,11/20/2023,Preventive,730.39,2,Center Beta,Healthy
CAR-1109,Sedan,2020,6,58655,Petrol,South,Headlight,43,Critical,Lighting Failure,2/5/2023,Emergency,240.06,28,Center Gamma,Under Maintenance
CAR-1090,Compact,2023,3,35152,Diesel,South,Battery,60,Warning,Battery Failure,3/21/2023,Corrective,369.54,23,Center Gamma,Healthy
CAR-1457,Compact,2022,4,38461,Electric,North,Suspension,71,Warning,Suspension Failure,7/29/2024,Corrective,620.01,21,Center Delta,Healthy
CAR-1018,Compact,2022,4,35809,Diesel,North,Headlight,47,Warning,Lighting Failure,2/6/2024,Preventive,103.03,1,Center Gamma,Healthy
CAR-1110,Sedan,2018,8,119789,Diesel,South,Battery,10,Critical,Battery Failure,9/14/2023,Corrective,268.99,6,Center Alpha,Needs Inspection
CAR-1285,City,2022,4,63464,Petrol,North,Engine,50,Warning,Overheating,9/23/2025,Corrective,1597.97,6,Center Delta,Healthy
CAR-1364,Crossover,2024,2,40137,Diesel,Central,Brake,73,Warning,Brake Wear,12/30/2023,Preventive,244.55,2,Center Gamma,Healthy
CAR-1118,City,2024,2,36884,Diesel,Central,Battery,88,Healthy,No Failure,5/17/2024,Preventive,220.54,1,Center Gamma,Healthy
CAR-1050,Crossover,2022,4,52527,Petrol,East,Brake,65,Warning,Brake Wear,2/2/2025,Corrective,382.94,14,Center Delta,Healthy
CAR-1407,Crossover,2021,5,54130,Diesel,Central,Tyre,44,Critical,Tyre Damage,3/16/2025,Emergency,329.93,19,Center Delta,Needs Inspection
CAR-1322,City,2018,8,91115,Petrol,North,Headlight,11,Critical,Lighting Failure,4/22/2025,Emergency,257.11,40,Center Gamma,Under Maintenance
CAR-1131,Hatchback,2021,5,85133,Diesel,Central,Headlight,43,Critical,Lighting Failure,10/14/2023,Emergency,261.45,18,Center Epsilon,Needs Inspection
CAR-1386,Compact,2024,2,38812,Hybrid,South,Tyre,70,Warning,Tyre Damage,4/20/2024,Corrective,298.63,11,Center Epsilon,Healthy
CAR-1395,Compact,2021,5,42174,Diesel,South,Tyre,37,Critical,Tyre Damage,8/25/2025,Emergency,412.9,42,Center Beta,Under Maintenance
CAR-1087,Crossover,2018,8,125755,Petrol,North,Headlight,23,Critical,Lighting Failure,3/7/2024,Corrective,137.63,8,Center Delta,Needs Inspection
CAR-1211,City,2022,4,36477,Diesel,South,Battery,82,Healthy,No Failure,11/4/2025,Preventive,153.4,2,Center Gamma,Healthy
CAR-1211,City,2022,4,40737,Diesel,South,Transmission,53,Warning,Transmission Fault,1/28/2023,Corrective,1526.21,18,Center Epsilon,Healthy
CAR-1457,Compact,2022,4,67492,Electric,North,Brake,93,Healthy,No Failure,10/6/2023,Preventive,290.42,2,Center Gamma,Healthy
CAR-1478,Sedan,2018,8,76750,Diesel,South,Battery,68,Warning,Battery Failure,4/26/2024,Corrective,329.44,14,Center Beta,Healthy
CAR-1406,City,2019,7,79916,Diesel,Central,Transmission,52,Warning,Transmission Fault,10/27/2024,Preventive,1000.04,1,Center Beta,Healthy
CAR-1330,Crossover,2022,4,53721,Diesel,Central,Cooling System,84,Healthy,No Failure,6/18/2024,Preventive,316.84,3,Center Beta,Healthy
CAR-1375,City,2023,3,39803,Electric,Central,Battery,74,Warning,Battery Failure,4/16/2023,Preventive,212.67,1,Center Beta,Healthy
CAR-1186,Hatchback,2021,5,94355,Petrol,North,Cooling System,70,Warning,Overheating,12/9/2024,Preventive,298.37,3,Center Delta,Healthy
CAR-1224,Sedan,2018,8,81138,Diesel,North,Brake,28,Critical,Brake Wear,6/7/2023,Emergency,806.01,44,Center Gamma,Under Maintenance
CAR-1237,Premium Sedan,2022,4,43213,Petrol,South,Engine,82,Healthy,No Failure,10/9/2024,Preventive,715.73,1,Center Gamma,Healthy
CAR-1378,Compact,2023,3,38882,Petrol,Central,Cooling System,70,Warning,Overheating,6/14/2023,Preventive,316.6,2,Center Alpha,Healthy
CAR-1087,Crossover,2018,8,143220,Petrol,North,Brake,35,Critical,Brake Wear,1/9/2024,Corrective,361.26,8,Center Delta,Needs Inspection
CAR-1202,City,2020,6,80602,Hybrid,North,Engine,43,Critical,Mechanical Failure,6/15/2023,Emergency,2253.8,23,Center Delta,Needs Inspection
CAR-1427,Crossover,2022,4,67072,Petrol,North,Transmission,71,Warning,Transmission Fault,2/12/2023,Preventive,755.45,1,Center Beta,Healthy
CAR-1041,Sedan,2019,7,99340,Petrol,South,Engine,38,Critical,Wear,12/11/2023,Emergency,2537.7,25,Center Beta,Under Maintenance
CAR-1005,Compact,2019,7,95611,Petrol,East,Brake,26,Critical,Brake Wear,1/4/2023,Emergency,559.6,48,Center Beta,Under Maintenance
CAR-1233,Sedan,2022,4,53259,Diesel,East,Battery,53,Warning,Battery Failure,3/13/2025,Preventive,206.75,1,Center Gamma,Healthy
CAR-1485,Hatchback,2023,3,44682,Diesel,West,Tyre,54,Warning,Tyre Damage,9/9/2025,Preventive,139.67,1,Center Alpha,Healthy
CAR-1484,City,2024,2,27052,Diesel,North,Transmission,87,Healthy,No Failure,3/25/2024,Preventive,809.76,1,Center Beta,Healthy
CAR-1482,Hatchback,2018,8,82419,Diesel,Central,Transmission,26,Critical,Transmission Fault,3/31/2024,Corrective,1437.08,10,Center Gamma,Needs Inspection
CAR-1065,Premium Sedan,2024,2,39016,Electric,North,Engine,56,Warning,Mechanical Failure,2/18/2024,Corrective,1441.72,8,Center Delta,Healthy
CAR-1008,Sedan,2022,4,65568,Diesel,East,Headlight,70,Warning,Lighting Failure,11/29/2024,Preventive,82.95,2,Center Gamma,Healthy
CAR-1117,Premium Sedan,2018,8,85118,Hybrid,Central,Engine,64,Warning,Wear,4/4/2024,Corrective,1320.67,19,Center Gamma,Healthy
CAR-1078,Premium Sedan,2021,5,76172,Diesel,Central,Engine,34,Critical,Overheating,4/18/2025,Emergency,1725.01,25,Center Epsilon,Under Maintenance
CAR-1214,City,2024,2,20181,Petrol,South,Tyre,68,Warning,Tyre Damage,9/22/2025,Preventive,141.22,2,Center Gamma,Healthy
CAR-1274,Premium Sedan,2021,5,51530,Petrol,Central,Headlight,67,Warning,Lighting Failure,2/11/2025,Corrective,148.31,11,Center Beta,Healthy
CAR-1057,Premium Sedan,2022,4,62507,Petrol,South,Engine,73,Warning,Overheating,12/11/2025,Corrective,1361.61,10,Center Alpha,Healthy
CAR-1010,Premium Sedan,2019,7,98845,Electric,South,Battery,11,Critical,Battery Failure,10/28/2025,Emergency,391.37,45,Center Epsilon,Under Maintenance
CAR-1361,Hatchback,2019,7,105397,Petrol,West,Engine,46,Warning,Overheating,2/21/2024,Corrective,1210.99,22,Center Gamma,Healthy
CAR-1214,City,2024,2,36751,Petrol,South,Headlight,64,Warning,Lighting Failure,8/4/2023,Preventive,92.74,3,Center Epsilon,Healthy
CAR-1220,Crossover,2018,8,84137,Hybrid,East,Tyre,33,Critical,Tyre Damage,9/19/2024,Emergency,326.1,49,Center Alpha,Under Maintenance
CAR-1226,Compact,2023,3,44714,Petrol,North,Tyre,81,Healthy,No Failure,1/21/2025,Preventive,148.43,3,Center Gamma,Healthy
CAR-1417,Compact,2018,8,66137,Electric,North,Brake,52,Warning,Brake Wear,11/3/2025,Corrective,332.37,19,Center Beta,Healthy
CAR-1214,City,2024,2,41262,Petrol,South,Engine,76,Healthy,No Failure,6/1/2025,Preventive,1032.13,2,Center Gamma,Healthy
CAR-1319,Premium Sedan,2023,3,38896,Diesel,North,Headlight,64,Warning,Lighting Failure,10/1/2023,Corrective,156.57,17,Center Epsilon,Healthy
CAR-1287,Sedan,2022,4,67159,Petrol,North,Tyre,73,Warning,Tyre Damage,7/25/2024,Preventive,183.8,3,Center Alpha,Healthy
CAR-1436,Premium Sedan,2020,6,81352,Diesel,Central,Engine,51,Warning,Mechanical Failure,10/26/2024,Preventive,842.6,2,Center Beta,Healthy
CAR-1103,City,2023,3,36088,Electric,East,Transmission,80,Healthy,No Failure,8/3/2024,Preventive,1153.78,3,Center Beta,Healthy
CAR-1219,Premium Sedan,2023,3,46232,Diesel,North,Tyre,85,Healthy,No Failure,1/2/2024,Preventive,168.79,2,Center Alpha,Healthy
CAR-1060,Premium Sedan,2019,7,81771,Electric,West,Battery,56,Warning,Battery Failure,9/11/2025,Preventive,219.84,1,Center Gamma,Healthy
CAR-1390,City,2019,7,120321,Diesel,North,Engine,12,Critical,Mechanical Failure,1/10/2023,Emergency,2024.34,67,Center Delta,Under Maintenance
CAR-1319,Premium Sedan,2023,3,46224,Diesel,North,Engine,78,Healthy,No Failure,4/7/2023,Preventive,900.79,2,Center Epsilon,Healthy
CAR-1376,Compact,2021,5,90257,Diesel,Central,Headlight,51,Warning,Lighting Failure,3/1/2025,Corrective,154.95,7,Center Gamma,Healthy
CAR-1070,Crossover,2022,4,60103,Electric,East,Tyre,67,Warning,Tyre Damage,7/26/2024,Corrective,261,9,Center Beta,Healthy
CAR-1278,City,2021,5,86921,Electric,Central,Tyre,47,Warning,Tyre Damage,12/16/2025,Corrective,201.3,9,Center Alpha,Healthy
CAR-1357,Crossover,2021,5,61019,Petrol,Central,Cooling System,96,Healthy,No Failure,7/26/2025,Preventive,263.87,1,Center Epsilon,Healthy
CAR-1152,Sedan,2020,6,61360,Diesel,North,Cooling System,59,Warning,Overheating,2/2/2023,Corrective,547.17,10,Center Epsilon,Healthy
CAR-1237,Premium Sedan,2022,4,55853,Petrol,South,Suspension,52,Warning,Suspension Failure,3/1/2023,Preventive,549.21,1,Center Epsilon,Healthy
CAR-1466,City,2018,8,99222,Petrol,North,Transmission,50,Warning,Transmission Fault,5/10/2023,Preventive,965.51,1,Center Epsilon,Healthy
CAR-1471,Hatchback,2023,3,25878,Petrol,East,Tyre,70,Warning,Tyre Damage,11/19/2025,Preventive,148.73,2,Center Alpha,Healthy
CAR-1023,Compact,2018,8,105419,Petrol,South,Transmission,18,Critical,Transmission Fault,2/19/2023,Corrective,1181.74,20,Center Delta,Needs Inspection
CAR-1045,City,2022,4,68426,Hybrid,Central,Brake,63,Warning,Brake Wear,6/27/2025,Corrective,457.77,22,Center Beta,Healthy
CAR-1195,Sedan,2024,2,22943,Petrol,North,Transmission,92,Healthy,No Failure,9/27/2023,Preventive,832.21,3,Center Epsilon,Healthy
CAR-1379,Sedan,2023,3,22572,Hybrid,North,Engine,53,Warning,Wear,10/12/2024,Preventive,939.9,1,Center Epsilon,Healthy
CAR-1293,Sedan,2022,4,71614,Hybrid,South,Tyre,40,Critical,Tyre Damage,9/28/2023,Emergency,436.73,55,Center Epsilon,Under Maintenance
CAR-1236,Hatchback,2023,3,25174,Diesel,South,Engine,99,Healthy,No Failure,11/24/2023,Preventive,805.93,2,Center Beta,Healthy
CAR-1345,Hatchback,2019,7,109193,Diesel,West,Tyre,28,Critical,Tyre Damage,2/29/2024,Corrective,298.41,19,Center Gamma,Needs Inspection
CAR-1293,Sedan,2022,4,70358,Hybrid,South,Engine,50,Warning,Mechanical Failure,8/3/2023,Corrective,1582.64,13,Center Delta,Healthy
CAR-1265,City,2021,5,46006,Electric,West,Cooling System,80,Healthy,No Failure,7/3/2023,Preventive,242.31,1,Center Epsilon,Healthy
CAR-1161,Compact,2022,4,45520,Electric,West,Cooling System,73,Warning,Overheating,10/20/2023,Preventive,381.73,1,Center Epsilon,Healthy
CAR-1055,Hatchback,2018,8,113611,Diesel,South,Headlight,23,Critical,Lighting Failure,12/14/2025,Emergency,303.63,20,Center Delta,Needs Inspection
CAR-1003,Hatchback,2022,4,68679,Diesel,Central,Cooling System,55,Warning,Overheating,2/24/2024,Preventive,324.28,2,Center Epsilon,Healthy
CAR-1275,Premium Sedan,2021,5,70151,Petrol,South,Tyre,56,Warning,Tyre Damage,5/17/2025,Corrective,203.85,7,Center Alpha,Healthy
CAR-1237,Premium Sedan,2022,4,48468,Petrol,South,Battery,57,Warning,Battery Failure,5/25/2024,Preventive,195.58,3,Center Beta,Healthy
CAR-1333,Sedan,2021,5,73696,Electric,West,Tyre,51,Warning,Tyre Damage,1/25/2023,Preventive,126.03,1,Center Gamma,Healthy
CAR-1183,Crossover,2024,2,26324,Petrol,South,Headlight,97,Healthy,No Failure,11/28/2025,Preventive,102.08,2,Center Alpha,Healthy
CAR-1082,Premium Sedan,2020,6,115365,Diesel,South,Engine,42,Critical,Mechanical Failure,5/26/2024,Emergency,2528.61,70,Center Delta,Under Maintenance
CAR-1265,City,2021,5,78735,Electric,West,Engine,44,Critical,Wear,7/19/2025,Emergency,2451.29,41,Center Delta,Under Maintenance
CAR-1313,Premium Sedan,2018,8,119530,Diesel,Central,Engine,10,Critical,Wear,1/2/2024,Emergency,2133.78,69,Center Delta,Under Maintenance
CAR-1499,Premium Sedan,2024,2,15997,Hybrid,Central,Battery,93,Healthy,No Failure,12/9/2023,Preventive,218.87,1,Center Gamma,Healthy
CAR-1121,City,2024,2,42094,Diesel,South,Transmission,77,Healthy,No Failure,4/18/2025,Preventive,910.06,1,Center Alpha,Healthy
CAR-1160,Compact,2018,8,149466,Diesel,Central,Brake,10,Critical,Brake Wear,1/1/2023,Emergency,577.28,30,Center Alpha,Under Maintenance
CAR-1172,Crossover,2022,4,42165,Electric,North,Transmission,38,Critical,Transmission Fault,8/7/2025,Emergency,2591.83,62,Center Beta,Under Maintenance
CAR-1256,Sedan,2023,3,38599,Diesel,East,Battery,83,Healthy,No Failure,12/9/2025,Preventive,192.03,3,Center Beta,Healthy
CAR-1308,Compact,2018,8,121274,Diesel,South,Suspension,59,Warning,Suspension Failure,10/10/2024,Preventive,401.68,1,Center Epsilon,Healthy
CAR-1072,Compact,2022,4,42565,Electric,South,Tyre,64,Warning,Tyre Damage,9/3/2024,Corrective,278.31,8,Center Delta,Healthy
CAR-1345,Hatchback,2019,7,84046,Diesel,West,Tyre,59,Warning,Tyre Damage,10/25/2024,Corrective,206.79,21,Center Beta,Healthy
CAR-1346,Sedan,2019,7,125219,Hybrid,East,Transmission,24,Critical,Transmission Fault,4/25/2025,Emergency,2799.35,61,Center Alpha,Under Maintenance
CAR-1115,Compact,2020,6,50427,Diesel,Central,Cooling System,68,Warning,Overheating,6/13/2023,Corrective,524.89,18,Center Epsilon,Healthy
CAR-1483,Crossover,2023,3,50865,Petrol,South,Transmission,84,Healthy,No Failure,9/5/2023,Preventive,761.43,1,Center Alpha,Healthy
CAR-1418,Crossover,2022,4,47033,Diesel,West,Battery,81,Healthy,No Failure,9/21/2025,Preventive,150.81,2,Center Delta,Healthy
CAR-1436,Premium Sedan,2020,6,93787,Diesel,Central,Cooling System,50,Warning,Overheating,11/28/2024,Corrective,566.52,15,Center Epsilon,Healthy
CAR-1065,Premium Sedan,2024,2,26310,Electric,North,Battery,58,Warning,Battery Failure,1/11/2023,Preventive,218.66,3,Center Alpha,Healthy
CAR-1432,City,2022,4,51187,Petrol,North,Engine,77,Healthy,No Failure,7/18/2023,Preventive,973.44,1,Center Delta,Healthy
CAR-1088,Hatchback,2024,2,28071,Petrol,South,Headlight,72,Warning,Lighting Failure,7/29/2023,Corrective,170.37,6,Center Alpha,Healthy
CAR-1166,Crossover,2019,7,94434,Petrol,West,Tyre,38,Critical,Tyre Damage,3/1/2025,Emergency,449.97,50,Center Epsilon,Under Maintenance
CAR-1079,Compact,2019,7,128425,Petrol,West,Engine,35,Critical,Overheating,3/2/2023,Corrective,1207.97,14,Center Delta,Needs Inspection
CAR-1219,Premium Sedan,2023,3,47731,Diesel,North,Brake,88,Healthy,No Failure,11/24/2024,Preventive,211.03,3,Center Delta,Healthy
CAR-1422,Compact,2018,8,72008,Diesel,North,Tyre,37,Critical,Tyre Damage,2/19/2025,Emergency,363.81,35,Center Delta,Under Maintenance
CAR-1446,Compact,2021,5,42834,Petrol,East,Tyre,91,Healthy,No Failure,11/26/2024,Preventive,150.01,3,Center Gamma,Healthy
CAR-1429,Sedan,2023,3,43265,Petrol,West,Tyre,57,Warning,Tyre Damage,5/13/2023,Corrective,255.84,13,Center Alpha,Healthy
CAR-1403,Premium Sedan,2020,6,94423,Electric,South,Transmission,51,Warning,Transmission Fault,7/29/2023,Corrective,1708.86,10,Center Gamma,Healthy
CAR-1271,Premium Sedan,2019,7,77704,Hybrid,North,Battery,48,Warning,Battery Failure,8/22/2023,Preventive,224.02,3,Center Delta,Healthy
CAR-1453,Premium Sedan,2022,4,58718,Petrol,East,Brake,77,Healthy,No Failure,11/30/2024,Preventive,314.35,3,Center Epsilon,Healthy
CAR-1447,Premium Sedan,2018,8,127329,Hybrid,South,Engine,29,Critical,Mechanical Failure,5/19/2025,Corrective,1143.58,12,Center Beta,Needs Inspection
CAR-1018,Compact,2022,4,40040,Diesel,North,Battery,77,Healthy,No Failure,4/28/2024,Preventive,204.94,3,Center Beta,Healthy
CAR-1183,Crossover,2024,2,18750,Petrol,South,Engine,100,Healthy,No Failure,6/14/2024,Preventive,1002.67,3,Center Alpha,Healthy
CAR-1138,Sedan,2024,2,29394,Electric,East,Battery,65,Warning,Battery Failure,5/9/2025,Preventive,178.05,3,Center Alpha,Healthy
CAR-1330,Crossover,2022,4,60967,Diesel,Central,Headlight,85,Healthy,No Failure,5/3/2024,Preventive,127.1,3,Center Epsilon,Healthy
CAR-1076,Compact,2022,4,55040,Hybrid,West,Brake,60,Warning,Brake Wear,12/7/2023,Corrective,460.31,18,Center Alpha,Healthy
CAR-1303,City,2019,7,80586,Diesel,Central,Suspension,23,Critical,Suspension Failure,3/25/2025,Emergency,1088.36,67,Center Beta,Under Maintenance
CAR-1207,Premium Sedan,2023,3,30322,Diesel,Central,Suspension,84,Healthy,No Failure,8/1/2024,Preventive,529.77,1,Center Delta,Healthy
CAR-1223,City,2018,8,84192,Hybrid,East,Cooling System,31,Critical,Overheating,9/24/2024,Emergency,800,53,Center Epsilon,Under Maintenance
CAR-1233,Sedan,2022,4,39262,Diesel,East,Brake,48,Warning,Brake Wear,7/19/2025,Preventive,223.38,2,Center Alpha,Healthy
CAR-1359,Premium Sedan,2018,8,106080,Diesel,North,Battery,33,Critical,Battery Failure,1/27/2024,Emergency,436.97,36,Center Alpha,Under Maintenance
CAR-1396,Sedan,2019,7,107007,Petrol,West,Engine,46,Warning,Mechanical Failure,4/28/2024,Preventive,896.1,3,Center Alpha,Healthy
CAR-1178,Crossover,2018,8,98941,Diesel,East,Battery,22,Critical,Battery Failure,9/2/2024,Emergency,583.82,62,Center Delta,Under Maintenance
CAR-1369,Premium Sedan,2023,3,32506,Hybrid,Central,Tyre,79,Healthy,No Failure,8/13/2023,Preventive,133.99,1,Center Delta,Healthy
CAR-1440,Hatchback,2024,2,17118,Petrol,North,Battery,94,Healthy,No Failure,1/3/2024,Preventive,214.1,2,Center Beta,Healthy
CAR-1493,Premium Sedan,2018,8,112937,Hybrid,West,Cooling System,36,Critical,Overheating,10/14/2025,Corrective,468.29,6,Center Delta,Needs Inspection
CAR-1396,Sedan,2019,7,93688,Petrol,West,Tyre,36,Critical,Tyre Damage,7/9/2023,Emergency,466.64,43,Center Alpha,Under Maintenance
CAR-1376,Compact,2021,5,72705,Diesel,Central,Suspension,67,Warning,Suspension Failure,10/14/2024,Preventive,403.23,3,Center Epsilon,Healthy
CAR-1181,City,2018,8,147791,Petrol,Central,Battery,12,Critical,Battery Failure,12/3/2024,Corrective,338.66,6,Center Beta,Needs Inspection
CAR-1178,Crossover,2018,8,74437,Diesel,East,Transmission,55,Warning,Transmission Fault,8/14/2024,Preventive,1116.56,2,Center Epsilon,Healthy
CAR-1415,Sedan,2019,7,80015,Diesel,North,Engine,56,Warning,Overheating,6/10/2024,Preventive,649.24,2,Center Delta,Healthy
CAR-1217,Compact,2022,4,81112,Petrol,South,Headlight,52,Warning,Lighting Failure,7/17/2025,Preventive,104.5,2,Center Delta,Healthy
CAR-1261,Compact,2021,5,83087,Petrol,Central,Tyre,44,Critical,Tyre Damage,1/20/2024,Corrective,214.27,19,Center Beta,Needs Inspection
CAR-1202,City,2020,6,94062,Hybrid,North,Battery,51,Warning,Battery Failure,2/10/2024,Corrective,364.71,11,Center Delta,Healthy
CAR-1227,Hatchback,2022,4,39831,Petrol,South,Tyre,64,Warning,Tyre Damage,12/22/2023,Corrective,270.9,9,Center Beta,Healthy
CAR-1045,City,2022,4,49133,Hybrid,Central,Brake,74,Warning,Brake Wear,12/24/2025,Corrective,393.92,12,Center Alpha,Healthy
CAR-1440,Hatchback,2024,2,23819,Petrol,North,Cooling System,85,Healthy,No Failure,7/21/2023,Preventive,357.32,2,Center Beta,Healthy
CAR-1343,Hatchback,2022,4,50728,Hybrid,North,Headlight,71,Warning,Lighting Failure,12/7/2025,Corrective,143.2,12,Center Beta,Healthy
CAR-1225,Crossover,2018,8,141704,Petrol,North,Headlight,24,Critical,Lighting Failure,1/8/2024,Emergency,316.34,68,Center Epsilon,Under Maintenance
CAR-1008,Sedan,2022,4,70562,Diesel,East,Battery,77,Healthy,No Failure,10/1/2023,Preventive,216.02,2,Center Beta,Healthy
CAR-1176,Premium Sedan,2020,6,72532,Electric,Central,Suspension,50,Warning,Suspension Failure,3/18/2025,Corrective,907.37,22,Center Gamma,Healthy
CAR-1136,Compact,2024,2,21609,Diesel,Central,Brake,87,Healthy,No Failure,11/22/2023,Preventive,267.15,2,Center Epsilon,Healthy
CAR-1079,Compact,2019,7,86430,Petrol,West,Brake,53,Warning,Brake Wear,5/26/2025,Preventive,257.34,3,Center Beta,Healthy
CAR-1109,Sedan,2020,6,81808,Petrol,South,Brake,46,Warning,Brake Wear,12/29/2024,Corrective,401.98,18,Center Alpha,Healthy
CAR-1027,City,2021,5,76350,Diesel,Central,Tyre,32,Critical,Tyre Damage,12/9/2024,Emergency,438.72,47,Center Alpha,Under Maintenance
CAR-1058,Premium Sedan,2019,7,122812,Hybrid,Central,Transmission,62,Warning,Transmission Fault,10/26/2023,Corrective,1287.35,15,Center Alpha,Healthy
CAR-1134,City,2021,5,61465,Diesel,East,Headlight,49,Warning,Lighting Failure,9/10/2025,Corrective,190.35,16,Center Epsilon,Healthy
CAR-1480,Compact,2018,8,146477,Diesel,West,Headlight,10,Critical,Lighting Failure,6/11/2023,Corrective,166.86,15,Center Delta,Needs Inspection
CAR-1103,City,2023,3,49200,Electric,East,Tyre,71,Warning,Tyre Damage,7/14/2024,Preventive,120.1,1,Center Delta,Healthy
CAR-1061,Hatchback,2023,3,30922,Electric,South,Tyre,72,Warning,Tyre Damage,6/26/2023,Corrective,267.62,20,Center Beta,Healthy
CAR-1001,Hatchback,2023,3,20896,Petrol,North,Tyre,72,Warning,Tyre Damage,5/10/2024,Corrective,283.22,9,Center Gamma,Healthy
CAR-1183,Crossover,2024,2,30855,Petrol,South,Battery,100,Healthy,No Failure,11/6/2023,Preventive,196.15,3,Center Epsilon,Healthy
CAR-1364,Crossover,2024,2,35202,Diesel,Central,Brake,97,Healthy,No Failure,2/10/2023,Preventive,291.23,3,Center Gamma,Healthy
CAR-1181,City,2018,8,121128,Petrol,Central,Battery,22,Critical,Battery Failure,10/5/2023,Emergency,554.04,29,Center Epsilon,Under Maintenance
CAR-1175,Compact,2023,3,54472,Hybrid,Central,Suspension,54,Warning,Suspension Failure,1/30/2025,Corrective,645.92,13,Center Delta,Healthy
CAR-1422,Compact,2018,8,101667,Diesel,North,Headlight,30,Critical,Lighting Failure,1/28/2024,Emergency,204.27,62,Center Beta,Under Maintenance
CAR-1334,Crossover,2018,8,82247,Diesel,Central,Battery,30,Critical,Battery Failure,12/18/2023,Emergency,376.66,44,Center Gamma,Under Maintenance
CAR-1413,Compact,2023,3,38000,Diesel,South,Brake,62,Warning,Brake Wear,4/7/2025,Preventive,200.97,2,Center Delta,Healthy
CAR-1476,Crossover,2022,4,53039,Electric,East,Battery,63,Warning,Battery Failure,1/1/2024,Preventive,193.07,1,Center Delta,Healthy
CAR-1345,Hatchback,2019,7,119912,Diesel,West,Headlight,32,Critical,Lighting Failure,2/5/2024,Emergency,297.73,31,Center Delta,Under Maintenance
CAR-1316,City,2019,7,57612,Electric,North,Suspension,76,Healthy,No Failure,10/4/2023,Preventive,374.78,1,Center Epsilon,Healthy
CAR-1493,Premium Sedan,2018,8,133949,Hybrid,West,Battery,50,Warning,Battery Failure,11/18/2023,Corrective,314.2,22,Center Epsilon,Healthy
CAR-1194,City,2023,3,55328,Diesel,West,Cooling System,53,Warning,Overheating,4/22/2023,Preventive,273.36,3,Center Delta,Healthy
CAR-1063,Crossover,2020,6,85256,Diesel,East,Brake,68,Warning,Brake Wear,8/28/2024,Corrective,403.75,13,Center Alpha,Healthy
CAR-1067,Premium Sedan,2019,7,89858,Hybrid,South,Tyre,36,Critical,Tyre Damage,3/9/2024,Corrective,289.39,18,Center Delta,Needs Inspection
CAR-1139,City,2022,4,43979,Electric,North,Cooling System,81,Healthy,No Failure,8/22/2025,Preventive,255.57,2,Center Gamma,Healthy
CAR-1228,Premium Sedan,2023,3,36679,Petrol,West,Headlight,53,Warning,Lighting Failure,6/27/2025,Preventive,82.12,2,Center Delta,Healthy
CAR-1484,City,2024,2,34485,Diesel,North,Engine,79,Healthy,No Failure,11/24/2024,Preventive,772.93,2,Center Gamma,Healthy
CAR-1451,City,2022,4,67686,Hybrid,East,Tyre,71,Warning,Tyre Damage,12/26/2023,Corrective,294.57,22,Center Delta,Healthy
CAR-1298,Crossover,2024,2,27621,Diesel,East,Brake,93,Healthy,No Failure,7/23/2023,Preventive,324.65,2,Center Beta,Healthy
CAR-1053,City,2020,6,79751,Hybrid,East,Cooling System,73,Warning,Overheating,3/24/2024,Corrective,445.59,18,Center Epsilon,Healthy
CAR-1432,City,2022,4,44650,Petrol,North,Engine,63,Warning,Wear,6/22/2024,Corrective,1579.1,21,Center Alpha,Healthy
CAR-1074,Crossover,2018,8,98208,Petrol,South,Suspension,18,Critical,Suspension Failure,12/5/2024,Emergency,958.27,47,Center Beta,Under Maintenance
CAR-1221,Hatchback,2024,2,26100,Diesel,Central,Headlight,76,Healthy,No Failure,12/31/2024,Preventive,100.3,3,Center Delta,Healthy
CAR-1073,Premium Sedan,2021,5,53040,Electric,North,Battery,78,Healthy,No Failure,10/18/2023,Preventive,144.8,1,Center Epsilon,Healthy
CAR-1216,City,2020,6,58494,Petrol,South,Suspension,40,Critical,Suspension Failure,9/9/2023,Emergency,1155.27,52,Center Epsilon,Under Maintenance
CAR-1306,Crossover,2022,4,53966,Diesel,North,Tyre,56,Warning,Tyre Damage,1/1/2023,Corrective,220.36,13,Center Gamma,Healthy
CAR-1390,City,2019,7,100445,Diesel,North,Battery,44,Critical,Battery Failure,8/7/2024,Corrective,330.04,6,Center Alpha,Needs Inspection
CAR-1416,City,2020,6,95486,Diesel,South,Headlight,52,Warning,Lighting Failure,11/25/2025,Preventive,126.59,2,Center Beta,Healthy
CAR-1087,Crossover,2018,8,81756,Petrol,North,Cooling System,20,Critical,Overheating,5/1/2025,Emergency,925.29,43,Center Beta,Under Maintenance
CAR-1323,Premium Sedan,2022,4,49102,Petrol,East,Brake,50,Warning,Brake Wear,12/13/2023,Corrective,411.4,13,Center Delta,Healthy
CAR-1132,Crossover,2020,6,46648,Petrol,East,Engine,50,Warning,Mechanical Failure,3/25/2024,Preventive,714.56,2,Center Delta,Healthy
CAR-1470,City,2019,7,110029,Electric,South,Tyre,34,Critical,Tyre Damage,2/23/2023,Emergency,349.05,67,Center Epsilon,Under Maintenance
CAR-1324,Sedan,2018,8,111392,Petrol,North,Brake,19,Critical,Brake Wear,6/30/2024,Emergency,511.15,45,Center Alpha,Under Maintenance
CAR-1199,Crossover,2020,6,70556,Diesel,South,Headlight,46,Warning,Lighting Failure,2/8/2025,Preventive,93.68,1,Center Beta,Healthy
CAR-1188,Sedan,2023,3,34663,Petrol,West,Transmission,80,Healthy,No Failure,11/6/2025,Preventive,908.21,3,Center Epsilon,Healthy
CAR-1011,Sedan,2021,5,61423,Petrol,South,Headlight,64,Warning,Lighting Failure,6/15/2025,Corrective,204.35,9,Center Alpha,Healthy
CAR-1224,Sedan,2018,8,127781,Diesel,North,Brake,15,Critical,Brake Wear,2/7/2024,Emergency,654.12,34,Center Epsilon,Under Maintenance
CAR-1498,Hatchback,2024,2,17522,Petrol,East,Transmission,73,Warning,Transmission Fault,10/31/2023,Corrective,1666.31,11,Center Epsilon,Healthy
CAR-1238,Compact,2020,6,107551,Electric,East,Brake,56,Warning,Brake Wear,8/11/2025,Preventive,235.14,2,Center Alpha,Healthy
CAR-1464,Compact,2022,4,59595,Hybrid,North,Tyre,41,Critical,Tyre Damage,12/28/2024,Emergency,483.59,21,Center Epsilon,Needs Inspection
CAR-1035,Crossover,2020,6,66161,Hybrid,North,Engine,54,Warning,Mechanical Failure,6/13/2023,Preventive,803.02,1,Center Epsilon,Healthy
CAR-1360,City,2018,8,83246,Petrol,West,Transmission,41,Critical,Transmission Fault,4/11/2025,Emergency,1865.42,46,Center Beta,Under Maintenance
CAR-1030,Sedan,2021,5,62513,Diesel,East,Battery,72,Warning,Battery Failure,6/4/2024,Corrective,322.42,13,Center Beta,Healthy
CAR-1023,Compact,2018,8,120227,Petrol,South,Engine,43,Critical,Wear,1/8/2023,Corrective,1420.59,22,Center Beta,Needs Inspection
CAR-1482,Hatchback,2018,8,112908,Diesel,Central,Brake,23,Critical,Brake Wear,9/20/2025,Emergency,505.42,71,Center Gamma,Under Maintenance
CAR-1288,Sedan,2021,5,59340,Petrol,West,Engine,67,Warning,Mechanical Failure,7/22/2025,Corrective,1197.78,6,Center Epsilon,Healthy
CAR-1214,City,2024,2,26224,Petrol,South,Brake,75,Healthy,No Failure,3/9/2024,Preventive,320.86,3,Center Alpha,Healthy
CAR-1281,Hatchback,2024,2,28767,Diesel,West,Suspension,86,Healthy,No Failure,2/13/2023,Preventive,464.85,2,Center Alpha,Healthy
CAR-1413,Compact,2023,3,34632,Diesel,South,Tyre,94,Healthy,No Failure,5/19/2023,Preventive,149.69,3,Center Beta,Healthy
CAR-1376,Compact,2021,5,52848,Diesel,Central,Brake,56,Warning,Brake Wear,1/30/2024,Preventive,236.89,2,Center Alpha,Healthy
CAR-1185,Premium Sedan,2022,4,47592,Hybrid,Central,Transmission,53,Warning,Transmission Fault,3/13/2024,Corrective,1497.89,23,Center Delta,Healthy
CAR-1064,City,2018,8,82686,Diesel,North,Battery,34,Critical,Battery Failure,2/4/2024,Emergency,438.52,62,Center Delta,Under Maintenance
CAR-1216,City,2020,6,95912,Petrol,South,Cooling System,46,Warning,Overheating,2/17/2023,Preventive,322.12,2,Center Beta,Healthy
CAR-1385,Compact,2024,2,18704,Hybrid,Central,Suspension,90,Healthy,No Failure,2/5/2023,Preventive,364.87,1,Center Beta,Healthy
CAR-1112,Sedan,2021,5,78816,Petrol,West,Battery,48,Warning,Battery Failure,11/11/2024,Corrective,323.18,9,Center Beta,Healthy
CAR-1190,Sedan,2024,2,22656,Electric,East,Headlight,54,Warning,Lighting Failure,5/25/2025,Corrective,129.31,13,Center Beta,Healthy
CAR-1037,Sedan,2021,5,89016,Petrol,East,Engine,44,Critical,Mechanical Failure,2/11/2023,Emergency,1622.17,27,Center Gamma,Under Maintenance
CAR-1146,Premium Sedan,2019,7,105645,Petrol,North,Engine,70,Warning,Wear,9/22/2024,Preventive,946.08,2,Center Beta,Healthy
CAR-1056,Compact,2019,7,124912,Hybrid,West,Engine,27,Critical,Mechanical Failure,2/3/2023,Corrective,1563.59,6,Center Epsilon,Needs Inspection
CAR-1237,Premium Sedan,2022,4,68648,Petrol,South,Engine,83,Healthy,No Failure,10/11/2024,Preventive,752.05,3,Center Gamma,Healthy
CAR-1484,City,2024,2,23068,Diesel,North,Battery,82,Healthy,No Failure,4/24/2024,Preventive,206.4,3,Center Alpha,Healthy
CAR-1254,Compact,2022,4,41148,Hybrid,Central,Headlight,52,Warning,Lighting Failure,2/2/2023,Preventive,103.33,3,Center Alpha,Healthy
CAR-1183,Crossover,2024,2,28260,Petrol,South,Engine,92,Healthy,No Failure,7/11/2025,Preventive,861.2,1,Center Beta,Healthy
CAR-1095,Premium Sedan,2022,4,43110,Diesel,West,Brake,72,Warning,Brake Wear,5/23/2023,Preventive,316.54,1,Center Beta,Healthy
CAR-1394,Compact,2023,3,57434,Diesel,East,Battery,65,Warning,Battery Failure,10/31/2024,Corrective,310.58,21,Center Gamma,Healthy
CAR-1258,Premium Sedan,2024,2,24306,Petrol,South,Tyre,50,Warning,Tyre Damage,4/5/2024,Preventive,171.48,1,Center Delta,Healthy
CAR-1395,Compact,2021,5,54615,Diesel,South,Brake,57,Warning,Brake Wear,3/8/2023,Preventive,308.06,1,Center Epsilon,Healthy
CAR-1392,Crossover,2020,6,95704,Diesel,Central,Tyre,54,Warning,Tyre Damage,6/23/2023,Corrective,299.85,14,Center Delta,Healthy
CAR-1165,Hatchback,2022,4,61616,Diesel,East,Tyre,31,Critical,Tyre Damage,11/26/2023,Emergency,387.72,34,Center Delta,Under Maintenance
CAR-1193,Hatchback,2021,5,64601,Petrol,North,Headlight,99,Healthy,No Failure,2/24/2025,Preventive,88.32,3,Center Alpha,Healthy
CAR-1327,Crossover,2020,6,94769,Petrol,South,Headlight,40,Critical,Lighting Failure,3/22/2025,Emergency,296.07,38,Center Alpha,Under Maintenance
CAR-1302,Sedan,2023,3,56555,Diesel,East,Headlight,88,Healthy,No Failure,9/20/2024,Preventive,125.5,3,Center Beta,Healthy
CAR-1377,Crossover,2022,4,66615,Diesel,East,Engine,38,Critical,Overheating,6/8/2024,Corrective,1495.01,15,Center Alpha,Needs Inspection
CAR-1011,Sedan,2021,5,45972,Petrol,South,Battery,86,Healthy,No Failure,11/30/2024,Preventive,209.01,3,Center Beta,Healthy
CAR-1318,Hatchback,2018,8,60322,Petrol,Central,Brake,59,Warning,Brake Wear,7/27/2024,Corrective,391.54,19,Center Epsilon,Healthy
CAR-1263,Sedan,2023,3,42592,Hybrid,East,Battery,56,Warning,Battery Failure,12/26/2025,Corrective,264.22,7,Center Beta,Healthy
CAR-1368,City,2023,3,54902,Petrol,North,Tyre,98,Healthy,No Failure,12/14/2025,Preventive,155.9,1,Center Alpha,Healthy
CAR-1238,Compact,2020,6,89540,Electric,East,Suspension,18,Critical,Suspension Failure,1/14/2025,Emergency,1063.15,71,Center Delta,Under Maintenance
CAR-1455,Compact,2020,6,96440,Petrol,North,Cooling System,47,Warning,Overheating,7/28/2024,Corrective,415.31,20,Center Gamma,Healthy
CAR-1123,Hatchback,2020,6,51259,Petrol,East,Engine,68,Warning,Mechanical Failure,7/29/2024,Preventive,1000.92,1,Center Beta,Healthy
CAR-1045,City,2022,4,53328,Hybrid,Central,Suspension,70,Warning,Suspension Failure,8/20/2023,Corrective,663.74,6,Center Beta,Healthy
CAR-1325,Sedan,2019,7,72126,Petrol,North,Transmission,46,Warning,Transmission Fault,3/7/2025,Corrective,1490.69,11,Center Delta,Healthy
CAR-1460,City,2021,5,72164,Hybrid,Central,Tyre,66,Warning,Tyre Damage,2/10/2025,Preventive,189.66,2,Center Gamma,Healthy
CAR-1408,Crossover,2018,8,129666,Diesel,South,Transmission,20,Critical,Transmission Fault,12/10/2023,Emergency,2299.2,53,Center Alpha,Under Maintenance
CAR-1331,Crossover,2024,2,31907,Electric,North,Transmission,83,Healthy,No Failure,3/29/2024,Preventive,1058.09,3,Center Alpha,Healthy
CAR-1228,Premium Sedan,2023,3,43148,Petrol,West,Engine,59,Warning,Mechanical Failure,6/28/2025,Preventive,652.74,2,Center Alpha,Healthy
CAR-1494,Hatchback,2020,6,79912,Diesel,East,Engine,39,Critical,Mechanical Failure,1/3/2025,Corrective,1563.5,19,Center Gamma,Needs Inspection
CAR-1137,Crossover,2018,8,140017,Hybrid,East,Engine,22,Critical,Overheating,10/16/2025,Corrective,1432.93,14,Center Epsilon,Needs Inspection
CAR-1438,Premium Sedan,2024,2,30594,Petrol,Central,Headlight,72,Warning,Lighting Failure,3/30/2024,Corrective,171.05,14,Center Beta,Healthy
CAR-1201,Premium Sedan,2023,3,33926,Diesel,West,Tyre,82,Healthy,No Failure,12/15/2024,Preventive,174.83,2,Center Beta,Healthy
CAR-1364,Crossover,2024,2,24449,Diesel,Central,Engine,90,Healthy,No Failure,2/6/2023,Preventive,811.34,2,Center Gamma,Healthy
CAR-1292,Premium Sedan,2020,6,70052,Petrol,West,Engine,39,Critical,Wear,2/29/2024,Emergency,2060.51,41,Center Delta,Under Maintenance
CAR-1017,Crossover,2018,8,76324,Petrol,Central,Brake,44,Critical,Brake Wear,7/18/2024,Emergency,688.28,52,Center Delta,Under Maintenance
CAR-1280,Premium Sedan,2023,3,57246,Hybrid,West,Battery,57,Warning,Battery Failure,5/10/2025,Corrective,266.67,13,Center Alpha,Healthy
CAR-1349,City,2022,4,54016,Petrol,North,Battery,77,Healthy,No Failure,3/25/2023,Preventive,197.75,3,Center Beta,Healthy
CAR-1208,Crossover,2019,7,65244,Petrol,North,Headlight,27,Critical,Lighting Failure,3/17/2025,Emergency,265.87,38,Center Gamma,Under Maintenance
CAR-1391,Sedan,2020,6,97735,Petrol,South,Cooling System,18,Critical,Overheating,6/25/2025,Corrective,432.3,16,Center Epsilon,Needs Inspection
CAR-1314,City,2020,6,97593,Electric,Central,Battery,48,Warning,Battery Failure,10/1/2023,Preventive,169.67,2,Center Gamma,Healthy
CAR-1053,City,2020,6,98218,Hybrid,East,Tyre,72,Warning,Tyre Damage,6/25/2023,Corrective,200.74,22,Center Beta,Healthy
CAR-1258,Premium Sedan,2024,2,32532,Petrol,South,Engine,91,Healthy,No Failure,10/29/2023,Preventive,733.08,1,Center Delta,Healthy
CAR-1119,Premium Sedan,2021,5,75634,Diesel,East,Engine,53,Warning,Overheating,1/6/2024,Preventive,1012.48,3,Center Alpha,Healthy
CAR-1382,Crossover,2018,8,125861,Electric,West,Headlight,25,Critical,Lighting Failure,10/9/2023,Emergency,249.16,29,Center Beta,Under Maintenance
CAR-1417,Compact,2018,8,90646,Electric,North,Tyre,28,Critical,Tyre Damage,7/15/2024,Emergency,368.09,31,Center Beta,Under Maintenance
CAR-1428,Crossover,2019,7,130652,Petrol,South,Brake,43,Critical,Brake Wear,8/15/2023,Emergency,545.7,63,Center Beta,Under Maintenance
CAR-1078,Premium Sedan,2021,5,58208,Diesel,Central,Tyre,78,Healthy,No Failure,2/24/2024,Preventive,166.35,2,Center Alpha,Healthy
CAR-1187,City,2021,5,42737,Petrol,North,Engine,72,Warning,Mechanical Failure,5/13/2023,Preventive,712.43,2,Center Epsilon,Healthy
CAR-1127,Sedan,2022,4,63993,Diesel,West,Tyre,35,Critical,Tyre Damage,11/13/2025,Corrective,219.18,22,Center Alpha,Needs Inspection
CAR-1130,Sedan,2018,8,102701,Electric,Central,Headlight,38,Critical,Lighting Failure,10/29/2024,Corrective,159.36,17,Center Alpha,Needs Inspection
CAR-1326,Crossover,2018,8,92735,Electric,West,Tyre,27,Critical,Tyre Damage,7/4/2023,Corrective,297.5,15,Center Delta,Needs Inspection
CAR-1185,Premium Sedan,2022,4,35544,Hybrid,Central,Engine,63,Warning,Wear,9/19/2023,Preventive,688.89,2,Center Gamma,Healthy
CAR-1225,Crossover,2018,8,68133,Petrol,North,Suspension,27,Critical,Suspension Failure,8/22/2024,Emergency,998.09,34,Center Delta,Under Maintenance
CAR-1273,City,2019,7,124553,Diesel,North,Transmission,52,Warning,Transmission Fault,8/28/2023,Corrective,1825.45,7,Center Alpha,Healthy
CAR-1417,Compact,2018,8,143083,Electric,North,Brake,10,Critical,Brake Wear,12/9/2024,Corrective,374.66,11,Center Epsilon,Needs Inspection
CAR-1227,Hatchback,2022,4,42639,Petrol,South,Tyre,73,Warning,Tyre Damage,3/25/2025,Corrective,300.19,14,Center Gamma,Healthy
CAR-1178,Crossover,2018,8,129789,Diesel,East,Headlight,20,Critical,Lighting Failure,9/29/2024,Emergency,245.71,20,Center Gamma,Needs Inspection
CAR-1137,Crossover,2018,8,90280,Hybrid,East,Brake,33,Critical,Brake Wear,9/7/2023,Emergency,578.84,39,Center Epsilon,Under Maintenance
CAR-1200,City,2024,2,40178,Petrol,South,Engine,100,Healthy,No Failure,12/18/2024,Preventive,837.83,1,Center Alpha,Healthy
CAR-1339,Crossover,2020,6,80879,Electric,Central,Headlight,39,Critical,Lighting Failure,12/21/2025,Corrective,200.58,21,Center Gamma,Needs Inspection
CAR-1053,City,2020,6,54379,Hybrid,East,Engine,57,Warning,Mechanical Failure,5/20/2025,Preventive,729.35,1,Center Delta,Healthy
CAR-1448,Compact,2020,6,109895,Electric,South,Transmission,48,Warning,Transmission Fault,4/13/2023,Preventive,950.32,3,Center Gamma,Healthy
CAR-1429,Sedan,2023,3,47626,Petrol,West,Tyre,57,Warning,Tyre Damage,8/29/2024,Corrective,280.47,13,Center Delta,Healthy
CAR-1375,City,2023,3,53482,Electric,Central,Battery,58,Warning,Battery Failure,4/10/2024,Preventive,161.62,1,Center Alpha,Healthy
CAR-1475,Hatchback,2019,7,69449,Hybrid,North,Headlight,35,Critical,Lighting Failure,6/18/2024,Emergency,298.71,23,Center Epsilon,Needs Inspection
CAR-1355,Crossover,2022,4,37795,Electric,Central,Engine,61,Warning,Overheating,7/20/2024,Preventive,755.1,3,Center Alpha,Healthy
CAR-1218,Compact,2021,5,63646,Petrol,West,Tyre,34,Critical,Tyre Damage,3/16/2024,Corrective,208.18,10,Center Alpha,Needs Inspection
CAR-1225,Crossover,2018,8,78371,Petrol,North,Tyre,51,Warning,Tyre Damage,1/11/2025,Preventive,139.45,2,Center Delta,Healthy
CAR-1204,City,2022,4,55328,Diesel,North,Headlight,41,Critical,Lighting Failure,2/14/2024,Corrective,154.77,11,Center Beta,Needs Inspection
CAR-1067,Premium Sedan,2019,7,97066,Hybrid,South,Engine,60,Warning,Overheating,8/3/2023,Preventive,907.02,2,Center Alpha,Healthy
CAR-1379,Sedan,2023,3,42645,Hybrid,North,Brake,77,Healthy,No Failure,10/27/2024,Preventive,229.72,2,Center Epsilon,Healthy
CAR-1107,Sedan,2022,4,43072,Electric,South,Battery,62,Warning,Battery Failure,7/7/2025,Corrective,352.69,12,Center Alpha,Healthy
CAR-1444,Premium Sedan,2023,3,48440,Petrol,Central,Brake,68,Warning,Brake Wear,8/14/2025,Preventive,227.6,3,Center Gamma,Healthy
CAR-1392,Crossover,2020,6,110176,Diesel,Central,Headlight,49,Warning,Lighting Failure,1/10/2025,Preventive,108.63,3,Center Gamma,Healthy
CAR-1227,Hatchback,2022,4,63598,Petrol,South,Transmission,64,Warning,Transmission Fault,2/19/2024,Corrective,1306.51,9,Center Gamma,Healthy
CAR-1277,Compact,2018,8,91501,Electric,West,Engine,21,Critical,Wear,7/31/2024,Corrective,1372.66,23,Center Beta,Needs Inspection
CAR-1103,City,2023,3,56418,Electric,East,Cooling System,45,Warning,Overheating,10/4/2024,Corrective,552.65,19,Center Epsilon,Healthy
CAR-1407,Crossover,2021,5,53385,Diesel,Central,Tyre,67,Warning,Tyre Damage,1/5/2024,Corrective,308.68,12,Center Delta,Healthy
CAR-1230,Crossover,2021,5,80783,Electric,West,Cooling System,60,Warning,Overheating,6/6/2024,Preventive,369.48,2,Center Delta,Healthy
CAR-1438,Premium Sedan,2024,2,39055,Petrol,Central,Transmission,100,Healthy,No Failure,9/7/2025,Preventive,1060.89,3,Center Epsilon,Healthy
CAR-1315,Premium Sedan,2022,4,58317,Diesel,Central,Engine,71,Warning,Mechanical Failure,12/20/2025,Preventive,688.58,1,Center Alpha,Healthy
CAR-1440,Hatchback,2024,2,25436,Petrol,North,Headlight,93,Healthy,No Failure,5/12/2024,Preventive,96.24,1,Center Beta,Healthy
CAR-1138,Sedan,2024,2,40767,Electric,East,Battery,56,Warning,Battery Failure,6/23/2025,Preventive,214.06,1,Center Delta,Healthy
CAR-1009,Hatchback,2021,5,54343,Electric,Central,Cooling System,61,Warning,Overheating,12/6/2025,Corrective,530.98,23,Center Gamma,Healthy
CAR-1153,Hatchback,2019,7,84943,Diesel,North,Headlight,26,Critical,Lighting Failure,4/13/2023,Emergency,248.83,43,Center Delta,Under Maintenance
CAR-1092,Compact,2021,5,81904,Petrol,South,Brake,59,Warning,Brake Wear,7/16/2024,Corrective,489.76,20,Center Gamma,Healthy
CAR-1291,City,2023,3,55593,Electric,South,Engine,54,Warning,Overheating,1/26/2025,Corrective,1324.52,12,Center Alpha,Healthy
CAR-1086,City,2019,7,90959,Petrol,West,Headlight,39,Critical,Lighting Failure,9/14/2023,Emergency,269.13,46,Center Epsilon,Under Maintenance
CAR-1089,Hatchback,2024,2,28781,Diesel,North,Suspension,86,Healthy,No Failure,1/1/2024,Preventive,425.38,3,Center Gamma,Healthy
CAR-1350,City,2023,3,41279,Diesel,West,Battery,70,Warning,Battery Failure,7/23/2024,Corrective,289.65,12,Center Beta,Healthy
CAR-1063,Crossover,2020,6,91296,Diesel,East,Tyre,28,Critical,Tyre Damage,4/29/2025,Emergency,482.97,48,Center Epsilon,Under Maintenance
CAR-1081,Crossover,2018,8,89106,Diesel,West,Tyre,36,Critical,Tyre Damage,10/11/2025,Emergency,403.87,52,Center Delta,Under Maintenance
CAR-1142,Premium Sedan,2019,7,117456,Petrol,South,Cooling System,23,Critical,Overheating,12/30/2024,Emergency,686,40,Center Epsilon,Under Maintenance
CAR-1276,City,2022,4,49679,Diesel,Central,Cooling System,76,Healthy,No Failure,1/12/2023,Preventive,307.61,2,Center Gamma,Healthy
CAR-1179,City,2023,3,25742,Electric,Central,Battery,54,Warning,Battery Failure,6/24/2025,Preventive,205.54,1,Center Alpha,Healthy
CAR-1063,Crossover,2020,6,73468,Diesel,East,Suspension,54,Warning,Suspension Failure,2/6/2025,Corrective,629.53,12,Center Beta,Healthy
CAR-1142,Premium Sedan,2019,7,113109,Petrol,South,Engine,38,Critical,Overheating,7/6/2024,Corrective,1171.82,13,Center Epsilon,Needs Inspection
CAR-1123,Hatchback,2020,6,91020,Petrol,East,Tyre,62,Warning,Tyre Damage,1/5/2023,Preventive,173.75,3,Center Epsilon,Healthy
CAR-1119,Premium Sedan,2021,5,43424,Diesel,East,Brake,45,Warning,Brake Wear,11/15/2025,Preventive,318.17,1,Center Delta,Healthy
CAR-1002,Sedan,2023,3,29244,Electric,North,Headlight,54,Warning,Lighting Failure,7/10/2025,Corrective,151.32,8,Center Delta,Healthy
CAR-1153,Hatchback,2019,7,84967,Diesel,North,Tyre,59,Warning,Tyre Damage,12/26/2023,Corrective,228.33,9,Center Delta,Healthy
CAR-1014,Compact,2019,7,107738,Petrol,Central,Suspension,34,Critical,Suspension Failure,9/3/2023,Emergency,954.5,30,Center Alpha,Under Maintenance
CAR-1356,Hatchback,2022,4,69819,Hybrid,West,Engine,55,Warning,Overheating,1/17/2023,Corrective,1527.55,22,Center Beta,Healthy
CAR-1085,Premium Sedan,2021,5,66056,Petrol,North,Brake,41,Critical,Brake Wear,6/8/2024,Emergency,729.58,68,Center Beta,Under Maintenance
CAR-1377,Crossover,2022,4,50551,Diesel,East,Brake,86,Healthy,No Failure,4/13/2024,Preventive,277.03,3,Center Epsilon,Healthy
CAR-1357,Crossover,2021,5,72292,Petrol,Central,Suspension,40,Critical,Suspension Failure,2/2/2023,Emergency,1375.2,31,Center Gamma,Under Maintenance
CAR-1367,Premium Sedan,2019,7,112422,Petrol,South,Suspension,25,Critical,Suspension Failure,10/24/2024,Emergency,1254.95,38,Center Alpha,Under Maintenance
CAR-1299,Sedan,2018,8,76410,Hybrid,South,Battery,47,Warning,Battery Failure,7/29/2024,Corrective,345.11,21,Center Gamma,Healthy
CAR-1368,City,2023,3,54604,Petrol,North,Tyre,59,Warning,Tyre Damage,6/1/2025,Corrective,279.48,10,Center Delta,Healthy
CAR-1035,Crossover,2020,6,74039,Hybrid,North,Battery,51,Warning,Battery Failure,5/29/2023,Corrective,294.74,21,Center Alpha,Healthy
CAR-1161,Compact,2022,4,68089,Electric,West,Transmission,62,Warning,Transmission Fault,12/25/2025,Corrective,1617.74,23,Center Epsilon,Healthy
CAR-1127,Sedan,2022,4,45353,Diesel,West,Engine,48,Warning,Mechanical Failure,7/30/2024,Corrective,1322.33,19,Center Beta,Healthy
CAR-1176,Premium Sedan,2020,6,110165,Electric,Central,Engine,65,Warning,Wear,11/23/2023,Corrective,1653.13,7,Center Beta,Healthy
CAR-1305,Compact,2022,4,58725,Diesel,Central,Transmission,83,Healthy,No Failure,11/24/2025,Preventive,1145.87,2,Center Delta,Healthy
CAR-1160,Compact,2018,8,88777,Diesel,Central,Headlight,27,Critical,Lighting Failure,8/6/2025,Corrective,158.58,6,Center Alpha,Needs Inspection
CAR-1132,Crossover,2020,6,76092,Petrol,East,Engine,60,Warning,Overheating,12/27/2025,Corrective,1155.54,6,Center Gamma,Healthy
CAR-1328,Crossover,2024,2,12900,Diesel,East,Brake,100,Healthy,No Failure,2/12/2025,Preventive,217.1,3,Center Alpha,Healthy
CAR-1412,Compact,2021,5,55508,Hybrid,South,Headlight,68,Warning,Lighting Failure,9/1/2023,Corrective,158.87,18,Center Delta,Healthy
CAR-1103,City,2023,3,38660,Electric,East,Cooling System,71,Warning,Overheating,11/28/2024,Preventive,269.89,2,Center Beta,Healthy
CAR-1433,Hatchback,2023,3,52668,Petrol,North,Tyre,76,Healthy,No Failure,2/3/2024,Preventive,177.36,2,Center Alpha,Healthy
CAR-1496,Compact,2021,5,62472,Petrol,Central,Engine,61,Warning,Wear,9/14/2023,Preventive,665.58,2,Center Delta,Healthy
CAR-1056,Compact,2019,7,101236,Hybrid,West,Transmission,28,Critical,Transmission Fault,4/13/2023,Emergency,2543.8,55,Center Delta,Under Maintenance
CAR-1085,Premium Sedan,2021,5,62380,Petrol,North,Battery,71,Warning,Battery Failure,3/12/2024,Preventive,188.99,3,Center Delta,Healthy
CAR-1460,City,2021,5,82066,Hybrid,Central,Headlight,69,Warning,Lighting Failure,8/27/2025,Preventive,81.08,3,Center Alpha,Healthy
CAR-1353,Crossover,2018,8,126631,Petrol,East,Battery,21,Critical,Battery Failure,12/26/2023,Corrective,251.96,20,Center Epsilon,Needs Inspection
CAR-1027,City,2021,5,57718,Diesel,Central,Cooling System,64,Warning,Overheating,1/13/2025,Corrective,579.95,19,Center Beta,Healthy
CAR-1087,Crossover,2018,8,107314,Petrol,North,Engine,47,Warning,Mechanical Failure,8/6/2023,Preventive,809.75,2,Center Delta,Healthy
CAR-1306,Crossover,2022,4,39318,Diesel,North,Battery,60,Warning,Battery Failure,8/29/2024,Corrective,260.97,7,Center Alpha,Healthy
CAR-1016,Crossover,2019,7,101107,Electric,Central,Suspension,45,Warning,Suspension Failure,10/17/2024,Corrective,640.41,14,Center Beta,Healthy
CAR-1222,City,2021,5,60047,Diesel,East,Brake,37,Critical,Brake Wear,9/30/2025,Emergency,685.03,36,Center Beta,Under Maintenance
CAR-1166,Crossover,2019,7,106309,Petrol,West,Brake,30,Critical,Brake Wear,11/27/2025,Corrective,414.21,14,Center Alpha,Needs Inspection
CAR-1249,Premium Sedan,2018,8,135438,Hybrid,East,Engine,10,Critical,Mechanical Failure,11/3/2025,Emergency,2122.23,47,Center Gamma,Under Maintenance
CAR-1111,City,2021,5,93523,Hybrid,Central,Transmission,34,Critical,Transmission Fault,4/28/2025,Emergency,2155.86,26,Center Gamma,Under Maintenance
CAR-1489,City,2018,8,108683,Diesel,West,Headlight,10,Critical,Lighting Failure,1/29/2025,Emergency,253.02,31,Center Delta,Under Maintenance
CAR-1285,City,2022,4,39233,Petrol,North,Brake,61,Warning,Brake Wear,5/11/2025,Corrective,425.49,11,Center Alpha,Healthy
CAR-1218,Compact,2021,5,58345,Petrol,West,Headlight,55,Warning,Lighting Failure,12/20/2023,Corrective,128.2,15,Center Gamma,Healthy
CAR-1460,City,2021,5,96293,Hybrid,Central,Transmission,50,Warning,Transmission Fault,5/5/2025,Corrective,1802.1,22,Center Gamma,Healthy
CAR-1487,Premium Sedan,2024,2,28041,Hybrid,South,Battery,67,Warning,Battery Failure,1/7/2025,Corrective,337.61,7,Center Gamma,Healthy
CAR-1109,Sedan,2020,6,82094,Petrol,South,Engine,40,Critical,Overheating,3/29/2024,Emergency,2142.95,53,Center Alpha,Under Maintenance
CAR-1448,Compact,2020,6,57080,Electric,South,Tyre,74,Warning,Tyre Damage,2/5/2023,Corrective,268.76,23,Center Epsilon,Healthy
CAR-1154,Premium Sedan,2024,2,26467,Diesel,Central,Suspension,80,Healthy,No Failure,9/7/2025,Preventive,371.88,1,Center Beta,Healthy
CAR-1416,City,2020,6,104186,Diesel,South,Battery,34,Critical,Battery Failure,10/7/2023,Corrective,321.25,9,Center Alpha,Needs Inspection
CAR-1464,Compact,2022,4,36739,Hybrid,North,Engine,50,Warning,Overheating,6/3/2023,Preventive,712.78,1,Center Gamma,Healthy
CAR-1179,City,2023,3,42214,Electric,Central,Cooling System,87,Healthy,No Failure,1/11/2024,Preventive,312.5,2,Center Alpha,Healthy
CAR-1037,Sedan,2021,5,75594,Petrol,East,Battery,52,Warning,Battery Failure,4/8/2025,Preventive,198.55,2,Center Delta,Healthy
CAR-1291,City,2023,3,48439,Electric,South,Engine,76,Healthy,No Failure,5/15/2024,Preventive,926.19,3,Center Beta,Healthy
CAR-1408,Crossover,2018,8,121088,Diesel,South,Cooling System,31,Critical,Overheating,2/24/2023,Corrective,426.15,10,Center Epsilon,Needs Inspection
CAR-1350,City,2023,3,36974,Diesel,West,Tyre,99,Healthy,No Failure,2/12/2023,Preventive,132.77,3,Center Alpha,Healthy
CAR-1227,Hatchback,2022,4,57662,Petrol,South,Transmission,86,Healthy,No Failure,7/21/2024,Preventive,785.54,3,Center Gamma,Healthy
CAR-1407,Crossover,2021,5,80948,Diesel,Central,Brake,57,Warning,Brake Wear,11/3/2025,Preventive,273.42,1,Center Alpha,Healthy
CAR-1206,Premium Sedan,2021,5,78633,Hybrid,North,Tyre,61,Warning,Tyre Damage,11/20/2023,Corrective,232.99,6,Center Gamma,Healthy
CAR-1063,Crossover,2020,6,92144,Diesel,East,Cooling System,31,Critical,Overheating,12/4/2024,Corrective,522.53,15,Center Alpha,Needs Inspection
CAR-1225,Crossover,2018,8,128857,Petrol,North,Battery,12,Critical,Battery Failure,7/29/2024,Emergency,403.98,26,Center Alpha,Under Maintenance
CAR-1380,Crossover,2020,6,52318,Electric,North,Engine,62,Warning,Overheating,6/30/2025,Preventive,1008.31,3,Center Epsilon,Healthy
CAR-1014,Compact,2019,7,67817,Petrol,Central,Suspension,32,Critical,Suspension Failure,4/25/2023,Emergency,1421.32,42,Center Alpha,Under Maintenance
CAR-1351,Premium Sedan,2018,8,68485,Petrol,West,Tyre,54,Warning,Tyre Damage,1/25/2023,Corrective,214,20,Center Delta,Healthy
CAR-1097,Hatchback,2018,8,141669,Hybrid,East,Tyre,10,Critical,Tyre Damage,2/24/2023,Emergency,468.87,35,Center Alpha,Under Maintenance
CAR-1132,Crossover,2020,6,79084,Petrol,East,Battery,44,Critical,Battery Failure,5/17/2024,Emergency,404.4,23,Center Alpha,Needs Inspection
CAR-1202,City,2020,6,85773,Hybrid,North,Engine,68,Warning,Wear,8/31/2023,Corrective,1540.11,10,Center Gamma,Healthy
CAR-1042,Hatchback,2020,6,88952,Petrol,West,Suspension,59,Warning,Suspension Failure,1/19/2025,Corrective,758.11,7,Center Epsilon,Healthy
CAR-1272,Compact,2021,5,91015,Petrol,West,Transmission,47,Warning,Transmission Fault,4/27/2023,Preventive,1074.5,3,Center Beta,Healthy
CAR-1018,Compact,2022,4,32494,Diesel,North,Suspension,78,Healthy,No Failure,9/9/2024,Preventive,446.5,2,Center Delta,Healthy
CAR-1109,Sedan,2020,6,59698,Petrol,South,Tyre,81,Healthy,No Failure,9/9/2023,Preventive,172.77,1,Center Epsilon,Healthy
CAR-1136,Compact,2024,2,26764,Diesel,Central,Headlight,75,Healthy,No Failure,6/25/2024,Preventive,128.46,3,Center Epsilon,Healthy
CAR-1486,Crossover,2020,6,75565,Hybrid,Central,Engine,52,Warning,Mechanical Failure,4/28/2025,Corrective,1370.09,18,Center Delta,Healthy
CAR-1099,Hatchback,2018,8,97395,Petrol,West,Tyre,38,Critical,Tyre Damage,10/10/2024,Emergency,469.85,38,Center Alpha,Under Maintenance
CAR-1304,Hatchback,2020,6,97421,Electric,South,Engine,36,Critical,Overheating,9/9/2023,Emergency,1806.44,46,Center Beta,Under Maintenance
CAR-1391,Sedan,2020,6,85262,Petrol,South,Engine,52,Warning,Mechanical Failure,5/24/2025,Corrective,1204.26,22,Center Delta,Healthy
CAR-1040,City,2018,8,117530,Hybrid,Central,Brake,22,Critical,Brake Wear,10/14/2025,Emergency,511.63,64,Center Epsilon,Under Maintenance
CAR-1363,City,2024,2,29001,Electric,East,Transmission,100,Healthy,No Failure,5/24/2024,Preventive,1082.88,2,Center Alpha,Healthy
CAR-1157,Sedan,2019,7,107338,Diesel,South,Battery,52,Warning,Battery Failure,11/3/2025,Corrective,330.37,20,Center Alpha,Healthy
CAR-1242,City,2020,6,56264,Diesel,East,Cooling System,50,Warning,Overheating,12/28/2024,Preventive,280.28,2,Center Alpha,Healthy
CAR-1055,Hatchback,2018,8,84186,Diesel,South,Engine,13,Critical,Overheating,7/26/2023,Corrective,1195.92,16,Center Gamma,Needs Inspection
CAR-1449,Crossover,2020,6,111255,Diesel,Central,Cooling System,33,Critical,Overheating,7/13/2025,Emergency,951.9,71,Center Gamma,Under Maintenance
CAR-1048,City,2023,3,35629,Petrol,South,Tyre,59,Warning,Tyre Damage,2/2/2025,Corrective,259.22,10,Center Beta,Healthy
CAR-1452,Sedan,2019,7,73636,Petrol,Central,Engine,55,Warning,Overheating,5/23/2024,Preventive,784.82,3,Center Gamma,Healthy
CAR-1430,Premium Sedan,2022,4,67464,Hybrid,South,Headlight,74,Warning,Lighting Failure,12/11/2024,Preventive,83.11,3,Center Epsilon,Healthy
CAR-1331,Crossover,2024,2,30917,Electric,North,Headlight,37,Critical,Lighting Failure,4/22/2023,Emergency,319.71,62,Center Gamma,Under Maintenance
CAR-1169,Premium Sedan,2020,6,103709,Petrol,West,Transmission,30,Critical,Transmission Fault,10/23/2025,Emergency,2840.38,27,Center Gamma,Under Maintenance
CAR-1115,Compact,2020,6,68951,Diesel,Central,Engine,67,Warning,Mechanical Failure,1/27/2023,Preventive,787.49,1,Center Epsilon,Healthy
CAR-1454,Compact,2019,7,64142,Petrol,North,Tyre,37,Critical,Tyre Damage,9/15/2024,Emergency,325.25,59,Center Alpha,Under Maintenance
CAR-1060,Premium Sedan,2019,7,76346,Electric,West,Headlight,50,Warning,Lighting Failure,11/28/2025,Corrective,206.26,14,Center Gamma,Healthy
CAR-1132,Crossover,2020,6,56873,Petrol,East,Transmission,46,Warning,Transmission Fault,1/24/2023,Corrective,1628.51,20,Center Delta,Healthy
CAR-1021,City,2024,2,31494,Diesel,Central,Headlight,100,Healthy,No Failure,2/5/2025,Preventive,82,3,Center Gamma,Healthy
CAR-1138,Sedan,2024,2,28893,Electric,East,Tyre,93,Healthy,No Failure,12/18/2024,Preventive,191.56,3,Center Epsilon,Healthy
CAR-1155,Hatchback,2021,5,56230,Electric,Central,Engine,69,Warning,Mechanical Failure,6/5/2023,Corrective,1090.49,6,Center Delta,Healthy
CAR-1079,Compact,2019,7,55693,Petrol,West,Tyre,34,Critical,Tyre Damage,9/19/2023,Corrective,259.44,15,Center Alpha,Needs Inspection
CAR-1061,Hatchback,2023,3,43596,Electric,South,Suspension,93,Healthy,No Failure,11/30/2023,Preventive,427.59,3,Center Gamma,Healthy
CAR-1440,Hatchback,2024,2,29485,Petrol,North,Brake,83,Healthy,No Failure,10/24/2025,Preventive,283.85,2,Center Delta,Healthy
CAR-1410,Sedan,2018,8,76533,Diesel,South,Battery,36,Critical,Battery Failure,10/25/2025,Emergency,431.34,64,Center Epsilon,Under Maintenance
CAR-1046,Compact,2021,5,57844,Petrol,East,Cooling System,60,Warning,Overheating,11/6/2023,Preventive,364.9,3,Center Beta,Healthy
CAR-1026,Premium Sedan,2021,5,52763,Diesel,East,Cooling System,43,Critical,Overheating,11/21/2025,Corrective,566.41,9,Center Gamma,Needs Inspection
CAR-1108,City,2020,6,64685,Petrol,South,Battery,77,Healthy,No Failure,1/30/2023,Preventive,169.64,2,Center Delta,Healthy
CAR-1360,City,2018,8,144153,Petrol,West,Brake,12,Critical,Brake Wear,12/18/2025,Emergency,636.59,19,Center Alpha,Needs Inspection
CAR-1222,City,2021,5,92761,Diesel,East,Headlight,50,Warning,Lighting Failure,10/15/2025,Preventive,92.71,1,Center Delta,Healthy
CAR-1134,City,2021,5,73505,Diesel,East,Cooling System,42,Critical,Overheating,1/30/2023,Emergency,802.42,34,Center Alpha,Under Maintenance
CAR-1297,Premium Sedan,2022,4,74801,Petrol,East,Headlight,78,Healthy,No Failure,5/30/2025,Preventive,108.43,3,Center Delta,Healthy
CAR-1484,City,2024,2,16904,Diesel,North,Engine,88,Healthy,No Failure,11/29/2025,Preventive,760.23,3,Center Beta,Healthy
CAR-1328,Crossover,2024,2,30946,Diesel,East,Tyre,82,Healthy,No Failure,4/19/2023,Preventive,122.69,3,Center Delta,Healthy
CAR-1490,Crossover,2019,7,122691,Electric,West,Transmission,37,Critical,Transmission Fault,3/2/2025,Emergency,2732.28,58,Center Gamma,Under Maintenance
CAR-1209,Compact,2021,5,92754,Hybrid,Central,Transmission,52,Warning,Transmission Fault,6/30/2024,Preventive,790.69,1,Center Gamma,Healthy
CAR-1311,Hatchback,2019,7,64184,Hybrid,West,Engine,49,Warning,Overheating,11/15/2023,Preventive,769.83,2,Center Epsilon,Healthy
CAR-1343,Hatchback,2022,4,38932,Hybrid,North,Headlight,92,Healthy,No Failure,12/1/2024,Preventive,108.16,3,Center Epsilon,Healthy
CAR-1036,Crossover,2022,4,40622,Diesel,Central,Engine,81,Healthy,No Failure,1/22/2024,Preventive,698.08,1,Center Alpha,Healthy
CAR-1212,Hatchback,2024,2,37311,Petrol,South,Engine,78,Healthy,No Failure,10/20/2024,Preventive,842.31,2,Center Beta,Healthy
CAR-1039,Premium Sedan,2018,8,96948,Petrol,North,Cooling System,58,Warning,Overheating,5/27/2023,Preventive,322.3,2,Center Beta,Healthy
CAR-1157,Sedan,2019,7,74011,Diesel,South,Engine,60,Warning,Mechanical Failure,11/23/2023,Corrective,1252.2,19,Center Gamma,Healthy
CAR-1009,Hatchback,2021,5,55106,Electric,Central,Engine,53,Warning,Mechanical Failure,6/3/2023,Corrective,1556.79,23,Center Delta,Healthy
CAR-1278,City,2021,5,59471,Electric,Central,Battery,85,Healthy,No Failure,8/3/2025,Preventive,163.16,2,Center Alpha,Healthy
CAR-1114,Compact,2018,8,112135,Diesel,East,Battery,17,Critical,Battery Failure,8/12/2024,Emergency,393.44,39,Center Beta,Under Maintenance
CAR-1435,Premium Sedan,2020,6,81638,Petrol,North,Cooling System,68,Warning,Overheating,8/20/2024,Preventive,264.43,2,Center Alpha,Healthy
CAR-1164,City,2023,3,40564,Petrol,South,Transmission,82,Healthy,No Failure,12/10/2025,Preventive,784.74,2,Center Gamma,Healthy
CAR-1177,City,2022,4,66625,Petrol,South,Brake,72,Warning,Brake Wear,6/25/2024,Preventive,203.84,2,Center Beta,Healthy
CAR-1135,Hatchback,2022,4,65296,Electric,North,Engine,82,Healthy,No Failure,11/29/2025,Preventive,850.22,1,Center Epsilon,Healthy
CAR-1106,Sedan,2023,3,30722,Electric,East,Transmission,82,Healthy,No Failure,12/2/2025,Preventive,1018.55,1,Center Beta,Healthy
CAR-1113,Hatchback,2022,4,68629,Diesel,North,Brake,45,Warning,Brake Wear,6/17/2025,Corrective,441.22,6,Center Alpha,Healthy
CAR-1417,Compact,2018,8,90406,Electric,North,Tyre,27,Critical,Tyre Damage,7/8/2024,Corrective,232.22,15,Center Epsilon,Needs Inspection
CAR-1386,Compact,2024,2,35663,Hybrid,South,Suspension,74,Warning,Suspension Failure,6/27/2023,Corrective,755.67,17,Center Epsilon,Healthy
CAR-1046,Compact,2021,5,72872,Petrol,East,Engine,20,Critical,Mechanical Failure,7/17/2025,Emergency,1796.51,49,Center Beta,Under Maintenance
CAR-1129,City,2021,5,87156,Petrol,Central,Tyre,76,Healthy,No Failure,12/27/2023,Preventive,129.08,1,Center Alpha,Healthy
CAR-1075,Hatchback,2022,4,49058,Diesel,West,Battery,69,Warning,Battery Failure,9/20/2023,Corrective,296.78,13,Center Beta,Healthy
CAR-1397,Compact,2023,3,28676,Petrol,West,Battery,80,Healthy,No Failure,12/18/2023,Preventive,198.83,3,Center Beta,Healthy
CAR-1208,Crossover,2019,7,96815,Petrol,North,Tyre,54,Warning,Tyre Damage,4/20/2024,Corrective,243.9,19,Center Beta,Healthy
CAR-1044,Hatchback,2022,4,74582,Diesel,West,Engine,68,Warning,Overheating,12/21/2025,Corrective,1347.79,15,Center Alpha,Healthy
CAR-1017,Crossover,2018,8,98114,Petrol,Central,Suspension,10,Critical,Suspension Failure,12/28/2025,Corrective,581.26,17,Center Beta,Needs Inspection
CAR-1007,Sedan,2023,3,23331,Petrol,West,Brake,93,Healthy,No Failure,6/18/2024,Preventive,233.71,3,Center Epsilon,Healthy
CAR-1143,Hatchback,2024,2,24017,Electric,Central,Battery,73,Warning,Battery Failure,9/30/2024,Corrective,256.01,10,Center Alpha,Healthy
CAR-1404,Hatchback,2020,6,84360,Petrol,Central,Battery,60,Warning,Battery Failure,1/10/2023,Preventive,183.4,2,Center Delta,Healthy
CAR-1441,Premium Sedan,2024,2,13683,Petrol,East,Engine,100,Healthy,No Failure,12/23/2023,Preventive,747.2,2,Center Gamma,Healthy
CAR-1080,Compact,2022,4,58765,Diesel,West,Transmission,34,Critical,Transmission Fault,12/15/2023,Corrective,1206.15,6,Center Alpha,Needs Inspection
CAR-1227,Hatchback,2022,4,48928,Petrol,South,Battery,65,Warning,Battery Failure,9/6/2024,Preventive,173.21,1,Center Beta,Healthy
CAR-1289,Premium Sedan,2022,4,68507,Electric,South,Engine,47,Warning,Mechanical Failure,6/12/2023,Preventive,878,1,Center Delta,Healthy
CAR-1363,City,2024,2,21248,Electric,East,Transmission,78,Healthy,No Failure,8/31/2025,Preventive,825.82,3,Center Beta,Healthy
CAR-1084,Crossover,2020,6,83397,Diesel,East,Engine,30,Critical,Mechanical Failure,4/15/2024,Corrective,1164.77,16,Center Beta,Needs Inspection
CAR-1353,Crossover,2018,8,113095,Petrol,East,Tyre,29,Critical,Tyre Damage,2/14/2025,Corrective,209.32,21,Center Epsilon,Needs Inspection
CAR-1394,Compact,2023,3,50748,Diesel,East,Engine,71,Warning,Mechanical Failure,8/8/2024,Corrective,1426.11,22,Center Beta,Healthy
CAR-1139,City,2022,4,60551,Electric,North,Tyre,76,Healthy,No Failure,6/4/2024,Preventive,121.69,1,Center Epsilon,Healthy
CAR-1107,Sedan,2022,4,58894,Electric,South,Headlight,26,Critical,Lighting Failure,8/9/2025,Emergency,254.86,68,Center Alpha,Under Maintenance
CAR-1119,Premium Sedan,2021,5,64152,Diesel,East,Engine,51,Warning,Mechanical Failure,11/13/2025,Preventive,695.86,2,Center Epsilon,Healthy
CAR-1310,Sedan,2018,8,79019,Petrol,South,Brake,37,Critical,Brake Wear,3/20/2024,Emergency,795.82,39,Center Beta,Under Maintenance
CAR-1315,Premium Sedan,2022,4,66132,Diesel,Central,Brake,52,Warning,Brake Wear,11/27/2023,Preventive,258.09,2,Center Epsilon,Healthy
CAR-1229,Compact,2019,7,81247,Diesel,South,Transmission,40,Critical,Transmission Fault,12/18/2024,Emergency,2185.36,19,Center Delta,Needs Inspection
CAR-1348,Sedan,2018,8,88897,Hybrid,North,Tyre,10,Critical,Tyre Damage,11/29/2025,Emergency,366.68,41,Center Delta,Under Maintenance
CAR-1209,Compact,2021,5,49802,Hybrid,Central,Headlight,21,Critical,Lighting Failure,10/20/2025,Emergency,259.93,68,Center Alpha,Under Maintenance
CAR-1369,Premium Sedan,2023,3,49474,Hybrid,Central,Engine,100,Healthy,No Failure,11/1/2025,Preventive,883.82,3,Center Alpha,Healthy
CAR-1161,Compact,2022,4,74608,Electric,West,Engine,88,Healthy,No Failure,5/21/2023,Preventive,1016.49,3,Center Gamma,Healthy
CAR-1304,Hatchback,2020,6,84523,Electric,South,Brake,55,Warning,Brake Wear,6/24/2023,Corrective,402,21,Center Delta,Healthy
CAR-1329,Crossover,2018,8,89144,Diesel,Central,Transmission,48,Warning,Transmission Fault,12/6/2023,Preventive,1005.26,2,Center Alpha,Healthy
CAR-1231,Premium Sedan,2022,4,39582,Petrol,West,Cooling System,84,Healthy,No Failure,7/27/2023,Preventive,382.25,2,Center Delta,Healthy
CAR-1364,Crossover,2024,2,24373,Diesel,Central,Brake,83,Healthy,No Failure,3/8/2024,Preventive,277.55,1,Center Alpha,Healthy
CAR-1218,Compact,2021,5,60050,Petrol,West,Suspension,46,Warning,Suspension Failure,4/27/2023,Corrective,713.56,14,Center Delta,Healthy
CAR-1266,City,2022,4,45679,Electric,South,Suspension,70,Warning,Suspension Failure,4/15/2025,Corrective,775.26,7,Center Delta,Healthy
CAR-1303,City,2019,7,79868,Diesel,Central,Transmission,50,Warning,Transmission Fault,4/25/2024,Corrective,1819.57,23,Center Alpha,Healthy
CAR-1115,Compact,2020,6,59021,Diesel,Central,Transmission,58,Warning,Transmission Fault,8/1/2023,Corrective,1417.61,7,Center Epsilon,Healthy
CAR-1300,Crossover,2019,7,127390,Diesel,Central,Engine,25,Critical,Wear,12/3/2025,Emergency,2471.99,31,Center Epsilon,Under Maintenance
CAR-1473,City,2018,8,111036,Petrol,South,Transmission,17,Critical,Transmission Fault,8/8/2025,Corrective,1755.65,19,Center Gamma,Needs Inspection
CAR-1024,Crossover,2021,5,88062,Diesel,East,Engine,59,Warning,Mechanical Failure,6/12/2023,Preventive,830.06,2,Center Gamma,Healthy
CAR-1216,City,2020,6,98212,Petrol,South,Transmission,64,Warning,Transmission Fault,12/1/2025,Preventive,910.46,2,Center Delta,Healthy
CAR-1303,City,2019,7,94766,Diesel,Central,Battery,27,Critical,Battery Failure,1/11/2023,Emergency,568.66,28,Center Alpha,Under Maintenance
CAR-1107,Sedan,2022,4,40321,Electric,South,Suspension,51,Warning,Suspension Failure,3/12/2024,Corrective,794.44,11,Center Beta,Healthy
CAR-1402,City,2024,2,32719,Electric,West,Engine,77,Healthy,No Failure,10/20/2023,Preventive,835.41,3,Center Gamma,Healthy
CAR-1367,Premium Sedan,2019,7,66303,Petrol,South,Tyre,64,Warning,Tyre Damage,2/26/2024,Preventive,137.8,2,Center Delta,Healthy
CAR-1363,City,2024,2,29123,Electric,East,Battery,67,Warning,Battery Failure,4/29/2025,Corrective,244.29,21,Center Alpha,Healthy
CAR-1479,Premium Sedan,2019,7,84727,Petrol,South,Cooling System,50,Warning,Overheating,1/26/2025,Corrective,514.3,20,Center Alpha,Healthy
CAR-1435,Premium Sedan,2020,6,66029,Petrol,North,Brake,45,Warning,Brake Wear,11/28/2024,Corrective,362.96,14,Center Alpha,Healthy
CAR-1074,Crossover,2018,8,140191,Petrol,South,Cooling System,22,Critical,Overheating,11/18/2025,Corrective,413.57,7,Center Delta,Needs Inspection
CAR-1153,Hatchback,2019,7,89911,Diesel,North,Headlight,70,Warning,Lighting Failure,1/30/2025,Corrective,165.17,8,Center Delta,Healthy
CAR-1265,City,2021,5,70218,Electric,West,Tyre,66,Warning,Tyre Damage,3/8/2023,Corrective,226.69,12,Center Epsilon,Healthy
CAR-1280,Premium Sedan,2023,3,48431,Hybrid,West,Engine,77,Healthy,No Failure,7/15/2024,Preventive,694.77,3,Center Epsilon,Healthy
CAR-1318,Hatchback,2018,8,131646,Petrol,Central,Brake,30,Critical,Brake Wear,4/18/2024,Corrective,351.74,13,Center Alpha,Needs Inspection
CAR-1269,Compact,2021,5,79137,Electric,Central,Suspension,68,Warning,Suspension Failure,5/14/2023,Corrective,696.1,11,Center Alpha,Healthy
CAR-1411,Premium Sedan,2024,2,34559,Diesel,East,Battery,66,Warning,Battery Failure,4/6/2024,Corrective,373.28,21,Center Epsilon,Healthy
CAR-1144,Sedan,2023,3,31982,Diesel,East,Tyre,91,Healthy,No Failure,4/28/2024,Preventive,167.02,1,Center Beta,Healthy
CAR-1236,Hatchback,2023,3,33322,Diesel,South,Brake,76,Healthy,No Failure,3/5/2024,Preventive,318.94,1,Center Gamma,Healthy
CAR-1428,Crossover,2019,7,92604,Petrol,South,Tyre,63,Warning,Tyre Damage,12/10/2023,Corrective,219.72,16,Center Alpha,Healthy
CAR-1418,Crossover,2022,4,52401,Diesel,West,Headlight,85,Healthy,No Failure,2/12/2023,Preventive,116.26,3,Center Delta,Healthy
CAR-1416,City,2020,6,86191,Diesel,South,Cooling System,50,Warning,Overheating,4/1/2025,Corrective,478.11,19,Center Gamma,Healthy
CAR-1024,Crossover,2021,5,64229,Diesel,East,Brake,55,Warning,Brake Wear,9/30/2024,Corrective,355.15,17,Center Beta,Healthy
CAR-1361,Hatchback,2019,7,83996,Petrol,West,Engine,48,Warning,Overheating,4/25/2025,Corrective,1605.17,20,Center Epsilon,Healthy
CAR-1178,Crossover,2018,8,73734,Diesel,East,Engine,77,Healthy,No Failure,9/3/2025,Preventive,979.49,1,Center Gamma,Healthy
CAR-1268,Crossover,2021,5,64838,Diesel,East,Tyre,50,Warning,Tyre Damage,12/3/2023,Preventive,173.57,1,Center Beta,Healthy
CAR-1395,Compact,2021,5,57723,Diesel,South,Battery,22,Critical,Battery Failure,6/30/2025,Corrective,238.13,13,Center Epsilon,Needs Inspection
CAR-1075,Hatchback,2022,4,47576,Diesel,West,Engine,52,Warning,Wear,8/29/2025,Preventive,1036.16,1,Center Delta,Healthy
CAR-1392,Crossover,2020,6,103282,Diesel,Central,Cooling System,30,Critical,Overheating,1/22/2023,Corrective,623.17,15,Center Delta,Needs Inspection
CAR-1305,Compact,2022,4,44358,Diesel,Central,Engine,100,Healthy,No Failure,12/5/2023,Preventive,756.95,1,Center Gamma,Healthy
CAR-1179,City,2023,3,29690,Electric,Central,Brake,60,Warning,Brake Wear,3/22/2025,Corrective,399.12,14,Center Gamma,Healthy
CAR-1162,Hatchback,2023,3,39864,Hybrid,Central,Tyre,100,Healthy,No Failure,8/20/2023,Preventive,121.57,1,Center Alpha,Healthy
CAR-1106,Sedan,2023,3,39538,Electric,East,Tyre,75,Healthy,No Failure,8/4/2023,Preventive,144.31,1,Center Beta,Healthy
CAR-1160,Compact,2018,8,90697,Diesel,Central,Headlight,39,Critical,Lighting Failure,10/10/2025,Emergency,279.17,66,Center Delta,Under Maintenance
CAR-1251,Sedan,2024,2,22057,Electric,East,Engine,96,Healthy,No Failure,2/27/2025,Preventive,797.94,2,Center Alpha,Healthy
CAR-1441,Premium Sedan,2024,2,29653,Petrol,East,Engine,81,Healthy,No Failure,11/10/2024,Preventive,883.92,3,Center Alpha,Healthy
CAR-1177,City,2022,4,66047,Petrol,South,Cooling System,91,Healthy,No Failure,12/9/2025,Preventive,295.15,3,Center Alpha,Healthy
CAR-1380,Crossover,2020,6,104885,Electric,North,Brake,52,Warning,Brake Wear,5/9/2023,Corrective,345.98,21,Center Alpha,Healthy
CAR-1279,Crossover,2020,6,70239,Petrol,West,Headlight,57,Warning,Lighting Failure,1/12/2025,Preventive,110.9,2,Center Gamma,Healthy
CAR-1358,Sedan,2023,3,36079,Diesel,North,Cooling System,88,Healthy,No Failure,12/31/2023,Preventive,388.66,1,Center Alpha,Healthy
CAR-1483,Crossover,2023,3,55296,Petrol,South,Battery,56,Warning,Battery Failure,1/23/2023,Preventive,188.26,2,Center Alpha,Healthy
CAR-1232,Sedan,2022,4,40631,Diesel,East,Tyre,59,Warning,Tyre Damage,10/10/2025,Preventive,123.57,2,Center Alpha,Healthy
CAR-1102,City,2018,8,132428,Petrol,Central,Tyre,30,Critical,Tyre Damage,6/1/2023,Emergency,333.96,20,Center Gamma,Needs Inspection
CAR-1038,Premium Sedan,2020,6,75384,Diesel,Central,Tyre,37,Critical,Tyre Damage,3/28/2024,Corrective,212.42,6,Center Delta,Needs Inspection
CAR-1032,Premium Sedan,2018,8,116850,Diesel,North,Battery,54,Warning,Battery Failure,11/1/2025,Corrective,339.92,19,Center Epsilon,Healthy
CAR-1126,Crossover,2022,4,42394,Petrol,North,Transmission,74,Warning,Transmission Fault,10/24/2023,Corrective,1348,12,Center Beta,Healthy
CAR-1062,Sedan,2019,7,106966,Electric,Central,Brake,84,Healthy,No Failure,8/17/2023,Preventive,203.01,1,Center Beta,Healthy
CAR-1390,City,2019,7,61115,Diesel,North,Battery,58,Warning,Battery Failure,6/14/2024,Preventive,186.84,1,Center Delta,Healthy
CAR-1422,Compact,2018,8,87781,Diesel,North,Suspension,61,Warning,Suspension Failure,7/4/2025,Preventive,451.83,2,Center Delta,Healthy
CAR-1439,Crossover,2018,8,96281,Petrol,Central,Battery,52,Warning,Battery Failure,7/9/2023,Corrective,282.08,23,Center Beta,Healthy
CAR-1359,Premium Sedan,2018,8,72302,Diesel,North,Headlight,33,Critical,Lighting Failure,1/16/2024,Corrective,195.16,19,Center Gamma,Needs Inspection
CAR-1092,Compact,2021,5,71894,Petrol,South,Battery,95,Healthy,No Failure,2/4/2025,Preventive,161.38,1,Center Delta,Healthy
CAR-1084,Crossover,2020,6,63647,Diesel,East,Transmission,73,Warning,Transmission Fault,12/7/2024,Corrective,1654.84,13,Center Alpha,Healthy
CAR-1018,Compact,2022,4,45173,Diesel,North,Battery,58,Warning,Battery Failure,9/16/2024,Corrective,366.66,14,Center Beta,Healthy
CAR-1372,City,2019,7,65234,Petrol,Central,Headlight,47,Warning,Lighting Failure,11/16/2023,Preventive,91.99,2,Center Epsilon,Healthy
CAR-1207,Premium Sedan,2023,3,23244,Diesel,Central,Engine,99,Healthy,No Failure,1/3/2024,Preventive,781.12,2,Center Alpha,Healthy
CAR-1420,Crossover,2021,5,69152,Electric,North,Battery,55,Warning,Battery Failure,4/7/2025,Preventive,208,2,Center Beta,Healthy
CAR-1275,Premium Sedan,2021,5,56584,Petrol,South,Battery,31,Critical,Battery Failure,12/23/2024,Emergency,395.88,45,Center Beta,Under Maintenance
CAR-1193,Hatchback,2021,5,53175,Petrol,North,Headlight,74,Warning,Lighting Failure,1/23/2023,Corrective,205.81,19,Center Delta,Healthy
CAR-1163,Crossover,2024,2,27030,Petrol,West,Tyre,91,Healthy,No Failure,3/20/2023,Preventive,174.28,2,Center Gamma,Healthy
CAR-1494,Hatchback,2020,6,104390,Diesel,East,Tyre,29,Critical,Tyre Damage,10/24/2023,Emergency,393.06,51,Center Delta,Under Maintenance
CAR-1065,Premium Sedan,2024,2,18692,Electric,North,Engine,80,Healthy,No Failure,12/2/2024,Preventive,818.28,3,Center Epsilon,Healthy
CAR-1375,City,2023,3,42469,Electric,Central,Engine,89,Healthy,No Failure,6/16/2023,Preventive,908.34,3,Center Epsilon,Healthy
CAR-1205,Compact,2019,7,90546,Diesel,North,Tyre,31,Critical,Tyre Damage,5/16/2023,Emergency,406.7,28,Center Delta,Under Maintenance
CAR-1295,Premium Sedan,2019,7,82158,Hybrid,West,Engine,41,Critical,Mechanical Failure,8/7/2023,Emergency,1929.93,65,Center Alpha,Under Maintenance
CAR-1398,City,2019,7,87572,Electric,Central,Engine,49,Warning,Mechanical Failure,4/23/2024,Corrective,1129.14,22,Center Delta,Healthy
CAR-1158,Crossover,2019,7,97831,Diesel,West,Transmission,38,Critical,Transmission Fault,5/27/2023,Emergency,2284.85,25,Center Beta,Under Maintenance
CAR-1035,Crossover,2020,6,75869,Hybrid,North,Tyre,57,Warning,Tyre Damage,9/8/2024,Corrective,234.59,9,Center Epsilon,Healthy
CAR-1075,Hatchback,2022,4,38739,Diesel,West,Tyre,72,Warning,Tyre Damage,1/4/2025,Corrective,287.95,10,Center Alpha,Healthy
CAR-1453,Premium Sedan,2022,4,50377,Petrol,East,Engine,44,Critical,Overheating,8/11/2024,Emergency,1693.59,39,Center Beta,Under Maintenance
CAR-1412,Compact,2021,5,65838,Hybrid,South,Transmission,48,Warning,Transmission Fault,9/13/2023,Corrective,1685.58,11,Center Epsilon,Healthy
CAR-1351,Premium Sedan,2018,8,79899,Petrol,West,Engine,32,Critical,Mechanical Failure,1/2/2023,Emergency,1958.4,19,Center Alpha,Needs Inspection
CAR-1049,Premium Sedan,2019,7,124787,Electric,North,Engine,15,Critical,Mechanical Failure,6/16/2025,Corrective,1067.03,18,Center Beta,Needs Inspection
CAR-1277,Compact,2018,8,75631,Electric,West,Transmission,45,Warning,Transmission Fault,8/9/2023,Preventive,903.79,1,Center Epsilon,Healthy
CAR-1293,Sedan,2022,4,76978,Hybrid,South,Brake,57,Warning,Brake Wear,9/2/2024,Preventive,264.05,3,Center Alpha,Healthy
CAR-1034,Crossover,2020,6,97361,Petrol,East,Transmission,44,Critical,Transmission Fault,3/5/2024,Emergency,1954.21,45,Center Gamma,Under Maintenance
CAR-1065,Premium Sedan,2024,2,30690,Electric,North,Brake,79,Healthy,No Failure,12/28/2024,Preventive,315.22,2,Center Epsilon,Healthy
CAR-1285,City,2022,4,69666,Petrol,North,Suspension,63,Warning,Suspension Failure,2/21/2023,Preventive,501.73,2,Center Gamma,Healthy
CAR-1218,Compact,2021,5,59034,Petrol,West,Tyre,61,Warning,Tyre Damage,11/23/2023,Corrective,249.51,11,Center Beta,Healthy
CAR-1016,Crossover,2019,7,114389,Electric,Central,Battery,66,Warning,Battery Failure,4/17/2024,Corrective,345.11,7,Center Epsilon,Healthy
CAR-1331,Crossover,2024,2,33800,Electric,North,Battery,96,Healthy,No Failure,4/17/2025,Preventive,165.51,1,Center Delta,Healthy
CAR-1225,Crossover,2018,8,78472,Petrol,North,Suspension,52,Warning,Suspension Failure,6/22/2024,Preventive,483.56,3,Center Alpha,Healthy
CAR-1062,Sedan,2019,7,123581,Electric,Central,Headlight,27,Critical,Lighting Failure,11/19/2024,Emergency,287.79,61,Center Gamma,Under Maintenance
CAR-1264,Premium Sedan,2021,5,50289,Diesel,East,Cooling System,60,Warning,Overheating,6/10/2023,Corrective,570.86,23,Center Gamma,Healthy
CAR-1039,Premium Sedan,2018,8,124818,Petrol,North,Transmission,11,Critical,Transmission Fault,2/9/2023,Emergency,1975.22,24,Center Epsilon,Needs Inspection
CAR-1030,Sedan,2021,5,50576,Diesel,East,Brake,68,Warning,Brake Wear,9/25/2024,Preventive,214.21,3,Center Alpha,Healthy
CAR-1326,Crossover,2018,8,103328,Electric,West,Transmission,41,Critical,Transmission Fault,3/31/2023,Corrective,1864.11,20,Center Alpha,Needs Inspection
CAR-1462,Hatchback,2022,4,41371,Diesel,West,Brake,72,Warning,Brake Wear,9/12/2025,Preventive,282.38,2,Center Delta,Healthy
CAR-1172,Crossover,2022,4,40292,Electric,North,Tyre,78,Healthy,No Failure,6/25/2023,Preventive,160.24,3,Center Delta,Healthy
CAR-1405,Premium Sedan,2024,2,19030,Diesel,North,Battery,82,Healthy,No Failure,1/13/2025,Preventive,205.89,2,Center Delta,Healthy
CAR-1002,Sedan,2023,3,40787,Electric,North,Cooling System,100,Healthy,No Failure,5/3/2023,Preventive,286.09,2,Center Delta,Healthy
CAR-1129,City,2021,5,63841,Petrol,Central,Headlight,71,Warning,Lighting Failure,10/25/2025,Corrective,197.32,22,Center Delta,Healthy
CAR-1229,Compact,2019,7,121014,Diesel,South,Transmission,44,Critical,Transmission Fault,5/27/2023,Emergency,2078.04,66,Center Epsilon,Under Maintenance
CAR-1468,Crossover,2018,8,147187,Electric,East,Tyre,41,Critical,Tyre Damage,2/8/2024,Corrective,304.89,19,Center Alpha,Needs Inspection
CAR-1180,City,2021,5,86657,Petrol,North,Engine,69,Warning,Mechanical Failure,6/25/2023,Corrective,1141.39,18,Center Alpha,Healthy
CAR-1371,Hatchback,2020,6,107074,Petrol,South,Battery,38,Critical,Battery Failure,11/8/2024,Emergency,403.25,42,Center Delta,Under Maintenance
CAR-1195,Sedan,2024,2,32502,Petrol,North,Engine,77,Healthy,No Failure,4/3/2024,Preventive,730.14,2,Center Beta,Healthy
CAR-1457,Compact,2022,4,43767,Electric,North,Cooling System,73,Warning,Overheating,1/4/2023,Corrective,416.49,12,Center Alpha,Healthy
CAR-1280,Premium Sedan,2023,3,45866,Hybrid,West,Cooling System,44,Critical,Overheating,2/21/2023,Emergency,816.07,48,Center Alpha,Under Maintenance
CAR-1355,Crossover,2022,4,45766,Electric,Central,Headlight,41,Critical,Lighting Failure,3/7/2025,Emergency,293.7,47,Center Beta,Under Maintenance
CAR-1036,Crossover,2022,4,45140,Diesel,Central,Transmission,84,Healthy,No Failure,3/1/2025,Preventive,786.56,2,Center Beta,Healthy
CAR-1438,Premium Sedan,2024,2,16513,Petrol,Central,Engine,84,Healthy,No Failure,3/12/2023,Preventive,691.98,1,Center Gamma,Healthy
CAR-1412,Compact,2021,5,45283,Hybrid,South,Tyre,84,Healthy,No Failure,6/7/2025,Preventive,161.12,2,Center Epsilon,Healthy
CAR-1227,Hatchback,2022,4,51676,Petrol,South,Tyre,75,Healthy,No Failure,7/31/2023,Preventive,187.56,3,Center Gamma,Healthy
CAR-1489,City,2018,8,124731,Diesel,West,Tyre,36,Critical,Tyre Damage,5/5/2024,Emergency,411.46,63,Center Gamma,Under Maintenance
CAR-1174,Sedan,2022,4,63281,Petrol,West,Brake,69,Warning,Brake Wear,12/5/2024,Preventive,205.16,3,Center Gamma,Healthy
CAR-1372,City,2019,7,97180,Petrol,Central,Brake,55,Warning,Brake Wear,9/20/2025,Corrective,512.63,14,Center Delta,Healthy
CAR-1112,Sedan,2021,5,64770,Petrol,West,Suspension,44,Critical,Suspension Failure,10/30/2025,Corrective,624.87,9,Center Gamma,Needs Inspection
CAR-1477,Hatchback,2020,6,81848,Electric,Central,Headlight,23,Critical,Lighting Failure,10/17/2024,Emergency,230.54,66,Center Gamma,Under Maintenance
CAR-1374,Compact,2018,8,93923,Hybrid,East,Engine,42,Critical,Wear,1/12/2025,Emergency,2357.54,53,Center Gamma,Under Maintenance
CAR-1208,Crossover,2019,7,63989,Petrol,North,Brake,44,Critical,Brake Wear,3/18/2023,Corrective,420.41,16,Center Epsilon,Needs Inspection
CAR-1360,City,2018,8,127554,Petrol,West,Suspension,26,Critical,Suspension Failure,2/21/2023,Corrective,874.46,19,Center Gamma,Needs Inspection
CAR-1395,Compact,2021,5,75017,Diesel,South,Battery,48,Warning,Battery Failure,8/5/2023,Preventive,215.43,3,Center Epsilon,Healthy
CAR-1043,Sedan,2021,5,53327,Petrol,East,Battery,53,Warning,Battery Failure,1/1/2024,Preventive,173.82,2,Center Delta,Healthy
CAR-1400,Premium Sedan,2019,7,107561,Petrol,South,Suspension,30,Critical,Suspension Failure,1/18/2024,Emergency,1198.51,67,Center Epsilon,Under Maintenance
CAR-1369,Premium Sedan,2023,3,52875,Hybrid,Central,Tyre,75,Healthy,No Failure,10/17/2025,Preventive,174.97,1,Center Gamma,Healthy
CAR-1454,Compact,2019,7,56888,Petrol,North,Engine,59,Warning,Mechanical Failure,3/16/2025,Preventive,680.17,3,Center Beta,Healthy
CAR-1370,Hatchback,2020,6,75213,Petrol,West,Brake,58,Warning,Brake Wear,12/13/2024,Corrective,485.44,20,Center Gamma,Healthy
CAR-1169,Premium Sedan,2020,6,97985,Petrol,West,Headlight,42,Critical,Lighting Failure,9/3/2023,Corrective,193.22,21,Center Epsilon,Needs Inspection
CAR-1476,Crossover,2022,4,68060,Electric,East,Engine,56,Warning,Mechanical Failure,11/9/2024,Corrective,1040.68,13,Center Gamma,Healthy
CAR-1349,City,2022,4,43311,Petrol,North,Engine,70,Warning,Mechanical Failure,4/20/2023,Corrective,1128.73,19,Center Epsilon,Healthy
CAR-1033,Premium Sedan,2022,4,62783,Petrol,East,Suspension,57,Warning,Suspension Failure,10/8/2024,Preventive,531.62,1,Center Epsilon,Healthy
CAR-1172,Crossover,2022,4,46088,Electric,North,Transmission,57,Warning,Transmission Fault,12/1/2024,Preventive,768.8,3,Center Alpha,Healthy
CAR-1150,Hatchback,2022,4,47723,Diesel,East,Engine,71,Warning,Mechanical Failure,12/31/2023,Preventive,981.11,3,Center Delta,Healthy
CAR-1043,Sedan,2021,5,60813,Petrol,East,Transmission,74,Warning,Transmission Fault,7/9/2025,Preventive,1035.88,1,Center Epsilon,Healthy
CAR-1360,City,2018,8,106525,Petrol,West,Cooling System,26,Critical,Overheating,3/15/2025,Corrective,397.47,12,Center Alpha,Needs Inspection
CAR-1402,City,2024,2,30290,Electric,West,Engine,61,Warning,Overheating,1/22/2025,Corrective,1523.13,19,Center Epsilon,Healthy
CAR-1424,City,2018,8,132672,Diesel,East,Battery,10,Critical,Battery Failure,2/21/2023,Corrective,361.72,17,Center Alpha,Needs Inspection
CAR-1445,Hatchback,2021,5,86748,Diesel,West,Tyre,57,Warning,Tyre Damage,2/8/2024,Preventive,157.76,1,Center Alpha,Healthy
CAR-1467,Compact,2022,4,52416,Diesel,North,Cooling System,63,Warning,Overheating,10/25/2023,Preventive,294.63,1,Center Delta,Healthy
CAR-1128,Sedan,2020,6,56921,Diesel,West,Engine,46,Warning,Mechanical Failure,12/10/2023,Preventive,874.71,2,Center Epsilon,Healthy
CAR-1303,City,2019,7,103881,Diesel,Central,Tyre,47,Warning,Tyre Damage,11/23/2024,Corrective,286.53,17,Center Alpha,Healthy
CAR-1350,City,2023,3,35454,Diesel,West,Transmission,73,Warning,Transmission Fault,6/1/2025,Corrective,1216.29,20,Center Alpha,Healthy
CAR-1104,City,2021,5,81928,Electric,North,Engine,71,Warning,Mechanical Failure,3/7/2023,Corrective,1519.15,10,Center Delta,Healthy
CAR-1218,Compact,2021,5,81499,Petrol,West,Brake,51,Warning,Brake Wear,4/24/2024,Preventive,210.04,1,Center Beta,Healthy
CAR-1199,Crossover,2020,6,57582,Diesel,South,Tyre,43,Critical,Tyre Damage,8/19/2023,Emergency,347.5,62,Center Gamma,Under Maintenance
CAR-1151,Hatchback,2020,6,73611,Diesel,West,Battery,51,Warning,Battery Failure,11/24/2024,Corrective,359.57,21,Center Alpha,Healthy
CAR-1099,Hatchback,2018,8,117301,Petrol,West,Battery,20,Critical,Battery Failure,7/17/2025,Emergency,391.73,70,Center Delta,Under Maintenance
CAR-1114,Compact,2018,8,124701,Diesel,East,Suspension,10,Critical,Suspension Failure,11/30/2024,Corrective,599.94,15,Center Epsilon,Needs Inspection
CAR-1365,Hatchback,2019,7,66978,Diesel,West,Cooling System,39,Critical,Overheating,3/7/2024,Emergency,939.8,20,Center Beta,Needs Inspection
CAR-1398,City,2019,7,115272,Electric,Central,Transmission,38,Critical,Transmission Fault,12/15/2024,Emergency,1834.91,32,Center Alpha,Under Maintenance
CAR-1297,Premium Sedan,2022,4,55664,Petrol,East,Transmission,88,Healthy,No Failure,2/3/2023,Preventive,735.02,3,Center Delta,Healthy
CAR-1236,Hatchback,2023,3,40982,Diesel,South,Engine,63,Warning,Mechanical Failure,5/19/2025,Corrective,1083.71,13,Center Beta,Healthy
CAR-1366,Sedan,2019,7,105814,Petrol,South,Tyre,45,Warning,Tyre Damage,4/10/2024,Preventive,132.13,2,Center Beta,Healthy
CAR-1293,Sedan,2022,4,32831,Hybrid,South,Brake,69,Warning,Brake Wear,12/8/2023,Preventive,296.52,1,Center Beta,Healthy
CAR-1021,City,2024,2,31203,Diesel,Central,Tyre,92,Healthy,No Failure,10/2/2024,Preventive,157.35,2,Center Delta,Healthy
CAR-1094,Premium Sedan,2024,2,19280,Electric,Central,Transmission,93,Healthy,No Failure,6/11/2025,Preventive,941.1,3,Center Epsilon,Healthy
CAR-1448,Compact,2020,6,90108,Electric,South,Cooling System,60,Warning,Overheating,5/16/2024,Corrective,507.21,10,Center Alpha,Healthy
CAR-1277,Compact,2018,8,123077,Electric,West,Suspension,10,Critical,Suspension Failure,10/24/2024,Emergency,1178.4,71,Center Beta,Under Maintenance
CAR-1363,City,2024,2,39358,Electric,East,Transmission,76,Healthy,No Failure,6/25/2025,Preventive,978.25,1,Center Beta,Healthy
CAR-1224,Sedan,2018,8,70390,Diesel,North,Cooling System,43,Critical,Overheating,3/30/2024,Emergency,748.38,34,Center Beta,Under Maintenance
CAR-1146,Premium Sedan,2019,7,74767,Petrol,North,Tyre,47,Warning,Tyre Damage,2/7/2023,Corrective,203.42,13,Center Delta,Healthy
CAR-1031,Compact,2018,8,121051,Diesel,West,Suspension,12,Critical,Suspension Failure,8/27/2024,Corrective,742.33,9,Center Delta,Needs Inspection
CAR-1277,Compact,2018,8,93744,Electric,West,Tyre,43,Critical,Tyre Damage,2/28/2023,Emergency,372.91,63,Center Gamma,Under Maintenance
CAR-1103,City,2023,3,42758,Electric,East,Battery,55,Warning,Battery Failure,7/17/2025,Preventive,163.07,2,Center Gamma,Healthy
CAR-1359,Premium Sedan,2018,8,142654,Diesel,North,Suspension,15,Critical,Suspension Failure,6/2/2025,Corrective,663.74,10,Center Beta,Needs Inspection
CAR-1091,Hatchback,2022,4,34734,Electric,East,Cooling System,67,Warning,Overheating,1/13/2023,Corrective,540.51,21,Center Alpha,Healthy
CAR-1199,Crossover,2020,6,84620,Diesel,South,Cooling System,34,Critical,Overheating,4/21/2024,Emergency,918.68,21,Center Delta,Needs Inspection
CAR-1260,City,2020,6,102529,Diesel,East,Tyre,43,Critical,Tyre Damage,12/13/2023,Emergency,436.16,54,Center Epsilon,Under Maintenance
CAR-1187,City,2021,5,60931,Petrol,North,Tyre,56,Warning,Tyre Damage,11/7/2025,Preventive,120.91,1,Center Gamma,Healthy
CAR-1023,Compact,2018,8,142818,Petrol,South,Battery,28,Critical,Battery Failure,8/1/2023,Emergency,384.2,28,Center Gamma,Under Maintenance
CAR-1472,Hatchback,2019,7,100554,Petrol,East,Headlight,27,Critical,Lighting Failure,2/28/2024,Emergency,315.87,36,Center Epsilon,Under Maintenance
CAR-1406,City,2019,7,101873,Diesel,Central,Brake,23,Critical,Brake Wear,5/30/2025,Corrective,422.08,15,Center Delta,Needs Inspection
CAR-1172,Crossover,2022,4,59792,Electric,North,Battery,82,Healthy,No Failure,4/6/2025,Preventive,157.37,1,Center Beta,Healthy
CAR-1493,Premium Sedan,2018,8,78588,Hybrid,West,Headlight,34,Critical,Lighting Failure,4/23/2024,Corrective,201.29,17,Center Epsilon,Needs Inspection
CAR-1495,Premium Sedan,2022,4,56537,Petrol,East,Headlight,68,Warning,Lighting Failure,3/14/2025,Corrective,169.24,10,Center Gamma,Healthy
CAR-1230,Crossover,2021,5,55109,Electric,West,Tyre,55,Warning,Tyre Damage,9/3/2025,Corrective,269.34,22,Center Epsilon,Healthy
CAR-1267,Compact,2019,7,53127,Hybrid,East,Tyre,23,Critical,Tyre Damage,7/26/2024,Emergency,340.39,62,Center Epsilon,Under Maintenance
CAR-1499,Premium Sedan,2024,2,40405,Hybrid,Central,Cooling System,88,Healthy,No Failure,5/12/2024,Preventive,245.51,3,Center Alpha,Healthy
CAR-1233,Sedan,2022,4,64852,Diesel,East,Battery,74,Warning,Battery Failure,8/14/2024,Corrective,317.96,7,Center Delta,Healthy
CAR-1275,Premium Sedan,2021,5,93592,Petrol,South,Brake,40,Critical,Brake Wear,1/31/2024,Corrective,390.83,6,Center Delta,Needs Inspection
CAR-1027,City,2021,5,62914,Diesel,Central,Tyre,28,Critical,Tyre Damage,3/31/2023,Emergency,402.53,35,Center Epsilon,Under Maintenance
CAR-1297,Premium Sedan,2022,4,33068,Petrol,East,Brake,69,Warning,Brake Wear,4/1/2024,Preventive,230.85,3,Center Alpha,Healthy
CAR-1067,Premium Sedan,2019,7,81485,Hybrid,South,Headlight,48,Warning,Lighting Failure,1/2/2025,Preventive,92.02,2,Center Beta,Healthy
CAR-1484,City,2024,2,42120,Diesel,North,Brake,100,Healthy,No Failure,2/17/2023,Preventive,233.54,2,Center Beta,Healthy
CAR-1080,Compact,2022,4,46686,Diesel,West,Suspension,76,Healthy,No Failure,2/21/2024,Preventive,485.78,1,Center Delta,Healthy
CAR-1361,Hatchback,2019,7,77270,Petrol,West,Engine,46,Warning,Overheating,10/19/2025,Preventive,747.61,3,Center Gamma,Healthy
CAR-1014,Compact,2019,7,75030,Petrol,Central,Suspension,59,Warning,Suspension Failure,8/19/2023,Corrective,775.35,8,Center Gamma,Healthy
CAR-1056,Compact,2019,7,74061,Hybrid,West,Engine,57,Warning,Wear,6/25/2023,Preventive,822.52,1,Center Epsilon,Healthy
CAR-1458,Hatchback,2022,4,53296,Petrol,West,Transmission,78,Healthy,No Failure,2/27/2023,Preventive,964.48,3,Center Alpha,Healthy
CAR-1341,Premium Sedan,2024,2,36723,Electric,West,Brake,92,Healthy,No Failure,10/18/2024,Preventive,202.47,3,Center Gamma,Healthy
CAR-1260,City,2020,6,95873,Diesel,East,Brake,57,Warning,Brake Wear,9/20/2025,Preventive,217.23,3,Center Delta,Healthy
CAR-1290,Crossover,2022,4,32627,Petrol,Central,Tyre,95,Healthy,No Failure,12/3/2025,Preventive,191.49,3,Center Gamma,Healthy
CAR-1477,Hatchback,2020,6,84213,Electric,Central,Suspension,41,Critical,Suspension Failure,4/27/2025,Emergency,1356.5,46,Center Alpha,Under Maintenance
CAR-1017,Crossover,2018,8,121180,Petrol,Central,Transmission,27,Critical,Transmission Fault,8/19/2025,Emergency,1996.81,57,Center Alpha,Under Maintenance
CAR-1441,Premium Sedan,2024,2,32367,Petrol,East,Headlight,62,Warning,Lighting Failure,5/18/2025,Preventive,128.77,3,Center Gamma,Healthy
CAR-1299,Sedan,2018,8,96312,Hybrid,South,Engine,68,Warning,Wear,10/9/2025,Corrective,1572.87,7,Center Epsilon,Healthy
CAR-1022,Premium Sedan,2019,7,104447,Petrol,East,Engine,46,Warning,Mechanical Failure,6/8/2024,Corrective,1300.34,22,Center Alpha,Healthy
CAR-1392,Crossover,2020,6,60385,Diesel,Central,Suspension,84,Healthy,No Failure,5/6/2025,Preventive,477.84,3,Center Delta,Healthy
CAR-1080,Compact,2022,4,55901,Diesel,West,Engine,73,Warning,Mechanical Failure,5/27/2023,Preventive,1029.25,1,Center Epsilon,Healthy
CAR-1429,Sedan,2023,3,58402,Petrol,West,Headlight,59,Warning,Lighting Failure,2/13/2025,Corrective,161.32,23,Center Alpha,Healthy
CAR-1351,Premium Sedan,2018,8,60016,Petrol,West,Transmission,49,Warning,Transmission Fault,11/11/2025,Corrective,1322.78,21,Center Epsilon,Healthy
CAR-1488,Hatchback,2022,4,60113,Diesel,Central,Cooling System,63,Warning,Overheating,1/17/2024,Corrective,463.03,21,Center Alpha,Healthy
CAR-1390,City,2019,7,83368,Diesel,North,Transmission,26,Critical,Transmission Fault,2/28/2024,Emergency,2152.11,26,Center Epsilon,Under Maintenance
CAR-1013,Hatchback,2019,7,118338,Petrol,West,Headlight,38,Critical,Lighting Failure,10/1/2024,Corrective,194.04,9,Center Beta,Needs Inspection
CAR-1031,Compact,2018,8,105961,Diesel,West,Engine,53,Warning,Mechanical Failure,3/26/2023,Preventive,895.2,1,Center Alpha,Healthy
CAR-1044,Hatchback,2022,4,49020,Diesel,West,Engine,81,Healthy,No Failure,10/18/2024,Preventive,934.51,1,Center Epsilon,Healthy
CAR-1208,Crossover,2019,7,73346,Petrol,North,Brake,29,Critical,Brake Wear,5/18/2024,Emergency,764.36,52,Center Epsilon,Under Maintenance
CAR-1014,Compact,2019,7,82906,Petrol,Central,Brake,30,Critical,Brake Wear,12/3/2023,Emergency,786.21,63,Center Epsilon,Under Maintenance
CAR-1278,City,2021,5,83785,Electric,Central,Cooling System,41,Critical,Overheating,6/11/2023,Emergency,936.33,35,Center Epsilon,Under Maintenance
CAR-1264,Premium Sedan,2021,5,78472,Diesel,East,Tyre,62,Warning,Tyre Damage,9/13/2023,Preventive,131.34,1,Center Gamma,Healthy
CAR-1106,Sedan,2023,3,36778,Electric,East,Transmission,83,Healthy,No Failure,2/6/2025,Preventive,981.47,1,Center Delta,Healthy
CAR-1401,Compact,2023,3,48183,Diesel,South,Cooling System,78,Healthy,No Failure,10/8/2024,Preventive,302.36,2,Center Beta,Healthy
CAR-1263,Sedan,2023,3,30982,Hybrid,East,Transmission,33,Critical,Transmission Fault,10/8/2024,Emergency,2194.11,38,Center Epsilon,Under Maintenance
CAR-1441,Premium Sedan,2024,2,26144,Petrol,East,Transmission,72,Warning,Transmission Fault,8/12/2023,Preventive,948.39,2,Center Epsilon,Healthy
CAR-1028,City,2019,7,53355,Diesel,Central,Tyre,47,Warning,Tyre Damage,1/9/2023,Corrective,242.7,11,Center Delta,Healthy
CAR-1148,Premium Sedan,2020,6,102499,Petrol,South,Brake,49,Warning,Brake Wear,12/10/2023,Corrective,486.92,10,Center Alpha,Healthy
CAR-1396,Sedan,2019,7,96854,Petrol,West,Tyre,45,Warning,Tyre Damage,2/13/2025,Corrective,284.98,13,Center Epsilon,Healthy
CAR-1473,City,2018,8,116052,Petrol,South,Tyre,29,Critical,Tyre Damage,6/9/2025,Emergency,372.6,28,Center Beta,Under Maintenance
CAR-1264,Premium Sedan,2021,5,55751,Diesel,East,Suspension,73,Warning,Suspension Failure,10/16/2023,Preventive,438.92,3,Center Alpha,Healthy
CAR-1052,Compact,2019,7,61671,Diesel,South,Engine,68,Warning,Overheating,5/11/2024,Corrective,1569.6,11,Center Epsilon,Healthy
CAR-1460,City,2021,5,87452,Hybrid,Central,Brake,40,Critical,Brake Wear,9/8/2024,Emergency,616.12,19,Center Epsilon,Needs Inspection
CAR-1228,Premium Sedan,2023,3,22471,Petrol,West,Transmission,95,Healthy,No Failure,10/8/2025,Preventive,1022.51,3,Center Gamma,Healthy
CAR-1351,Premium Sedan,2018,8,136452,Petrol,West,Engine,10,Critical,Overheating,10/28/2025,Emergency,2032.79,48,Center Delta,Under Maintenance
CAR-1148,Premium Sedan,2020,6,76073,Petrol,South,Brake,55,Warning,Brake Wear,3/6/2023,Corrective,450.51,12,Center Beta,Healthy
CAR-1301,City,2019,7,117715,Petrol,West,Transmission,16,Critical,Transmission Fault,9/16/2025,Emergency,1934.33,34,Center Beta,Under Maintenance
CAR-1262,City,2019,7,131759,Diesel,North,Suspension,10,Critical,Suspension Failure,8/27/2023,Emergency,1130.38,19,Center Delta,Needs Inspection
CAR-1418,Crossover,2022,4,73906,Diesel,West,Transmission,65,Warning,Transmission Fault,7/14/2024,Corrective,1589.08,11,Center Epsilon,Healthy
CAR-1247,Hatchback,2024,2,33354,Electric,North,Engine,100,Healthy,No Failure,10/22/2023,Preventive,678.59,1,Center Gamma,Healthy
CAR-1228,Premium Sedan,2023,3,22039,Petrol,West,Headlight,94,Healthy,No Failure,1/14/2024,Preventive,108.59,1,Center Gamma,Healthy
CAR-1135,Hatchback,2022,4,49992,Electric,North,Engine,61,Warning,Mechanical Failure,10/5/2024,Corrective,1108.92,19,Center Epsilon,Healthy
CAR-1487,Premium Sedan,2024,2,34155,Hybrid,South,Tyre,73,Warning,Tyre Damage,4/21/2023,Corrective,200.32,19,Center Beta,Healthy
CAR-1014,Compact,2019,7,119513,Petrol,Central,Battery,31,Critical,Battery Failure,10/19/2024,Emergency,578.2,64,Center Epsilon,Under Maintenance
CAR-1259,City,2018,8,99497,Diesel,South,Tyre,17,Critical,Tyre Damage,10/30/2025,Emergency,336.19,48,Center Beta,Under Maintenance
CAR-1255,Sedan,2023,3,52386,Diesel,Central,Transmission,95,Healthy,No Failure,5/5/2025,Preventive,951.88,1,Center Delta,Healthy
CAR-1037,Sedan,2021,5,57068,Petrol,East,Transmission,59,Warning,Transmission Fault,12/22/2025,Corrective,1264.14,8,Center Alpha,Healthy
CAR-1460,City,2021,5,73085,Hybrid,Central,Transmission,40,Critical,Transmission Fault,5/29/2023,Corrective,1545.12,18,Center Alpha,Needs Inspection
CAR-1460,City,2021,5,61126,Hybrid,Central,Tyre,69,Warning,Tyre Damage,9/7/2025,Preventive,127.75,1,Center Beta,Healthy
CAR-1261,Compact,2021,5,66584,Petrol,Central,Battery,70,Warning,Battery Failure,8/4/2024,Corrective,262.55,8,Center Gamma,Healthy
CAR-1258,Premium Sedan,2024,2,15823,Petrol,South,Battery,86,Healthy,No Failure,6/11/2024,Preventive,160.56,3,Center Epsilon,Healthy
CAR-1286,Sedan,2021,5,58821,Electric,East,Suspension,60,Warning,Suspension Failure,5/2/2023,Corrective,705.65,12,Center Beta,Healthy
CAR-1032,Premium Sedan,2018,8,105471,Diesel,North,Battery,33,Critical,Battery Failure,11/8/2025,Emergency,383.3,65,Center Alpha,Under Maintenance
CAR-1426,Compact,2021,5,52022,Hybrid,Central,Cooling System,46,Warning,Overheating,12/30/2023,Preventive,312.35,3,Center Gamma,Healthy
CAR-1242,City,2020,6,63338,Diesel,East,Tyre,58,Warning,Tyre Damage,1/26/2023,Corrective,235.66,12,Center Epsilon,Healthy
CAR-1479,Premium Sedan,2019,7,65285,Petrol,South,Tyre,49,Warning,Tyre Damage,4/28/2023,Corrective,296.15,18,Center Epsilon,Healthy
CAR-1037,Sedan,2021,5,73187,Petrol,East,Tyre,54,Warning,Tyre Damage,7/17/2024,Preventive,123.51,1,Center Alpha,Healthy
CAR-1413,Compact,2023,3,50712,Diesel,South,Battery,81,Healthy,No Failure,5/21/2024,Preventive,152.64,2,Center Gamma,Healthy
CAR-1158,Crossover,2019,7,74467,Diesel,West,Headlight,50,Warning,Lighting Failure,12/17/2023,Corrective,141.6,23,Center Alpha,Healthy
CAR-1011,Sedan,2021,5,63974,Petrol,South,Suspension,49,Warning,Suspension Failure,11/8/2024,Corrective,686.29,18,Center Epsilon,Healthy
CAR-1291,City,2023,3,48045,Electric,South,Brake,66,Warning,Brake Wear,6/13/2024,Corrective,440,16,Center Delta,Healthy
CAR-1478,Sedan,2018,8,125611,Diesel,South,Transmission,10,Critical,Transmission Fault,11/10/2025,Emergency,2541.73,43,Center Delta,Under Maintenance
CAR-1325,Sedan,2019,7,88667,Petrol,North,Battery,10,Critical,Battery Failure,5/22/2023,Emergency,388.46,20,Center Delta,Needs Inspection
CAR-1102,City,2018,8,79736,Petrol,Central,Engine,47,Warning,Mechanical Failure,12/1/2024,Corrective,1335.42,16,Center Epsilon,Healthy
CAR-1046,Compact,2021,5,76915,Petrol,East,Cooling System,31,Critical,Overheating,10/8/2023,Corrective,411.06,7,Center Gamma,Needs Inspection
CAR-1288,Sedan,2021,5,72374,Petrol,West,Battery,58,Warning,Battery Failure,11/14/2023,Corrective,301.51,11,Center Gamma,Healthy
CAR-1189,Crossover,2021,5,63600,Petrol,North,Transmission,46,Warning,Transmission Fault,4/10/2024,Corrective,1797.81,11,Center Beta,Healthy
CAR-1308,Compact,2018,8,133158,Diesel,South,Headlight,12,Critical,Lighting Failure,10/22/2025,Emergency,220.85,63,Center Beta,Under Maintenance
CAR-1174,Sedan,2022,4,64956,Petrol,West,Headlight,35,Critical,Lighting Failure,1/17/2023,Emergency,256.65,48,Center Delta,Under Maintenance
CAR-1413,Compact,2023,3,50615,Diesel,South,Engine,74,Warning,Mechanical Failure,3/24/2023,Corrective,1342.24,7,Center Gamma,Healthy
CAR-1124,Sedan,2019,7,114102,Diesel,East,Brake,46,Warning,Brake Wear,12/21/2025,Preventive,227.37,1,Center Alpha,Healthy
CAR-1170,Premium Sedan,2019,7,106087,Petrol,West,Tyre,38,Critical,Tyre Damage,8/9/2023,Corrective,310.21,7,Center Beta,Needs Inspection
CAR-1428,Crossover,2019,7,69614,Petrol,South,Brake,67,Warning,Brake Wear,9/19/2023,Preventive,296.94,3,Center Epsilon,Healthy
CAR-1285,City,2022,4,51631,Petrol,North,Cooling System,52,Warning,Overheating,3/27/2024,Corrective,608.78,9,Center Epsilon,Healthy
CAR-1262,City,2019,7,93283,Diesel,North,Cooling System,64,Warning,Overheating,10/8/2024,Corrective,439.75,6,Center Gamma,Healthy
CAR-1122,Crossover,2021,5,67188,Petrol,West,Cooling System,57,Warning,Overheating,11/11/2023,Corrective,590.17,18,Center Beta,Healthy
CAR-1432,City,2022,4,62425,Petrol,North,Engine,66,Warning,Mechanical Failure,6/21/2025,Preventive,736.41,1,Center Gamma,Healthy
CAR-1338,Hatchback,2023,3,54527,Petrol,South,Battery,97,Healthy,No Failure,5/18/2023,Preventive,196.9,1,Center Delta,Healthy
CAR-1006,Sedan,2019,7,99344,Petrol,South,Transmission,60,Warning,Transmission Fault,4/17/2023,Corrective,1411.99,15,Center Beta,Healthy
CAR-1398,City,2019,7,69327,Electric,Central,Tyre,37,Critical,Tyre Damage,11/27/2023,Corrective,235.97,14,Center Alpha,Needs Inspection
CAR-1126,Crossover,2022,4,41741,Petrol,North,Tyre,61,Warning,Tyre Damage,1/4/2025,Corrective,221.67,20,Center Beta,Healthy
CAR-1362,Hatchback,2021,5,72424,Diesel,West,Engine,42,Critical,Overheating,3/28/2025,Emergency,1916.47,29,Center Alpha,Under Maintenance
CAR-1035,Crossover,2020,6,85727,Hybrid,North,Battery,61,Warning,Battery Failure,8/14/2025,Corrective,355.71,20,Center Gamma,Healthy
CAR-1200,City,2024,2,35102,Petrol,South,Engine,73,Warning,Mechanical Failure,10/21/2025,Corrective,1601.37,12,Center Alpha,Healthy
CAR-1281,Hatchback,2024,2,21090,Diesel,West,Headlight,99,Healthy,No Failure,6/18/2025,Preventive,100.25,2,Center Alpha,Healthy
CAR-1079,Compact,2019,7,121566,Petrol,West,Headlight,45,Warning,Lighting Failure,3/22/2025,Preventive,116.88,3,Center Beta,Healthy
CAR-1336,Sedan,2024,2,31263,Hybrid,South,Brake,69,Warning,Brake Wear,3/7/2024,Corrective,376.37,23,Center Gamma,Healthy
CAR-1495,Premium Sedan,2022,4,77232,Petrol,East,Engine,15,Critical,Overheating,2/23/2025,Emergency,2203.9,50,Center Gamma,Under Maintenance
CAR-1224,Sedan,2018,8,144515,Diesel,North,Brake,10,Critical,Brake Wear,1/11/2025,Emergency,807.94,27,Center Beta,Under Maintenance
CAR-1318,Hatchback,2018,8,126077,Petrol,Central,Headlight,12,Critical,Lighting Failure,8/30/2023,Emergency,286.97,35,Center Gamma,Under Maintenance
CAR-1486,Crossover,2020,6,113020,Hybrid,Central,Tyre,52,Warning,Tyre Damage,8/10/2024,Corrective,300.14,7,Center Alpha,Healthy
CAR-1313,Premium Sedan,2018,8,143779,Diesel,Central,Transmission,35,Critical,Transmission Fault,10/12/2025,Emergency,2619.25,69,Center Epsilon,Under Maintenance
CAR-1123,Hatchback,2020,6,90450,Petrol,East,Cooling System,33,Critical,Overheating,10/23/2024,Corrective,587.23,7,Center Alpha,Needs Inspection
CAR-1450,Sedan,2020,6,105489,Petrol,North,Engine,34,Critical,Mechanical Failure,11/21/2024,Emergency,2372.18,52,Center Epsilon,Under Maintenance
CAR-1352,Premium Sedan,2023,3,52916,Diesel,North,Engine,78,Healthy,No Failure,3/15/2024,Preventive,694.36,1,Center Alpha,Healthy
CAR-1214,City,2024,2,12333,Petrol,South,Engine,89,Healthy,No Failure,2/19/2024,Preventive,1022.81,3,Center Gamma,Healthy
CAR-1479,Premium Sedan,2019,7,70423,Petrol,South,Engine,53,Warning,Mechanical Failure,1/16/2024,Corrective,1350.32,11,Center Alpha,Healthy
CAR-1488,Hatchback,2022,4,54937,Diesel,Central,Transmission,73,Warning,Transmission Fault,11/6/2023,Corrective,1195.79,11,Center Beta,Healthy
CAR-1341,Premium Sedan,2024,2,37894,Electric,West,Cooling System,59,Warning,Overheating,10/27/2025,Preventive,269.36,2,Center Epsilon,Healthy
CAR-1198,Sedan,2019,7,105022,Electric,North,Headlight,45,Warning,Lighting Failure,8/6/2024,Corrective,200.46,23,Center Epsilon,Healthy
CAR-1015,Premium Sedan,2020,6,105523,Petrol,West,Transmission,57,Warning,Transmission Fault,7/2/2024,Corrective,1814.32,13,Center Epsilon,Healthy
CAR-1192,Crossover,2022,4,64800,Petrol,North,Brake,74,Warning,Brake Wear,11/24/2023,Preventive,236.95,3,Center Delta,Healthy
CAR-1284,City,2018,8,149600,Diesel,South,Suspension,23,Critical,Suspension Failure,4/26/2025,Emergency,1035.69,60,Center Beta,Under Maintenance
CAR-1013,Hatchback,2019,7,70546,Petrol,West,Tyre,58,Warning,Tyre Damage,11/24/2025,Corrective,200.41,17,Center Beta,Healthy
CAR-1064,City,2018,8,107768,Diesel,North,Battery,33,Critical,Battery Failure,3/4/2025,Emergency,372.03,34,Center Alpha,Under Maintenance
CAR-1165,Hatchback,2022,4,52741,Diesel,East,Cooling System,72,Warning,Overheating,1/27/2024,Corrective,620.86,11,Center Gamma,Healthy
CAR-1381,Compact,2018,8,84413,Diesel,East,Engine,61,Warning,Mechanical Failure,12/6/2023,Preventive,950.61,3,Center Alpha,Healthy
CAR-1302,Sedan,2023,3,31542,Diesel,East,Engine,73,Warning,Overheating,11/18/2025,Corrective,1418.23,22,Center Gamma,Healthy
CAR-1478,Sedan,2018,8,89665,Diesel,South,Tyre,51,Warning,Tyre Damage,11/20/2023,Corrective,300.66,15,Center Epsilon,Healthy
CAR-1452,Sedan,2019,7,70392,Petrol,Central,Battery,41,Critical,Battery Failure,8/27/2025,Emergency,514.81,53,Center Beta,Under Maintenance
CAR-1416,City,2020,6,77994,Diesel,South,Engine,56,Warning,Mechanical Failure,1/30/2024,Preventive,893.21,1,Center Epsilon,Healthy
CAR-1218,Compact,2021,5,76788,Petrol,West,Brake,56,Warning,Brake Wear,10/22/2025,Corrective,393.36,10,Center Epsilon,Healthy
CAR-1449,Crossover,2020,6,49906,Diesel,Central,Battery,65,Warning,Battery Failure,12/18/2024,Corrective,339.69,13,Center Beta,Healthy
CAR-1273,City,2019,7,109180,Diesel,North,Engine,39,Critical,Overheating,11/29/2023,Emergency,2015.5,65,Center Beta,Under Maintenance
CAR-1031,Compact,2018,8,118504,Diesel,West,Brake,26,Critical,Brake Wear,2/5/2024,Corrective,485.01,19,Center Delta,Needs Inspection
CAR-1383,Compact,2024,2,28652,Electric,South,Cooling System,68,Warning,Overheating,5/10/2024,Corrective,612.74,7,Center Gamma,Healthy
CAR-1485,Hatchback,2023,3,48923,Diesel,West,Suspension,72,Warning,Suspension Failure,11/4/2024,Corrective,845.69,10,Center Gamma,Healthy
CAR-1006,Sedan,2019,7,65252,Petrol,South,Tyre,44,Critical,Tyre Damage,5/18/2025,Emergency,483.05,30,Center Gamma,Under Maintenance
CAR-1257,Premium Sedan,2020,6,91323,Petrol,West,Cooling System,69,Warning,Overheating,5/16/2024,Preventive,337.96,1,Center Gamma,Healthy
CAR-1328,Crossover,2024,2,13321,Diesel,East,Transmission,100,Healthy,No Failure,1/19/2024,Preventive,1066.04,1,Center Gamma,Healthy
CAR-1275,Premium Sedan,2021,5,81976,Petrol,South,Cooling System,44,Critical,Overheating,1/22/2023,Corrective,452.45,20,Center Beta,Needs Inspection
CAR-1095,Premium Sedan,2022,4,71639,Diesel,West,Brake,56,Warning,Brake Wear,2/6/2023,Preventive,287.31,3,Center Epsilon,Healthy
CAR-1421,Compact,2019,7,105065,Diesel,West,Tyre,44,Critical,Tyre Damage,4/5/2023,Emergency,431.36,50,Center Beta,Under Maintenance
CAR-1122,Crossover,2021,5,80817,Petrol,West,Tyre,23,Critical,Tyre Damage,8/22/2023,Emergency,454.25,50,Center Beta,Under Maintenance
CAR-1483,Crossover,2023,3,52374,Petrol,South,Engine,64,Warning,Overheating,1/13/2024,Corrective,1326.58,11,Center Alpha,Healthy
CAR-1273,City,2019,7,129170,Diesel,North,Transmission,19,Critical,Transmission Fault,3/26/2023,Corrective,1772.28,21,Center Gamma,Needs Inspection
CAR-1119,Premium Sedan,2021,5,54480,Diesel,East,Battery,68,Warning,Battery Failure,6/7/2024,Corrective,361.88,13,Center Gamma,Healthy
CAR-1447,Premium Sedan,2018,8,118133,Hybrid,South,Suspension,30,Critical,Suspension Failure,5/1/2024,Emergency,1107.42,29,Center Alpha,Under Maintenance
CAR-1011,Sedan,2021,5,38920,Petrol,South,Battery,60,Warning,Battery Failure,6/17/2024,Preventive,229.42,2,Center Alpha,Healthy
CAR-1094,Premium Sedan,2024,2,24594,Electric,Central,Tyre,64,Warning,Tyre Damage,6/9/2023,Corrective,275.78,14,Center Delta,Healthy
CAR-1264,Premium Sedan,2021,5,65094,Diesel,East,Battery,85,Healthy,No Failure,10/20/2024,Preventive,183.51,3,Center Beta,Healthy
CAR-1300,Crossover,2019,7,60923,Diesel,Central,Engine,67,Warning,Mechanical Failure,5/17/2024,Corrective,1155.03,22,Center Beta,Healthy
CAR-1344,Premium Sedan,2022,4,47589,Electric,Central,Headlight,60,Warning,Lighting Failure,9/19/2023,Corrective,150.63,12,Center Alpha,Healthy
CAR-1301,City,2019,7,96542,Petrol,West,Cooling System,59,Warning,Overheating,5/8/2025,Corrective,444.55,23,Center Epsilon,Healthy
CAR-1321,City,2020,6,81458,Electric,South,Engine,46,Warning,Wear,8/18/2023,Corrective,1201.26,12,Center Gamma,Healthy
CAR-1182,Sedan,2024,2,29060,Petrol,South,Tyre,77,Healthy,No Failure,1/19/2024,Preventive,152.39,2,Center Delta,Healthy
CAR-1325,Sedan,2019,7,122297,Petrol,North,Cooling System,52,Warning,Overheating,7/17/2024,Corrective,456.13,11,Center Beta,Healthy
CAR-1280,Premium Sedan,2023,3,61563,Hybrid,West,Engine,82,Healthy,No Failure,1/6/2024,Preventive,765.02,2,Center Delta,Healthy
CAR-1391,Sedan,2020,6,87567,Petrol,South,Cooling System,53,Warning,Overheating,11/8/2025,Corrective,404.77,10,Center Epsilon,Healthy
CAR-1395,Compact,2021,5,69000,Diesel,South,Tyre,58,Warning,Tyre Damage,6/11/2024,Corrective,243.18,22,Center Alpha,Healthy
CAR-1143,Hatchback,2024,2,31953,Electric,Central,Suspension,84,Healthy,No Failure,2/25/2025,Preventive,415.08,3,Center Gamma,Healthy
CAR-1039,Premium Sedan,2018,8,99847,Petrol,North,Headlight,29,Critical,Lighting Failure,4/14/2023,Emergency,301.05,50,Center Gamma,Under Maintenance
CAR-1133,Sedan,2022,4,42054,Hybrid,West,Suspension,80,Healthy,No Failure,1/10/2025,Preventive,552.04,2,Center Epsilon,Healthy
CAR-1268,Crossover,2021,5,82908,Diesel,East,Cooling System,75,Healthy,No Failure,1/6/2024,Preventive,284.48,3,Center Delta,Healthy
CAR-1278,City,2021,5,91449,Electric,Central,Battery,72,Warning,Battery Failure,3/5/2023,Corrective,345.56,9,Center Delta,Healthy
CAR-1330,Crossover,2022,4,56772,Diesel,Central,Cooling System,66,Warning,Overheating,6/28/2023,Corrective,534.01,17,Center Delta,Healthy
CAR-1452,Sedan,2019,7,103682,Petrol,Central,Suspension,40,Critical,Suspension Failure,1/26/2025,Corrective,742.75,21,Center Delta,Needs Inspection
CAR-1447,Premium Sedan,2018,8,114858,Hybrid,South,Battery,29,Critical,Battery Failure,3/6/2025,Corrective,285.73,8,Center Delta,Needs Inspection
CAR-1321,City,2020,6,69165,Electric,South,Brake,67,Warning,Brake Wear,11/21/2023,Corrective,377.12,20,Center Beta,Healthy
CAR-1123,Hatchback,2020,6,88904,Petrol,East,Tyre,39,Critical,Tyre Damage,3/21/2023,Emergency,440.93,60,Center Delta,Under Maintenance
CAR-1257,Premium Sedan,2020,6,61168,Petrol,West,Transmission,69,Warning,Transmission Fault,11/22/2023,Preventive,1017.9,2,Center Delta,Healthy
CAR-1083,Crossover,2018,8,134152,Petrol,West,Tyre,22,Critical,Tyre Damage,11/15/2025,Emergency,433.6,52,Center Epsilon,Under Maintenance
CAR-1309,Crossover,2023,3,53331,Diesel,West,Brake,59,Warning,Brake Wear,10/2/2025,Corrective,381.38,21,Center Alpha,Healthy
CAR-1129,City,2021,5,63817,Petrol,Central,Suspension,59,Warning,Suspension Failure,6/21/2025,Preventive,584.05,2,Center Gamma,Healthy
CAR-1030,Sedan,2021,5,69665,Diesel,East,Headlight,61,Warning,Lighting Failure,9/13/2023,Corrective,167.68,10,Center Beta,Healthy
CAR-1035,Crossover,2020,6,71649,Hybrid,North,Tyre,43,Critical,Tyre Damage,9/21/2024,Emergency,303.34,58,Center Alpha,Under Maintenance
CAR-1208,Crossover,2019,7,118138,Petrol,North,Cooling System,35,Critical,Overheating,1/7/2023,Corrective,384.84,19,Center Beta,Needs Inspection
CAR-1011,Sedan,2021,5,60184,Petrol,South,Transmission,84,Healthy,No Failure,11/19/2025,Preventive,765.63,1,Center Beta,Healthy
CAR-1094,Premium Sedan,2024,2,27029,Electric,Central,Transmission,69,Warning,Transmission Fault,1/5/2025,Corrective,1565.97,18,Center Delta,Healthy
CAR-1003,Hatchback,2022,4,37223,Diesel,Central,Engine,72,Warning,Wear,7/6/2024,Corrective,1525.07,18,Center Delta,Healthy
CAR-1119,Premium Sedan,2021,5,37205,Diesel,East,Suspension,65,Warning,Suspension Failure,4/19/2024,Corrective,760.22,19,Center Beta,Healthy
CAR-1024,Crossover,2021,5,68372,Diesel,East,Cooling System,100,Healthy,No Failure,12/11/2023,Preventive,369.12,2,Center Epsilon,Healthy
CAR-1367,Premium Sedan,2019,7,91250,Petrol,South,Tyre,60,Warning,Tyre Damage,6/16/2024,Corrective,307.89,23,Center Beta,Healthy
CAR-1136,Compact,2024,2,27364,Diesel,Central,Battery,75,Healthy,No Failure,1/10/2025,Preventive,179.23,1,Center Epsilon,Healthy
CAR-1261,Compact,2021,5,87218,Petrol,Central,Cooling System,41,Critical,Overheating,9/22/2025,Emergency,710.43,48,Center Epsilon,Under Maintenance
CAR-1185,Premium Sedan,2022,4,36362,Hybrid,Central,Tyre,87,Healthy,No Failure,3/4/2025,Preventive,165.29,3,Center Epsilon,Healthy
CAR-1332,Hatchback,2023,3,52139,Diesel,West,Headlight,70,Warning,Lighting Failure,2/7/2024,Corrective,203.49,20,Center Gamma,Healthy
CAR-1456,Hatchback,2020,6,102709,Hybrid,Central,Engine,47,Warning,Mechanical Failure,8/16/2025,Corrective,1083.66,12,Center Epsilon,Healthy
CAR-1284,City,2018,8,119400,Diesel,South,Tyre,26,Critical,Tyre Damage,2/5/2025,Emergency,315.28,20,Center Gamma,Needs Inspection
CAR-1109,Sedan,2020,6,99647,Petrol,South,Cooling System,53,Warning,Overheating,6/4/2024,Corrective,388.67,9,Center Gamma,Healthy
CAR-1470,City,2019,7,94891,Electric,South,Engine,50,Warning,Mechanical Failure,5/6/2025,Preventive,851.39,3,Center Alpha,Healthy
CAR-1149,Crossover,2024,2,26730,Diesel,West,Tyre,80,Healthy,No Failure,5/1/2024,Preventive,164.55,1,Center Delta,Healthy
CAR-1128,Sedan,2020,6,48317,Diesel,West,Battery,48,Warning,Battery Failure,9/25/2023,Preventive,195.57,2,Center Beta,Healthy
CAR-1094,Premium Sedan,2024,2,33136,Electric,Central,Brake,50,Warning,Brake Wear,6/29/2023,Corrective,429.13,11,Center Delta,Healthy
CAR-1483,Crossover,2023,3,51601,Petrol,South,Engine,72,Warning,Overheating,6/16/2023,Corrective,1207.84,8,Center Alpha,Healthy
CAR-1330,Crossover,2022,4,72512,Diesel,Central,Headlight,55,Warning,Lighting Failure,9/10/2023,Corrective,200.04,15,Center Epsilon,Healthy
CAR-1437,Hatchback,2020,6,67936,Diesel,North,Headlight,75,Healthy,No Failure,8/22/2023,Preventive,95.59,1,Center Epsilon,Healthy
CAR-1195,Sedan,2024,2,26148,Petrol,North,Suspension,100,Healthy,No Failure,1/10/2024,Preventive,482.38,1,Center Epsilon,Healthy
CAR-1454,Compact,2019,7,95122,Petrol,North,Tyre,10,Critical,Tyre Damage,6/26/2024,Emergency,362.79,46,Center Beta,Under Maintenance
CAR-1333,Sedan,2021,5,46541,Electric,West,Brake,50,Warning,Brake Wear,3/10/2024,Corrective,414.16,22,Center Epsilon,Healthy
CAR-1424,City,2018,8,102456,Diesel,East,Battery,25,Critical,Battery Failure,1/20/2025,Emergency,434.49,37,Center Delta,Under Maintenance
CAR-1483,Crossover,2023,3,26158,Petrol,South,Engine,100,Healthy,No Failure,12/19/2023,Preventive,784.11,1,Center Gamma,Healthy
CAR-1011,Sedan,2021,5,60401,Petrol,South,Engine,56,Warning,Mechanical Failure,5/23/2024,Corrective,1140.7,15,Center Delta,Healthy
CAR-1104,City,2021,5,62766,Electric,North,Headlight,39,Critical,Lighting Failure,12/2/2025,Emergency,299.37,19,Center Delta,Needs Inspection
CAR-1098,City,2020,6,49588,Petrol,East,Cooling System,53,Warning,Overheating,9/29/2023,Preventive,357.33,2,Center Alpha,Healthy
CAR-1483,Crossover,2023,3,34872,Petrol,South,Engine,80,Healthy,No Failure,11/29/2024,Preventive,858.4,2,Center Beta,Healthy
CAR-1357,Crossover,2021,5,57995,Petrol,Central,Engine,69,Warning,Wear,9/3/2025,Corrective,1329.85,20,Center Delta,Healthy
CAR-1013,Hatchback,2019,7,83568,Petrol,West,Tyre,50,Warning,Tyre Damage,8/8/2024,Corrective,228.21,14,Center Delta,Healthy
CAR-1142,Premium Sedan,2019,7,80493,Petrol,South,Battery,33,Critical,Battery Failure,7/13/2024,Emergency,464.7,67,Center Epsilon,Under Maintenance
CAR-1328,Crossover,2024,2,30267,Diesel,East,Cooling System,85,Healthy,No Failure,2/5/2025,Preventive,345.21,1,Center Epsilon,Healthy
CAR-1276,City,2022,4,46957,Diesel,Central,Brake,68,Warning,Brake Wear,11/20/2024,Preventive,309.68,1,Center Epsilon,Healthy
CAR-1227,Hatchback,2022,4,37243,Petrol,South,Engine,77,Healthy,No Failure,7/17/2024,Preventive,1022.75,2,Center Gamma,Healthy
CAR-1460,City,2021,5,93401,Hybrid,Central,Headlight,40,Critical,Lighting Failure,2/16/2024,Emergency,316.46,41,Center Beta,Under Maintenance
CAR-1299,Sedan,2018,8,97275,Hybrid,South,Tyre,43,Critical,Tyre Damage,1/11/2025,Corrective,202.75,21,Center Alpha,Needs Inspection
CAR-1026,Premium Sedan,2021,5,59638,Diesel,East,Battery,58,Warning,Battery Failure,7/3/2025,Preventive,182.48,1,Center Gamma,Healthy
CAR-1036,Crossover,2022,4,47272,Diesel,Central,Battery,57,Warning,Battery Failure,12/24/2025,Preventive,182.71,3,Center Delta,Healthy
CAR-1057,Premium Sedan,2022,4,73992,Petrol,South,Engine,85,Healthy,No Failure,9/8/2025,Preventive,996.26,2,Center Delta,Healthy
CAR-1127,Sedan,2022,4,35401,Diesel,West,Engine,69,Warning,Mechanical Failure,5/26/2025,Corrective,1091.76,9,Center Epsilon,Healthy
CAR-1088,Hatchback,2024,2,21699,Petrol,South,Battery,88,Healthy,No Failure,3/8/2025,Preventive,215.01,3,Center Delta,Healthy
CAR-1066,Compact,2021,5,65475,Petrol,North,Tyre,61,Warning,Tyre Damage,1/6/2023,Preventive,152.79,3,Center Delta,Healthy
CAR-1479,Premium Sedan,2019,7,114974,Petrol,South,Suspension,58,Warning,Suspension Failure,11/22/2025,Preventive,434.78,2,Center Delta,Healthy
CAR-1223,City,2018,8,135383,Hybrid,East,Brake,50,Warning,Brake Wear,6/25/2025,Corrective,323.81,7,Center Delta,Healthy
CAR-1432,City,2022,4,53263,Petrol,North,Cooling System,83,Healthy,No Failure,2/9/2025,Preventive,352.89,3,Center Beta,Healthy
CAR-1081,Crossover,2018,8,127749,Diesel,West,Headlight,44,Critical,Lighting Failure,8/7/2023,Emergency,208.93,22,Center Beta,Needs Inspection
CAR-1395,Compact,2021,5,76408,Diesel,South,Headlight,53,Warning,Lighting Failure,11/15/2025,Preventive,96.69,3,Center Alpha,Healthy
CAR-1421,Compact,2019,7,81364,Diesel,West,Transmission,79,Healthy,No Failure,4/1/2024,Preventive,946.97,3,Center Gamma,Healthy
CAR-1131,Hatchback,2021,5,77540,Diesel,Central,Battery,49,Warning,Battery Failure,3/20/2025,Preventive,153.19,3,Center Epsilon,Healthy
CAR-1260,City,2020,6,85496,Diesel,East,Cooling System,53,Warning,Overheating,4/14/2023,Corrective,402.84,20,Center Beta,Healthy
CAR-1164,City,2023,3,35531,Petrol,South,Brake,68,Warning,Brake Wear,8/22/2023,Corrective,393.95,8,Center Alpha,Healthy
CAR-1123,Hatchback,2020,6,75987,Petrol,East,Tyre,72,Warning,Tyre Damage,11/16/2023,Corrective,286.68,7,Center Gamma,Healthy
CAR-1356,Hatchback,2022,4,57295,Hybrid,West,Tyre,59,Warning,Tyre Damage,2/5/2024,Corrective,300.68,10,Center Delta,Healthy
CAR-1453,Premium Sedan,2022,4,64484,Petrol,East,Suspension,81,Healthy,No Failure,4/23/2025,Preventive,477.95,1,Center Alpha,Healthy
CAR-1063,Crossover,2020,6,64186,Diesel,East,Tyre,40,Critical,Tyre Damage,2/9/2024,Emergency,324.1,32,Center Beta,Under Maintenance
CAR-1131,Hatchback,2021,5,54034,Diesel,Central,Engine,49,Warning,Overheating,7/26/2025,Preventive,945.28,1,Center Gamma,Healthy
CAR-1192,Crossover,2022,4,37222,Petrol,North,Cooling System,62,Warning,Overheating,2/24/2023,Corrective,476.75,19,Center Alpha,Healthy
CAR-1181,City,2018,8,65082,Petrol,Central,Headlight,50,Warning,Lighting Failure,1/25/2024,Corrective,197.58,16,Center Delta,Healthy
CAR-1154,Premium Sedan,2024,2,38455,Diesel,Central,Engine,65,Warning,Wear,4/22/2025,Corrective,1031.74,18,Center Alpha,Healthy
CAR-1068,Compact,2022,4,55931,Electric,West,Engine,82,Healthy,No Failure,11/29/2023,Preventive,892.37,1,Center Alpha,Healthy
CAR-1197,Premium Sedan,2019,7,111227,Petrol,West,Headlight,45,Warning,Lighting Failure,6/6/2023,Corrective,148.72,21,Center Alpha,Healthy
CAR-1454,Compact,2019,7,118927,Petrol,North,Suspension,16,Critical,Suspension Failure,8/12/2025,Corrective,745.05,22,Center Gamma,Needs Inspection
CAR-1491,Crossover,2021,5,62200,Petrol,East,Tyre,68,Warning,Tyre Damage,4/19/2025,Corrective,274.41,7,Center Beta,Healthy
CAR-1473,City,2018,8,83249,Petrol,South,Headlight,72,Warning,Lighting Failure,9/13/2024,Corrective,147.26,19,Center Alpha,Healthy
CAR-1415,Sedan,2019,7,126582,Diesel,North,Engine,10,Critical,Mechanical Failure,3/1/2023,Corrective,1294.66,20,Center Alpha,Needs Inspection
CAR-1254,Compact,2022,4,49730,Hybrid,Central,Engine,40,Critical,Mechanical Failure,9/2/2024,Corrective,1136.17,12,Center Alpha,Needs Inspection
CAR-1226,Compact,2023,3,46131,Petrol,North,Suspension,70,Warning,Suspension Failure,4/16/2024,Preventive,578.74,2,Center Gamma,Healthy
CAR-1133,Sedan,2022,4,63502,Hybrid,West,Battery,63,Warning,Battery Failure,9/14/2024,Corrective,333.49,6,Center Alpha,Healthy
CAR-1246,Crossover,2019,7,117075,Petrol,Central,Suspension,12,Critical,Suspension Failure,2/22/2024,Emergency,1025.87,46,Center Alpha,Under Maintenance
CAR-1215,Sedan,2018,8,106093,Electric,South,Tyre,11,Critical,Tyre Damage,3/7/2023,Emergency,409.49,38,Center Delta,Under Maintenance
CAR-1369,Premium Sedan,2023,3,35985,Hybrid,Central,Cooling System,82,Healthy,No Failure,7/18/2025,Preventive,356.34,1,Center Epsilon,Healthy
CAR-1191,City,2020,6,63325,Petrol,East,Headlight,66,Warning,Lighting Failure,11/22/2024,Corrective,198.85,18,Center Beta,Healthy
CAR-1154,Premium Sedan,2024,2,36632,Diesel,Central,Engine,73,Warning,Overheating,9/13/2023,Preventive,760.39,3,Center Epsilon,Healthy
CAR-1040,City,2018,8,132148,Hybrid,Central,Cooling System,28,Critical,Overheating,8/18/2023,Emergency,870.99,22,Center Epsilon,Needs Inspection
CAR-1161,Compact,2022,4,52378,Electric,West,Engine,63,Warning,Overheating,2/14/2024,Corrective,1134.42,6,Center Epsilon,Healthy
CAR-1067,Premium Sedan,2019,7,83003,Hybrid,South,Tyre,26,Critical,Tyre Damage,1/20/2025,Emergency,385.59,48,Center Delta,Under Maintenance
CAR-1073,Premium Sedan,2021,5,56099,Electric,North,Battery,52,Warning,Battery Failure,6/4/2024,Corrective,295.32,8,Center Alpha,Healthy
CAR-1345,Hatchback,2019,7,101613,Diesel,West,Transmission,47,Warning,Transmission Fault,1/12/2025,Preventive,1030.4,1,Center Beta,Healthy
CAR-1116,City,2021,5,54655,Electric,North,Transmission,74,Warning,Transmission Fault,11/11/2025,Corrective,1774.45,22,Center Beta,Healthy
CAR-1304,Hatchback,2020,6,53929,Electric,South,Engine,59,Warning,Mechanical Failure,4/24/2025,Preventive,783.95,1,Center Delta,Healthy
CAR-1251,Sedan,2024,2,19242,Electric,East,Tyre,69,Warning,Tyre Damage,11/1/2025,Corrective,269.06,15,Center Epsilon,Healthy
CAR-1298,Crossover,2024,2,29259,Diesel,East,Suspension,88,Healthy,No Failure,7/13/2025,Preventive,380.37,2,Center Epsilon,Healthy
CAR-1341,Premium Sedan,2024,2,40643,Electric,West,Battery,100,Healthy,No Failure,1/21/2025,Preventive,162.75,1,Center Beta,Healthy
CAR-1164,City,2023,3,49851,Petrol,South,Transmission,81,Healthy,No Failure,3/6/2024,Preventive,882.45,3,Center Alpha,Healthy
CAR-1477,Hatchback,2020,6,59662,Electric,Central,Battery,66,Warning,Battery Failure,10/12/2025,Preventive,161.06,3,Center Gamma,Healthy
CAR-1342,City,2022,4,58521,Diesel,North,Battery,70,Warning,Battery Failure,8/2/2024,Preventive,157.55,1,Center Epsilon,Healthy
CAR-1089,Hatchback,2024,2,29526,Diesel,North,Cooling System,74,Warning,Overheating,3/25/2024,Corrective,593.99,23,Center Beta,Healthy
CAR-1354,Hatchback,2020,6,79255,Electric,Central,Transmission,38,Critical,Transmission Fault,2/22/2023,Emergency,2880.47,36,Center Epsilon,Under Maintenance
CAR-1127,Sedan,2022,4,51454,Diesel,West,Cooling System,76,Healthy,No Failure,12/30/2025,Preventive,299.13,1,Center Epsilon,Healthy
CAR-1188,Sedan,2023,3,29185,Petrol,West,Battery,88,Healthy,No Failure,11/13/2023,Preventive,189.1,2,Center Alpha,Healthy
CAR-1017,Crossover,2018,8,85774,Petrol,Central,Brake,21,Critical,Brake Wear,11/19/2025,Corrective,446.51,15,Center Delta,Needs Inspection
CAR-1308,Compact,2018,8,99867,Diesel,South,Suspension,49,Warning,Suspension Failure,8/20/2023,Preventive,415.75,3,Center Delta,Healthy
CAR-1470,City,2019,7,101081,Electric,South,Engine,40,Critical,Mechanical Failure,9/1/2024,Corrective,1645.72,6,Center Beta,Needs Inspection
CAR-1339,Crossover,2020,6,86095,Electric,Central,Cooling System,40,Critical,Overheating,11/21/2024,Emergency,923.48,33,Center Epsilon,Under Maintenance
CAR-1085,Premium Sedan,2021,5,92399,Petrol,North,Suspension,39,Critical,Suspension Failure,7/4/2024,Emergency,995.04,58,Center Delta,Under Maintenance
CAR-1213,City,2018,8,85284,Petrol,South,Tyre,17,Critical,Tyre Damage,1/7/2023,Emergency,308.08,62,Center Alpha,Under Maintenance
CAR-1356,Hatchback,2022,4,42934,Hybrid,West,Suspension,71,Warning,Suspension Failure,2/17/2024,Preventive,457.16,3,Center Beta,Healthy
CAR-1416,City,2020,6,88148,Diesel,South,Headlight,53,Warning,Lighting Failure,1/24/2023,Corrective,155.75,22,Center Alpha,Healthy
CAR-1192,Crossover,2022,4,34993,Petrol,North,Transmission,82,Healthy,No Failure,11/25/2025,Preventive,1047.04,2,Center Alpha,Healthy
CAR-1360,City,2018,8,108045,Petrol,West,Engine,26,Critical,Mechanical Failure,7/30/2025,Corrective,1119.85,23,Center Epsilon,Needs Inspection
CAR-1232,Sedan,2022,4,53405,Diesel,East,Headlight,44,Critical,Lighting Failure,10/14/2023,Emergency,260.42,37,Center Gamma,Under Maintenance
CAR-1230,Crossover,2021,5,60498,Electric,West,Battery,58,Warning,Battery Failure,4/16/2025,Preventive,207.12,2,Center Gamma,Healthy
CAR-1417,Compact,2018,8,110668,Electric,North,Tyre,10,Critical,Tyre Damage,3/18/2025,Corrective,239.29,15,Center Gamma,Needs Inspection
CAR-1245,Sedan,2018,8,103302,Petrol,West,Suspension,54,Warning,Suspension Failure,6/16/2025,Corrective,835.29,17,Center Alpha,Healthy
CAR-1156,Sedan,2018,8,120131,Petrol,East,Engine,45,Warning,Wear,12/26/2023,Preventive,938.48,2,Center Gamma,Healthy
CAR-1479,Premium Sedan,2019,7,125527,Petrol,South,Battery,24,Critical,Battery Failure,1/22/2023,Corrective,242.98,18,Center Epsilon,Needs Inspection
CAR-1447,Premium Sedan,2018,8,86228,Hybrid,South,Brake,13,Critical,Brake Wear,9/2/2024,Emergency,729.91,55,Center Beta,Under Maintenance
CAR-1043,Sedan,2021,5,53941,Petrol,East,Battery,76,Healthy,No Failure,9/10/2023,Preventive,145.71,2,Center Epsilon,Healthy
CAR-1272,Compact,2021,5,58591,Petrol,West,Battery,57,Warning,Battery Failure,11/15/2024,Corrective,329.97,17,Center Gamma,Healthy
CAR-1425,Premium Sedan,2021,5,76364,Diesel,Central,Tyre,47,Warning,Tyre Damage,12/7/2023,Preventive,130.55,1,Center Epsilon,Healthy
CAR-1415,Sedan,2019,7,106269,Diesel,North,Battery,73,Warning,Battery Failure,5/18/2023,Preventive,195.93,1,Center Beta,Healthy
CAR-1238,Compact,2020,6,72692,Electric,East,Transmission,35,Critical,Transmission Fault,6/16/2024,Corrective,1813.51,7,Center Alpha,Needs Inspection
CAR-1385,Compact,2024,2,31286,Hybrid,Central,Tyre,76,Healthy,No Failure,2/4/2023,Preventive,181.31,3,Center Delta,Healthy
CAR-1392,Crossover,2020,6,75247,Diesel,Central,Cooling System,46,Warning,Overheating,8/28/2023,Corrective,571.1,10,Center Beta,Healthy
CAR-1444,Premium Sedan,2023,3,42693,Petrol,Central,Battery,85,Healthy,No Failure,1/5/2025,Preventive,220.68,2,Center Beta,Healthy
CAR-1051,Compact,2020,6,92751,Petrol,South,Engine,49,Warning,Overheating,3/18/2023,Preventive,829.77,3,Center Beta,Healthy
CAR-1350,City,2023,3,46788,Diesel,West,Tyre,57,Warning,Tyre Damage,7/25/2024,Corrective,239.64,13,Center Alpha,Healthy
CAR-1088,Hatchback,2024,2,34483,Petrol,South,Battery,64,Warning,Battery Failure,7/24/2025,Preventive,200.75,2,Center Delta,Healthy
CAR-1114,Compact,2018,8,128731,Diesel,East,Engine,27,Critical,Overheating,2/4/2024,Emergency,2255.25,66,Center Alpha,Under Maintenance
CAR-1485,Hatchback,2023,3,38307,Diesel,West,Suspension,56,Warning,Suspension Failure,1/15/2024,Corrective,908.79,19,Center Alpha,Healthy
CAR-1406,City,2019,7,87582,Diesel,Central,Cooling System,19,Critical,Overheating,2/3/2024,Corrective,554.52,11,Center Delta,Needs Inspection
CAR-1450,Sedan,2020,6,109245,Petrol,North,Engine,25,Critical,Mechanical Failure,6/2/2023,Emergency,2171.03,52,Center Alpha,Under Maintenance
CAR-1376,Compact,2021,5,63847,Diesel,Central,Headlight,57,Warning,Lighting Failure,10/7/2023,Corrective,186.51,19,Center Gamma,Healthy
CAR-1173,Crossover,2022,4,52323,Diesel,North,Headlight,73,Warning,Lighting Failure,9/12/2023,Preventive,90.5,3,Center Alpha,Healthy
CAR-1222,City,2021,5,87791,Diesel,East,Battery,33,Critical,Battery Failure,5/18/2025,Emergency,394.58,51,Center Gamma,Under Maintenance
CAR-1282,Hatchback,2018,8,135521,Electric,West,Brake,10,Critical,Brake Wear,2/7/2024,Emergency,708.64,29,Center Alpha,Under Maintenance
CAR-1286,Sedan,2021,5,58017,Electric,East,Tyre,78,Healthy,No Failure,1/23/2025,Preventive,132.04,3,Center Alpha,Healthy
CAR-1048,City,2023,3,33776,Petrol,South,Suspension,67,Warning,Suspension Failure,10/4/2025,Corrective,793.66,18,Center Delta,Healthy
CAR-1403,Premium Sedan,2020,6,96838,Electric,South,Tyre,25,Critical,Tyre Damage,2/18/2024,Emergency,311.41,56,Center Delta,Under Maintenance
CAR-1221,Hatchback,2024,2,26120,Diesel,Central,Battery,65,Warning,Battery Failure,7/25/2025,Corrective,324.23,11,Center Delta,Healthy
CAR-1171,Premium Sedan,2019,7,112297,Petrol,West,Battery,23,Critical,Battery Failure,10/8/2023,Emergency,476.39,66,Center Delta,Under Maintenance
CAR-1419,Hatchback,2022,4,57072,Diesel,East,Battery,21,Critical,Battery Failure,8/17/2025,Emergency,450.34,19,Center Epsilon,Needs Inspection
CAR-1366,Sedan,2019,7,117887,Petrol,South,Battery,18,Critical,Battery Failure,12/7/2023,Emergency,570.79,18,Center Epsilon,Needs Inspection
CAR-1391,Sedan,2020,6,107182,Petrol,South,Headlight,54,Warning,Lighting Failure,6/14/2024,Preventive,101.78,3,Center Epsilon,Healthy
CAR-1354,Hatchback,2020,6,58911,Electric,Central,Engine,45,Warning,Mechanical Failure,9/1/2023,Corrective,1388.86,14,Center Alpha,Healthy
CAR-1249,Premium Sedan,2018,8,75773,Hybrid,East,Battery,58,Warning,Battery Failure,4/17/2025,Preventive,232.57,1,Center Beta,Healthy
CAR-1130,Sedan,2018,8,94715,Electric,Central,Tyre,10,Critical,Tyre Damage,12/4/2023,Emergency,408.06,36,Center Alpha,Under Maintenance
CAR-1024,Crossover,2021,5,85415,Diesel,East,Battery,58,Warning,Battery Failure,9/20/2023,Corrective,342.93,6,Center Delta,Healthy
CAR-1295,Premium Sedan,2019,7,92940,Hybrid,West,Suspension,12,Critical,Suspension Failure,5/27/2024,Corrective,929.34,17,Center Gamma,Needs Inspection
CAR-1116,City,2021,5,97520,Electric,North,Headlight,27,Critical,Lighting Failure,6/18/2025,Corrective,156.38,22,Center Gamma,Needs Inspection
CAR-1496,Compact,2021,5,42765,Petrol,Central,Brake,67,Warning,Brake Wear,12/21/2025,Corrective,427.8,18,Center Alpha,Healthy
CAR-1186,Hatchback,2021,5,79023,Petrol,North,Cooling System,54,Warning,Overheating,9/19/2025,Preventive,379.05,3,Center Gamma,Healthy
CAR-1218,Compact,2021,5,61994,Petrol,West,Cooling System,72,Warning,Overheating,7/5/2025,Corrective,464.83,17,Center Beta,Healthy
CAR-1409,Premium Sedan,2023,3,35715,Petrol,North,Engine,65,Warning,Mechanical Failure,5/20/2023,Corrective,1388.03,7,Center Delta,Healthy
CAR-1129,City,2021,5,61165,Petrol,Central,Transmission,42,Critical,Transmission Fault,3/9/2025,Emergency,1871.61,33,Center Gamma,Under Maintenance
CAR-1398,City,2019,7,70675,Electric,Central,Transmission,36,Critical,Transmission Fault,12/23/2024,Emergency,2208.08,71,Center Gamma,Under Maintenance
CAR-1379,Sedan,2023,3,38622,Hybrid,North,Brake,58,Warning,Brake Wear,5/7/2024,Corrective,364.44,9,Center Gamma,Healthy
CAR-1023,Compact,2018,8,106868,Petrol,South,Engine,17,Critical,Wear,8/6/2024,Emergency,1711.06,33,Center Alpha,Under Maintenance
CAR-1173,Crossover,2022,4,68070,Diesel,North,Suspension,48,Warning,Suspension Failure,12/3/2025,Preventive,400.69,1,Center Beta,Healthy
CAR-1253,Sedan,2018,8,113492,Electric,Central,Engine,26,Critical,Mechanical Failure,2/12/2024,Emergency,2008.61,31,Center Epsilon,Under Maintenance
CAR-1467,Compact,2022,4,61271,Diesel,North,Engine,73,Warning,Mechanical Failure,11/9/2024,Preventive,912.85,3,Center Delta,Healthy
CAR-1144,Sedan,2023,3,54753,Diesel,East,Engine,100,Healthy,No Failure,7/20/2023,Preventive,656.24,1,Center Gamma,Healthy
CAR-1386,Compact,2024,2,20400,Hybrid,South,Engine,80,Healthy,No Failure,2/26/2025,Preventive,1033.5,3,Center Epsilon,Healthy
CAR-1116,City,2021,5,88384,Electric,North,Headlight,10,Critical,Lighting Failure,7/2/2025,Corrective,163.79,23,Center Delta,Needs Inspection
CAR-1248,Sedan,2018,8,65312,Petrol,Central,Headlight,53,Warning,Lighting Failure,5/4/2025,Corrective,147.48,13,Center Alpha,Healthy
CAR-1266,City,2022,4,65845,Electric,South,Headlight,56,Warning,Lighting Failure,3/1/2025,Preventive,120.32,2,Center Alpha,Healthy
CAR-1208,Crossover,2019,7,85408,Petrol,North,Engine,67,Warning,Wear,6/14/2025,Corrective,1203.82,18,Center Gamma,Healthy
CAR-1060,Premium Sedan,2019,7,92268,Electric,West,Transmission,40,Critical,Transmission Fault,6/8/2024,Corrective,1689.66,21,Center Beta,Needs Inspection
CAR-1371,Hatchback,2020,6,83782,Petrol,South,Suspension,25,Critical,Suspension Failure,8/20/2023,Emergency,944.86,25,Center Alpha,Under Maintenance
CAR-1159,Premium Sedan,2021,5,86071,Electric,East,Tyre,65,Warning,Tyre Damage,8/9/2025,Preventive,171.61,2,Center Epsilon,Healthy
CAR-1048,City,2023,3,49140,Petrol,South,Tyre,97,Healthy,No Failure,6/1/2025,Preventive,137.93,2,Center Delta,Healthy
CAR-1485,Hatchback,2023,3,46881,Diesel,West,Headlight,55,Warning,Lighting Failure,2/1/2024,Corrective,205.6,23,Center Beta,Healthy
CAR-1317,Crossover,2024,2,24026,Diesel,West,Battery,95,Healthy,No Failure,5/1/2024,Preventive,229.76,1,Center Delta,Healthy
CAR-1192,Crossover,2022,4,50499,Petrol,North,Transmission,38,Critical,Transmission Fault,2/7/2024,Emergency,2864.99,65,Center Delta,Under Maintenance
CAR-1027,City,2021,5,79144,Diesel,Central,Battery,52,Warning,Battery Failure,6/26/2024,Corrective,293.61,14,Center Epsilon,Healthy
CAR-1281,Hatchback,2024,2,29208,Diesel,West,Suspension,100,Healthy,No Failure,2/27/2024,Preventive,564.06,2,Center Delta,Healthy
CAR-1138,Sedan,2024,2,34332,Electric,East,Engine,74,Warning,Mechanical Failure,5/29/2025,Corrective,1465.57,6,Center Beta,Healthy
CAR-1256,Sedan,2023,3,48868,Diesel,East,Battery,64,Warning,Battery Failure,3/14/2023,Corrective,345.96,11,Center Gamma,Healthy
CAR-1357,Crossover,2021,5,94079,Petrol,Central,Battery,71,Warning,Battery Failure,7/24/2024,Corrective,298.92,21,Center Epsilon,Healthy
CAR-1304,Hatchback,2020,6,91446,Electric,South,Transmission,26,Critical,Transmission Fault,7/14/2025,Emergency,2458.26,57,Center Gamma,Under Maintenance
CAR-1118,City,2024,2,39351,Diesel,Central,Engine,80,Healthy,No Failure,1/30/2024,Preventive,948.49,3,Center Beta,Healthy
CAR-1256,Sedan,2023,3,30058,Diesel,East,Tyre,80,Healthy,No Failure,9/6/2025,Preventive,135.76,1,Center Alpha,Healthy
CAR-1196,Compact,2020,6,97393,Electric,West,Tyre,55,Warning,Tyre Damage,10/22/2024,Preventive,171.46,3,Center Epsilon,Healthy
CAR-1051,Compact,2020,6,93571,Petrol,South,Engine,56,Warning,Mechanical Failure,10/4/2024,Preventive,988.33,1,Center Epsilon,Healthy
CAR-1077,Compact,2018,8,91930,Petrol,Central,Brake,30,Critical,Brake Wear,2/23/2025,Emergency,506.17,40,Center Delta,Under Maintenance
CAR-1472,Hatchback,2019,7,76430,Petrol,East,Tyre,46,Warning,Tyre Damage,1/6/2025,Corrective,242.01,20,Center Alpha,Healthy
CAR-1069,Crossover,2019,7,76637,Petrol,Central,Brake,59,Warning,Brake Wear,12/6/2023,Corrective,442.16,18,Center Delta,Healthy
CAR-1083,Crossover,2018,8,79335,Petrol,West,Engine,35,Critical,Mechanical Failure,12/17/2024,Corrective,1358.22,17,Center Beta,Needs Inspection
CAR-1223,City,2018,8,99939,Hybrid,East,Headlight,38,Critical,Lighting Failure,4/18/2024,Corrective,163.92,22,Center Delta,Needs Inspection
CAR-1464,Compact,2022,4,71100,Hybrid,North,Cooling System,70,Warning,Overheating,6/3/2025,Preventive,274.89,3,Center Beta,Healthy
CAR-1245,Sedan,2018,8,122041,Petrol,West,Battery,38,Critical,Battery Failure,4/21/2023,Corrective,255.3,17,Center Gamma,Needs Inspection
CAR-1295,Premium Sedan,2019,7,86683,Hybrid,West,Engine,23,Critical,Overheating,9/22/2024,Emergency,2055.4,52,Center Epsilon,Under Maintenance
CAR-1084,Crossover,2020,6,74536,Diesel,East,Brake,36,Critical,Brake Wear,4/19/2023,Corrective,377.31,6,Center Beta,Needs Inspection
CAR-1290,Crossover,2022,4,73741,Petrol,Central,Engine,100,Healthy,No Failure,1/13/2023,Preventive,720.76,3,Center Beta,Healthy
CAR-1420,Crossover,2021,5,82499,Electric,North,Brake,28,Critical,Brake Wear,10/14/2024,Emergency,752.05,18,Center Gamma,Needs Inspection
CAR-1105,Premium Sedan,2018,8,101961,Electric,East,Engine,30,Critical,Overheating,7/10/2025,Emergency,1946.45,63,Center Epsilon,Under Maintenance
CAR-1232,Sedan,2022,4,58810,Diesel,East,Tyre,72,Warning,Tyre Damage,9/28/2024,Corrective,302.68,18,Center Epsilon,Healthy
CAR-1202,City,2020,6,73190,Hybrid,North,Battery,28,Critical,Battery Failure,8/13/2025,Emergency,555.47,51,Center Epsilon,Under Maintenance
CAR-1023,Compact,2018,8,90041,Petrol,South,Suspension,12,Critical,Suspension Failure,2/25/2024,Corrective,716.78,11,Center Delta,Needs Inspection
CAR-1004,Hatchback,2024,2,23651,Electric,East,Transmission,96,Healthy,No Failure,3/6/2024,Preventive,744.58,2,Center Gamma,Healthy
CAR-1316,City,2019,7,63438,Electric,North,Tyre,37,Critical,Tyre Damage,7/16/2024,Emergency,322.01,40,Center Epsilon,Under Maintenance
CAR-1430,Premium Sedan,2022,4,45735,Hybrid,South,Cooling System,75,Healthy,No Failure,4/20/2025,Preventive,281.48,3,Center Epsilon,Healthy
CAR-1477,Hatchback,2020,6,94963,Electric,Central,Tyre,37,Critical,Tyre Damage,5/13/2023,Emergency,415.47,37,Center Alpha,Under Maintenance
CAR-1172,Crossover,2022,4,42078,Electric,North,Transmission,57,Warning,Transmission Fault,7/17/2023,Corrective,1763.4,16,Center Epsilon,Healthy
CAR-1170,Premium Sedan,2019,7,82588,Petrol,West,Cooling System,40,Critical,Overheating,8/22/2024,Corrective,564.14,21,Center Beta,Needs Inspection
CAR-1300,Crossover,2019,7,99410,Diesel,Central,Transmission,22,Critical,Transmission Fault,8/7/2024,Emergency,2921.78,61,Center Gamma,Under Maintenance
CAR-1357,Crossover,2021,5,64970,Petrol,Central,Cooling System,45,Warning,Overheating,11/15/2025,Corrective,581.84,18,Center Beta,Healthy
CAR-1076,Compact,2022,4,67423,Hybrid,West,Engine,66,Warning,Overheating,9/18/2023,Corrective,1232.18,18,Center Gamma,Healthy
CAR-1165,Hatchback,2022,4,70014,Diesel,East,Transmission,57,Warning,Transmission Fault,2/14/2024,Preventive,876.21,3,Center Alpha,Healthy
CAR-1079,Compact,2019,7,97905,Petrol,West,Suspension,27,Critical,Suspension Failure,1/26/2025,Emergency,1250.06,18,Center Epsilon,Needs Inspection
CAR-1405,Premium Sedan,2024,2,30101,Diesel,North,Tyre,93,Healthy,No Failure,5/14/2023,Preventive,193.51,1,Center Epsilon,Healthy
CAR-1092,Compact,2021,5,67710,Petrol,South,Headlight,51,Warning,Lighting Failure,1/17/2025,Corrective,189.64,23,Center Alpha,Healthy
CAR-1378,Compact,2023,3,42018,Petrol,Central,Cooling System,80,Healthy,No Failure,4/1/2023,Preventive,296.54,2,Center Delta,Healthy
CAR-1376,Compact,2021,5,58243,Diesel,Central,Engine,64,Warning,Wear,2/28/2024,Preventive,1003.49,1,Center Beta,Healthy
CAR-1020,Hatchback,2021,5,69567,Petrol,Central,Brake,52,Warning,Brake Wear,3/13/2024,Corrective,511.93,9,Center Gamma,Healthy
CAR-1150,Hatchback,2022,4,49416,Diesel,East,Engine,67,Warning,Wear,9/29/2024,Corrective,1546.08,7,Center Gamma,Healthy
CAR-1460,City,2021,5,58894,Hybrid,Central,Tyre,72,Warning,Tyre Damage,4/16/2025,Corrective,213.02,23,Center Beta,Healthy
CAR-1145,City,2024,2,30116,Electric,North,Headlight,28,Critical,Lighting Failure,12/25/2024,Corrective,167.56,13,Center Alpha,Needs Inspection
CAR-1281,Hatchback,2024,2,15724,Diesel,West,Engine,100,Healthy,No Failure,12/12/2024,Preventive,721.37,1,Center Gamma,Healthy
CAR-1258,Premium Sedan,2024,2,23892,Petrol,South,Engine,95,Healthy,No Failure,1/26/2024,Preventive,910.97,3,Center Alpha,Healthy
CAR-1308,Compact,2018,8,140838,Diesel,South,Brake,10,Critical,Brake Wear,4/10/2025,Emergency,708.08,63,Center Delta,Under Maintenance
CAR-1114,Compact,2018,8,121207,Diesel,East,Engine,30,Critical,Mechanical Failure,1/10/2024,Corrective,1056.5,16,Center Gamma,Needs Inspection
CAR-1169,Premium Sedan,2020,6,67279,Petrol,West,Brake,61,Warning,Brake Wear,11/10/2024,Preventive,235.31,1,Center Alpha,Healthy
CAR-1112,Sedan,2021,5,77543,Petrol,West,Cooling System,39,Critical,Overheating,9/10/2025,Corrective,561.21,22,Center Alpha,Needs Inspection
CAR-1356,Hatchback,2022,4,64567,Hybrid,West,Battery,95,Healthy,No Failure,9/28/2025,Preventive,213.5,1,Center Gamma,Healthy
CAR-1302,Sedan,2023,3,37653,Diesel,East,Brake,78,Healthy,No Failure,9/3/2025,Preventive,281.66,3,Center Gamma,Healthy
CAR-1475,Hatchback,2019,7,92962,Hybrid,North,Headlight,39,Critical,Lighting Failure,6/13/2025,Emergency,238.19,20,Center Epsilon,Needs Inspection
CAR-1052,Compact,2019,7,120311,Diesel,South,Cooling System,50,Warning,Overheating,12/17/2023,Preventive,274.29,2,Center Alpha,Healthy
CAR-1284,City,2018,8,102149,Diesel,South,Tyre,39,Critical,Tyre Damage,3/16/2024,Emergency,306.91,54,Center Beta,Under Maintenance
CAR-1443,Sedan,2020,6,78901,Electric,South,Battery,59,Warning,Battery Failure,7/23/2023,Corrective,324.76,10,Center Epsilon,Healthy
CAR-1427,Crossover,2022,4,42932,Petrol,North,Tyre,66,Warning,Tyre Damage,8/15/2025,Preventive,177.26,1,Center Epsilon,Healthy
CAR-1015,Premium Sedan,2020,6,101058,Petrol,West,Headlight,32,Critical,Lighting Failure,10/15/2023,Corrective,153.64,9,Center Gamma,Needs Inspection
CAR-1431,Hatchback,2019,7,97158,Petrol,South,Transmission,61,Warning,Transmission Fault,11/21/2024,Preventive,984.1,1,Center Alpha,Healthy
CAR-1049,Premium Sedan,2019,7,66411,Electric,North,Tyre,47,Warning,Tyre Damage,4/19/2024,Corrective,277.92,17,Center Beta,Healthy
CAR-1415,Sedan,2019,7,116061,Diesel,North,Brake,34,Critical,Brake Wear,5/22/2025,Emergency,730.14,35,Center Gamma,Under Maintenance
CAR-1252,Premium Sedan,2024,2,15244,Hybrid,West,Suspension,100,Healthy,No Failure,9/27/2025,Preventive,571.14,1,Center Epsilon,Healthy
CAR-1424,City,2018,8,131571,Diesel,East,Suspension,21,Critical,Suspension Failure,1/25/2023,Emergency,1097.28,41,Center Alpha,Under Maintenance
CAR-1229,Compact,2019,7,119465,Diesel,South,Engine,17,Critical,Mechanical Failure,5/30/2025,Emergency,2147.61,65,Center Epsilon,Under Maintenance
CAR-1309,Crossover,2023,3,59784,Diesel,West,Engine,98,Healthy,No Failure,2/17/2025,Preventive,650.83,1,Center Delta,Healthy
CAR-1210,Sedan,2021,5,70020,Petrol,West,Tyre,59,Warning,Tyre Damage,5/5/2023,Preventive,177.02,1,Center Alpha,Healthy
CAR-1205,Compact,2019,7,100589,Diesel,North,Battery,45,Warning,Battery Failure,10/25/2024,Corrective,301.97,23,Center Alpha,Healthy
CAR-1105,Premium Sedan,2018,8,135050,Electric,East,Headlight,12,Critical,Lighting Failure,1/4/2024,Emergency,240.91,71,Center Delta,Under Maintenance
CAR-1076,Compact,2022,4,53568,Hybrid,West,Engine,55,Warning,Mechanical Failure,8/10/2023,Preventive,861.6,3,Center Epsilon,Healthy
CAR-1362,Hatchback,2021,5,57377,Diesel,West,Cooling System,33,Critical,Overheating,7/5/2024,Emergency,859.54,39,Center Gamma,Under Maintenance
CAR-1455,Compact,2020,6,74804,Petrol,North,Battery,45,Warning,Battery Failure,11/10/2024,Preventive,147.45,1,Center Alpha,Healthy
CAR-1263,Sedan,2023,3,27533,Hybrid,East,Tyre,100,Healthy,No Failure,2/3/2025,Preventive,130.06,1,Center Delta,Healthy
CAR-1048,City,2023,3,30340,Petrol,South,Battery,68,Warning,Battery Failure,4/24/2024,Corrective,303.9,12,Center Epsilon,Healthy
CAR-1297,Premium Sedan,2022,4,64236,Petrol,East,Headlight,50,Warning,Lighting Failure,4/21/2025,Preventive,129.31,1,Center Epsilon,Healthy
CAR-1207,Premium Sedan,2023,3,59567,Diesel,Central,Suspension,49,Warning,Suspension Failure,6/13/2024,Preventive,488.82,3,Center Beta,Healthy
CAR-1311,Hatchback,2019,7,105405,Hybrid,West,Transmission,36,Critical,Transmission Fault,5/13/2023,Corrective,1569.53,19,Center Epsilon,Needs Inspection
CAR-1397,Compact,2023,3,33398,Petrol,West,Transmission,100,Healthy,No Failure,8/1/2023,Preventive,1113.28,1,Center Epsilon,Healthy
CAR-1118,City,2024,2,27806,Diesel,Central,Tyre,100,Healthy,No Failure,11/10/2023,Preventive,180.83,3,Center Alpha,Healthy
CAR-1170,Premium Sedan,2019,7,113995,Petrol,West,Cooling System,24,Critical,Overheating,8/21/2023,Emergency,935.79,22,Center Alpha,Needs Inspection
CAR-1415,Sedan,2019,7,121082,Diesel,North,Tyre,58,Warning,Tyre Damage,8/2/2024,Corrective,255.54,8,Center Alpha,Healthy
CAR-1063,Crossover,2020,6,63272,Diesel,East,Suspension,78,Healthy,No Failure,9/23/2024,Preventive,488.23,1,Center Alpha,Healthy
CAR-1334,Crossover,2018,8,118875,Diesel,Central,Battery,17,Critical,Battery Failure,11/25/2024,Emergency,580.49,25,Center Beta,Under Maintenance
CAR-1159,Premium Sedan,2021,5,69938,Electric,East,Battery,57,Warning,Battery Failure,2/28/2025,Corrective,236.05,18,Center Delta,Healthy
CAR-1332,Hatchback,2023,3,51723,Diesel,West,Suspension,50,Warning,Suspension Failure,7/1/2025,Corrective,935.08,23,Center Delta,Healthy
CAR-1345,Hatchback,2019,7,56172,Diesel,West,Battery,54,Warning,Battery Failure,5/8/2023,Preventive,173.62,3,Center Delta,Healthy
CAR-1260,City,2020,6,48922,Diesel,East,Engine,93,Healthy,No Failure,9/12/2023,Preventive,824.99,3,Center Gamma,Healthy
CAR-1187,City,2021,5,88709,Petrol,North,Tyre,52,Warning,Tyre Damage,6/24/2023,Corrective,273.87,18,Center Beta,Healthy
CAR-1122,Crossover,2021,5,49719,Petrol,West,Tyre,74,Warning,Tyre Damage,9/28/2023,Preventive,184.22,3,Center Epsilon,Healthy
CAR-1483,Crossover,2023,3,47437,Petrol,South,Suspension,69,Warning,Suspension Failure,2/12/2025,Preventive,383.07,1,Center Beta,Healthy
CAR-1231,Premium Sedan,2022,4,54523,Petrol,West,Tyre,83,Healthy,No Failure,1/4/2024,Preventive,135.22,1,Center Delta,Healthy
CAR-1171,Premium Sedan,2019,7,116768,Petrol,West,Headlight,20,Critical,Lighting Failure,2/1/2023,Emergency,201.13,60,Center Gamma,Under Maintenance
CAR-1275,Premium Sedan,2021,5,81563,Petrol,South,Cooling System,81,Healthy,No Failure,12/7/2024,Preventive,380.13,1,Center Delta,Healthy
CAR-1270,Sedan,2019,7,90279,Hybrid,Central,Engine,59,Warning,Mechanical Failure,8/1/2023,Corrective,1321.57,17,Center Epsilon,Healthy
CAR-1253,Sedan,2018,8,117256,Electric,Central,Tyre,24,Critical,Tyre Damage,8/13/2023,Emergency,355.39,42,Center Alpha,Under Maintenance
CAR-1496,Compact,2021,5,88400,Petrol,Central,Brake,51,Warning,Brake Wear,12/19/2024,Corrective,333.78,17,Center Epsilon,Healthy
CAR-1077,Compact,2018,8,104052,Petrol,Central,Transmission,22,Critical,Transmission Fault,6/1/2025,Emergency,2776.95,51,Center Gamma,Under Maintenance
CAR-1423,Crossover,2019,7,109530,Hybrid,North,Engine,39,Critical,Overheating,9/13/2023,Emergency,1703.53,27,Center Beta,Under Maintenance
CAR-1015,Premium Sedan,2020,6,48592,Petrol,West,Transmission,41,Critical,Transmission Fault,2/22/2023,Corrective,1604.91,14,Center Gamma,Needs Inspection
CAR-1270,Sedan,2019,7,82177,Hybrid,Central,Brake,55,Warning,Brake Wear,7/14/2024,Corrective,435.09,20,Center Epsilon,Healthy
CAR-1455,Compact,2020,6,76965,Petrol,North,Battery,23,Critical,Battery Failure,5/6/2025,Corrective,275.51,14,Center Beta,Needs Inspection
CAR-1481,Sedan,2024,2,22276,Diesel,Central,Engine,70,Warning,Wear,4/3/2023,Corrective,1336.29,8,Center Beta,Healthy
CAR-1065,Premium Sedan,2024,2,29464,Electric,North,Transmission,87,Healthy,No Failure,7/24/2024,Preventive,853.08,3,Center Gamma,Healthy
CAR-1119,Premium Sedan,2021,5,83699,Diesel,East,Brake,39,Critical,Brake Wear,9/14/2023,Emergency,810.7,48,Center Delta,Under Maintenance
CAR-1144,Sedan,2023,3,47455,Diesel,East,Transmission,69,Warning,Transmission Fault,5/14/2023,Preventive,1073.33,2,Center Alpha,Healthy
CAR-1403,Premium Sedan,2020,6,112733,Electric,South,Battery,27,Critical,Battery Failure,7/26/2025,Corrective,316.34,11,Center Delta,Needs Inspection
CAR-1408,Crossover,2018,8,115798,Diesel,South,Tyre,29,Critical,Tyre Damage,2/10/2024,Emergency,393.26,53,Center Epsilon,Under Maintenance
CAR-1020,Hatchback,2021,5,77864,Petrol,Central,Brake,34,Critical,Brake Wear,10/7/2023,Emergency,541.08,61,Center Delta,Under Maintenance
CAR-1009,Hatchback,2021,5,52706,Electric,Central,Brake,76,Healthy,No Failure,12/30/2024,Preventive,245.92,3,Center Alpha,Healthy
CAR-1413,Compact,2023,3,38590,Diesel,South,Cooling System,54,Warning,Overheating,12/11/2024,Preventive,320.37,2,Center Delta,Healthy
CAR-1058,Premium Sedan,2019,7,120226,Hybrid,Central,Cooling System,27,Critical,Overheating,11/11/2023,Emergency,889.33,33,Center Epsilon,Under Maintenance
CAR-1463,City,2023,3,51366,Hybrid,Central,Engine,68,Warning,Wear,9/1/2023,Corrective,1146.23,13,Center Alpha,Healthy
CAR-1075,Hatchback,2022,4,63438,Diesel,West,Headlight,51,Warning,Lighting Failure,5/30/2024,Corrective,163.06,10,Center Beta,Healthy
CAR-1036,Crossover,2022,4,65726,Diesel,Central,Tyre,38,Critical,Tyre Damage,11/2/2025,Emergency,313.5,40,Center Alpha,Under Maintenance
CAR-1161,Compact,2022,4,63788,Electric,West,Transmission,55,Warning,Transmission Fault,3/6/2024,Preventive,1131.67,3,Center Beta,Healthy
CAR-1117,Premium Sedan,2018,8,123835,Hybrid,Central,Brake,38,Critical,Brake Wear,9/30/2025,Emergency,529.58,34,Center Beta,Under Maintenance
CAR-1348,Sedan,2018,8,76986,Hybrid,North,Headlight,14,Critical,Lighting Failure,9/5/2025,Emergency,219.91,31,Center Alpha,Under Maintenance
CAR-1350,City,2023,3,48202,Diesel,West,Suspension,75,Healthy,No Failure,5/7/2023,Preventive,524.87,1,Center Gamma,Healthy
CAR-1259,City,2018,8,101691,Diesel,South,Tyre,44,Critical,Tyre Damage,6/18/2023,Emergency,444.68,57,Center Alpha,Under Maintenance
CAR-1443,Sedan,2020,6,94343,Electric,South,Tyre,71,Warning,Tyre Damage,11/15/2023,Preventive,179.03,3,Center Alpha,Healthy
CAR-1122,Crossover,2021,5,63182,Petrol,West,Brake,55,Warning,Brake Wear,8/10/2023,Corrective,400.13,22,Center Beta,Healthy
CAR-1071,Crossover,2020,6,75419,Diesel,East,Suspension,20,Critical,Suspension Failure,2/19/2024,Corrective,705.03,22,Center Delta,Needs Inspection
CAR-1015,Premium Sedan,2020,6,54509,Petrol,West,Suspension,50,Warning,Suspension Failure,5/7/2024,Corrective,586.51,15,Center Gamma,Healthy
CAR-1090,Compact,2023,3,22007,Diesel,South,Tyre,59,Warning,Tyre Damage,10/26/2025,Preventive,131.8,3,Center Alpha,Healthy
CAR-1084,Crossover,2020,6,112231,Diesel,East,Transmission,62,Warning,Transmission Fault,4/3/2025,Corrective,1835.34,12,Center Alpha,Healthy
CAR-1037,Sedan,2021,5,72258,Petrol,East,Tyre,77,Healthy,No Failure,9/8/2024,Preventive,182.64,2,Center Epsilon,Healthy
CAR-1335,Sedan,2022,4,69148,Petrol,East,Headlight,87,Healthy,No Failure,1/3/2024,Preventive,102.72,2,Center Gamma,Healthy
CAR-1371,Hatchback,2020,6,111395,Petrol,South,Cooling System,30,Critical,Overheating,10/30/2024,Emergency,870.63,37,Center Gamma,Under Maintenance
CAR-1383,Compact,2024,2,30530,Electric,South,Headlight,82,Healthy,No Failure,5/11/2023,Preventive,112.43,3,Center Epsilon,Healthy
CAR-1375,City,2023,3,53090,Electric,Central,Battery,58,Warning,Battery Failure,1/8/2025,Preventive,179.69,2,Center Delta,Healthy
CAR-1307,Compact,2024,2,28452,Petrol,East,Battery,75,Healthy,No Failure,12/16/2024,Preventive,202.78,3,Center Gamma,Healthy
CAR-1225,Crossover,2018,8,127363,Petrol,North,Battery,23,Critical,Battery Failure,3/11/2024,Emergency,448.92,66,Center Delta,Under Maintenance
CAR-1211,City,2022,4,67809,Diesel,South,Brake,54,Warning,Brake Wear,9/3/2023,Corrective,441.55,20,Center Epsilon,Healthy
CAR-1463,City,2023,3,49055,Hybrid,Central,Battery,51,Warning,Battery Failure,5/23/2025,Corrective,236.39,19,Center Epsilon,Healthy
CAR-1435,Premium Sedan,2020,6,55425,Petrol,North,Engine,54,Warning,Overheating,4/15/2023,Preventive,1018.22,3,Center Beta,Healthy
CAR-1327,Crossover,2020,6,62800,Petrol,South,Transmission,63,Warning,Transmission Fault,2/13/2025,Corrective,1377.28,18,Center Epsilon,Healthy
CAR-1063,Crossover,2020,6,79133,Diesel,East,Tyre,53,Warning,Tyre Damage,12/6/2025,Corrective,309.66,14,Center Alpha,Healthy
CAR-1080,Compact,2022,4,49970,Diesel,West,Engine,36,Critical,Mechanical Failure,7/2/2024,Emergency,1757.71,32,Center Alpha,Under Maintenance
CAR-1096,Premium Sedan,2024,2,15359,Hybrid,West,Tyre,97,Healthy,No Failure,12/7/2024,Preventive,126.09,2,Center Epsilon,Healthy
CAR-1146,Premium Sedan,2019,7,68079,Petrol,North,Engine,71,Warning,Mechanical Failure,2/15/2023,Preventive,870.91,3,Center Gamma,Healthy
CAR-1310,Sedan,2018,8,92490,Petrol,South,Battery,11,Critical,Battery Failure,7/19/2024,Emergency,444.15,52,Center Delta,Under Maintenance
CAR-1272,Compact,2021,5,90830,Petrol,West,Battery,62,Warning,Battery Failure,2/2/2023,Corrective,257.76,9,Center Epsilon,Healthy
CAR-1407,Crossover,2021,5,48700,Diesel,Central,Tyre,50,Warning,Tyre Damage,4/18/2023,Corrective,263.29,19,Center Epsilon,Healthy
CAR-1435,Premium Sedan,2020,6,103041,Petrol,North,Transmission,49,Warning,Transmission Fault,10/16/2023,Corrective,1723.12,17,Center Delta,Healthy
CAR-1036,Crossover,2022,4,73175,Diesel,Central,Cooling System,66,Warning,Overheating,10/28/2023,Corrective,455.64,21,Center Gamma,Healthy
CAR-1115,Compact,2020,6,86382,Diesel,Central,Engine,27,Critical,Mechanical Failure,6/4/2025,Corrective,1500.82,8,Center Alpha,Needs Inspection
CAR-1459,Crossover,2019,7,109500,Diesel,South,Brake,36,Critical,Brake Wear,8/16/2025,Emergency,541.3,21,Center Alpha,Needs Inspection
CAR-1166,Crossover,2019,7,107849,Petrol,West,Brake,26,Critical,Brake Wear,11/30/2023,Corrective,386.45,23,Center Gamma,Needs Inspection
CAR-1242,City,2020,6,93333,Diesel,East,Brake,63,Warning,Brake Wear,3/13/2023,Corrective,342.35,20,Center Gamma,Healthy
CAR-1217,Compact,2022,4,56338,Petrol,South,Brake,77,Healthy,No Failure,11/13/2025,Preventive,287.32,2,Center Delta,Healthy
CAR-1426,Compact,2021,5,65329,Hybrid,Central,Headlight,46,Warning,Lighting Failure,3/6/2023,Corrective,140.26,14,Center Gamma,Healthy
CAR-1163,Crossover,2024,2,24680,Petrol,West,Battery,100,Healthy,No Failure,11/22/2023,Preventive,210.5,2,Center Gamma,Healthy
CAR-1256,Sedan,2023,3,42734,Diesel,East,Engine,73,Warning,Overheating,11/29/2024,Preventive,857.1,1,Center Delta,Healthy
CAR-1198,Sedan,2019,7,119637,Electric,North,Tyre,47,Warning,Tyre Damage,12/25/2025,Preventive,171.77,3,Center Delta,Healthy
CAR-1152,Sedan,2020,6,66075,Diesel,North,Cooling System,66,Warning,Overheating,6/7/2024,Preventive,326.1,3,Center Alpha,Healthy
CAR-1138,Sedan,2024,2,26820,Electric,East,Tyre,100,Healthy,No Failure,7/2/2023,Preventive,137.49,1,Center Delta,Healthy
CAR-1197,Premium Sedan,2019,7,128554,Petrol,West,Tyre,21,Critical,Tyre Damage,12/29/2025,Emergency,302.13,18,Center Alpha,Needs Inspection
CAR-1104,City,2021,5,54247,Electric,North,Brake,57,Warning,Brake Wear,6/5/2025,Corrective,356.65,21,Center Alpha,Healthy
CAR-1336,Sedan,2024,2,22354,Hybrid,South,Tyre,72,Warning,Tyre Damage,8/29/2023,Corrective,206.58,14,Center Beta,Healthy
CAR-1346,Sedan,2019,7,62164,Hybrid,East,Tyre,50,Warning,Tyre Damage,1/27/2025,Corrective,231.19,17,Center Beta,Healthy
CAR-1403,Premium Sedan,2020,6,103896,Electric,South,Engine,17,Critical,Overheating,10/30/2025,Corrective,1489.42,21,Center Delta,Needs Inspection
CAR-1384,Sedan,2024,2,16030,Diesel,West,Transmission,85,Healthy,No Failure,3/2/2025,Preventive,1123.16,3,Center Alpha,Healthy
CAR-1169,Premium Sedan,2020,6,76288,Petrol,West,Brake,61,Warning,Brake Wear,9/9/2024,Corrective,383.87,17,Center Epsilon,Healthy
CAR-1352,Premium Sedan,2023,3,53404,Diesel,North,Headlight,52,Warning,Lighting Failure,10/4/2024,Corrective,184.19,21,Center Alpha,Healthy
CAR-1366,Sedan,2019,7,92604,Petrol,South,Engine,61,Warning,Wear,8/22/2025,Corrective,1056.94,15,Center Epsilon,Healthy
CAR-1236,Hatchback,2023,3,39326,Diesel,South,Tyre,69,Warning,Tyre Damage,12/16/2024,Corrective,199.73,13,Center Epsilon,Healthy
CAR-1359,Premium Sedan,2018,8,92719,Diesel,North,Engine,40,Critical,Wear,9/17/2024,Emergency,2445.6,64,Center Epsilon,Under Maintenance
CAR-1246,Crossover,2019,7,67537,Petrol,Central,Cooling System,50,Warning,Overheating,5/16/2025,Preventive,248.43,3,Center Gamma,Healthy
CAR-1155,Hatchback,2021,5,77708,Electric,Central,Tyre,65,Warning,Tyre Damage,11/4/2025,Preventive,171.89,1,Center Delta,Healthy
CAR-1227,Hatchback,2022,4,47484,Petrol,South,Battery,72,Warning,Battery Failure,4/4/2024,Preventive,191.98,3,Center Gamma,Healthy
CAR-1017,Crossover,2018,8,138429,Petrol,Central,Headlight,31,Critical,Lighting Failure,5/27/2023,Emergency,230.21,45,Center Beta,Under Maintenance
CAR-1235,Crossover,2022,4,32553,Electric,West,Headlight,68,Warning,Lighting Failure,2/3/2024,Corrective,200.73,18,Center Alpha,Healthy
CAR-1299,Sedan,2018,8,102485,Hybrid,South,Tyre,36,Critical,Tyre Damage,12/4/2024,Corrective,237.89,13,Center Alpha,Needs Inspection
CAR-1370,Hatchback,2020,6,102098,Petrol,West,Tyre,31,Critical,Tyre Damage,3/27/2023,Emergency,474.41,57,Center Delta,Under Maintenance
CAR-1304,Hatchback,2020,6,96139,Electric,South,Headlight,52,Warning,Lighting Failure,9/14/2023,Preventive,82.22,2,Center Epsilon,Healthy
CAR-1423,Crossover,2019,7,101336,Hybrid,North,Brake,65,Warning,Brake Wear,4/27/2024,Preventive,273.42,3,Center Beta,Healthy
CAR-1003,Hatchback,2022,4,48286,Diesel,Central,Brake,76,Healthy,No Failure,3/4/2025,Preventive,281.85,3,Center Alpha,Healthy
CAR-1030,Sedan,2021,5,52795,Diesel,East,Battery,94,Healthy,No Failure,3/19/2024,Preventive,227.96,1,Center Delta,Healthy
CAR-1098,City,2020,6,95346,Petrol,East,Engine,57,Warning,Overheating,5/18/2025,Preventive,1023.32,3,Center Gamma,Healthy
CAR-1059,Premium Sedan,2019,7,93056,Diesel,Central,Headlight,46,Warning,Lighting Failure,9/13/2023,Corrective,195.79,11,Center Delta,Healthy
CAR-1087,Crossover,2018,8,73930,Petrol,North,Transmission,32,Critical,Transmission Fault,9/28/2024,Corrective,1366.14,7,Center Gamma,Needs Inspection
CAR-1123,Hatchback,2020,6,97246,Petrol,East,Transmission,30,Critical,Transmission Fault,6/9/2025,Emergency,2166.62,40,Center Delta,Under Maintenance
CAR-1036,Crossover,2022,4,48327,Diesel,Central,Brake,67,Warning,Brake Wear,1/11/2025,Corrective,502.87,10,Center Alpha,Healthy
CAR-1167,Premium Sedan,2018,8,93232,Diesel,North,Brake,42,Critical,Brake Wear,5/13/2025,Emergency,788.04,18,Center Beta,Needs Inspection
CAR-1012,Crossover,2024,2,27808,Hybrid,Central,Suspension,82,Healthy,No Failure,9/11/2023,Preventive,484.08,2,Center Gamma,Healthy
CAR-1181,City,2018,8,127365,Petrol,Central,Brake,25,Critical,Brake Wear,6/3/2024,Corrective,417.82,9,Center Gamma,Needs Inspection
CAR-1413,Compact,2023,3,47850,Diesel,South,Transmission,39,Critical,Transmission Fault,11/21/2025,Emergency,2099.54,19,Center Gamma,Needs Inspection
CAR-1462,Hatchback,2022,4,52350,Diesel,West,Engine,52,Warning,Mechanical Failure,8/16/2025,Corrective,1155.25,14,Center Alpha,Healthy
CAR-1102,City,2018,8,110965,Petrol,Central,Headlight,12,Critical,Lighting Failure,11/19/2023,Emergency,273.46,52,Center Delta,Under Maintenance
CAR-1299,Sedan,2018,8,100304,Hybrid,South,Headlight,29,Critical,Lighting Failure,2/25/2024,Emergency,202.49,23,Center Gamma,Needs Inspection
CAR-1040,City,2018,8,77696,Hybrid,Central,Cooling System,47,Warning,Overheating,4/9/2025,Corrective,414.17,17,Center Gamma,Healthy
CAR-1337,Compact,2022,4,59308,Petrol,East,Battery,82,Healthy,No Failure,2/7/2024,Preventive,217.54,3,Center Gamma,Healthy
CAR-1114,Compact,2018,8,125207,Diesel,East,Engine,20,Critical,Overheating,12/29/2024,Corrective,1594.22,13,Center Alpha,Needs Inspection
CAR-1043,Sedan,2021,5,87360,Petrol,East,Cooling System,70,Warning,Overheating,8/28/2025,Corrective,439.6,6,Center Epsilon,Healthy
CAR-1130,Sedan,2018,8,107041,Electric,Central,Suspension,32,Critical,Suspension Failure,11/24/2023,Emergency,1061.29,43,Center Delta,Under Maintenance
CAR-1118,City,2024,2,33218,Diesel,Central,Brake,85,Healthy,No Failure,2/19/2025,Preventive,241.44,1,Center Alpha,Healthy
CAR-1394,Compact,2023,3,54367,Diesel,East,Tyre,92,Healthy,No Failure,7/2/2024,Preventive,157.34,2,Center Alpha,Healthy
CAR-1465,Compact,2023,3,34244,Electric,North,Headlight,66,Warning,Lighting Failure,7/23/2024,Preventive,105.59,2,Center Gamma,Healthy
CAR-1236,Hatchback,2023,3,32972,Diesel,South,Battery,79,Healthy,No Failure,6/28/2025,Preventive,187.97,2,Center Gamma,Healthy
CAR-1438,Premium Sedan,2024,2,18665,Petrol,Central,Battery,85,Healthy,No Failure,5/13/2024,Preventive,189.8,1,Center Gamma,Healthy
CAR-1468,Crossover,2018,8,63536,Electric,East,Tyre,44,Critical,Tyre Damage,10/27/2025,Corrective,290.65,7,Center Delta,Needs Inspection
CAR-1051,Compact,2020,6,83304,Petrol,South,Transmission,33,Critical,Transmission Fault,9/20/2023,Emergency,2724.2,45,Center Gamma,Under Maintenance
CAR-1030,Sedan,2021,5,78312,Diesel,East,Tyre,50,Warning,Tyre Damage,3/1/2024,Corrective,307.36,22,Center Gamma,Healthy
CAR-1126,Crossover,2022,4,63910,Petrol,North,Tyre,71,Warning,Tyre Damage,1/21/2024,Preventive,130.6,1,Center Gamma,Healthy
CAR-1449,Crossover,2020,6,69480,Diesel,Central,Battery,64,Warning,Battery Failure,12/21/2025,Corrective,286.14,21,Center Gamma,Healthy
CAR-1461,Premium Sedan,2019,7,70698,Hybrid,East,Suspension,32,Critical,Suspension Failure,7/26/2024,Emergency,1134.99,49,Center Gamma,Under Maintenance
CAR-1170,Premium Sedan,2019,7,102869,Petrol,West,Cooling System,23,Critical,Overheating,10/10/2025,Emergency,849.3,42,Center Epsilon,Under Maintenance
CAR-1162,Hatchback,2023,3,59419,Hybrid,Central,Battery,79,Healthy,No Failure,10/29/2023,Preventive,162.65,2,Center Delta,Healthy
CAR-1123,Hatchback,2020,6,84066,Petrol,East,Transmission,25,Critical,Transmission Fault,3/21/2024,Emergency,2144.01,50,Center Alpha,Under Maintenance
CAR-1185,Premium Sedan,2022,4,59404,Hybrid,Central,Tyre,78,Healthy,No Failure,5/4/2023,Preventive,125.17,2,Center Beta,Healthy
CAR-1173,Crossover,2022,4,50380,Diesel,North,Transmission,55,Warning,Transmission Fault,9/12/2023,Preventive,736.93,3,Center Epsilon,Healthy
CAR-1028,City,2019,7,106520,Diesel,Central,Cooling System,51,Warning,Overheating,4/21/2023,Corrective,544.63,19,Center Delta,Healthy
CAR-1287,Sedan,2022,4,46958,Petrol,North,Tyre,67,Warning,Tyre Damage,6/30/2024,Corrective,229.15,18,Center Alpha,Healthy
CAR-1218,Compact,2021,5,62564,Petrol,West,Cooling System,57,Warning,Overheating,1/21/2023,Corrective,461.28,11,Center Alpha,Healthy
CAR-1107,Sedan,2022,4,43341,Electric,South,Engine,51,Warning,Mechanical Failure,7/6/2024,Corrective,1454.8,7,Center Gamma,Healthy
CAR-1270,Sedan,2019,7,79896,Hybrid,Central,Cooling System,39,Critical,Overheating,1/12/2025,Emergency,812.73,60,Center Alpha,Under Maintenance
CAR-1075,Hatchback,2022,4,48028,Diesel,West,Engine,56,Warning,Wear,8/12/2025,Corrective,1307.36,19,Center Beta,Healthy
CAR-1185,Premium Sedan,2022,4,70980,Hybrid,Central,Engine,39,Critical,Mechanical Failure,8/3/2024,Corrective,1253.21,10,Center Beta,Needs Inspection
CAR-1103,City,2023,3,42868,Electric,East,Brake,91,Healthy,No Failure,5/8/2025,Preventive,253.85,3,Center Alpha,Healthy
CAR-1122,Crossover,2021,5,44075,Petrol,West,Cooling System,58,Warning,Overheating,6/26/2024,Corrective,607.38,18,Center Gamma,Healthy
CAR-1168,Premium Sedan,2019,7,124705,Hybrid,North,Battery,33,Critical,Battery Failure,6/24/2023,Corrective,231.47,15,Center Delta,Needs Inspection
CAR-1345,Hatchback,2019,7,119807,Diesel,West,Engine,25,Critical,Overheating,7/3/2024,Emergency,1827.24,56,Center Alpha,Under Maintenance
CAR-1172,Crossover,2022,4,71999,Electric,North,Cooling System,27,Critical,Overheating,2/28/2023,Corrective,442.41,7,Center Beta,Needs Inspection
CAR-1477,Hatchback,2020,6,76912,Electric,Central,Engine,54,Warning,Overheating,5/25/2025,Preventive,763.32,2,Center Epsilon,Healthy
CAR-1149,Crossover,2024,2,16797,Diesel,West,Headlight,81,Healthy,No Failure,8/25/2025,Preventive,81.83,3,Center Alpha,Healthy
CAR-1068,Compact,2022,4,53618,Electric,West,Cooling System,64,Warning,Overheating,5/11/2024,Corrective,498.05,11,Center Delta,Healthy
CAR-1468,Crossover,2018,8,79121,Electric,East,Battery,33,Critical,Battery Failure,9/11/2025,Emergency,413.91,41,Center Epsilon,Under Maintenance
CAR-1468,Crossover,2018,8,88777,Electric,East,Brake,69,Warning,Brake Wear,1/4/2024,Preventive,304.86,2,Center Beta,Healthy
CAR-1268,Crossover,2021,5,63046,Diesel,East,Cooling System,75,Healthy,No Failure,12/16/2025,Preventive,250.92,2,Center Alpha,Healthy
CAR-1385,Compact,2024,2,12913,Hybrid,Central,Brake,92,Healthy,No Failure,11/16/2023,Preventive,276.05,3,Center Epsilon,Healthy
CAR-1092,Compact,2021,5,55243,Petrol,South,Engine,70,Warning,Wear,5/6/2024,Preventive,944.17,2,Center Beta,Healthy
CAR-1059,Premium Sedan,2019,7,68259,Diesel,Central,Headlight,60,Warning,Lighting Failure,5/27/2024,Corrective,154.65,15,Center Delta,Healthy
CAR-1202,City,2020,6,112719,Hybrid,North,Engine,53,Warning,Mechanical Failure,1/23/2024,Preventive,948.91,1,Center Alpha,Healthy
CAR-1285,City,2022,4,57163,Petrol,North,Brake,68,Warning,Brake Wear,2/27/2025,Corrective,426.88,23,Center Delta,Healthy
CAR-1123,Hatchback,2020,6,64591,Petrol,East,Headlight,49,Warning,Lighting Failure,2/15/2025,Corrective,131.98,17,Center Gamma,Healthy
CAR-1003,Hatchback,2022,4,63188,Diesel,Central,Battery,58,Warning,Battery Failure,7/24/2024,Corrective,257.79,23,Center Alpha,Healthy
CAR-1376,Compact,2021,5,76104,Diesel,Central,Brake,29,Critical,Brake Wear,7/18/2025,Corrective,382.25,15,Center Gamma,Needs Inspection
CAR-1112,Sedan,2021,5,59686,Petrol,West,Engine,53,Warning,Overheating,4/5/2024,Preventive,935.55,3,Center Gamma,Healthy
CAR-1254,Compact,2022,4,47075,Hybrid,Central,Engine,75,Healthy,No Failure,2/25/2024,Preventive,841.15,3,Center Delta,Healthy
CAR-1136,Compact,2024,2,31133,Diesel,Central,Engine,79,Healthy,No Failure,10/10/2025,Preventive,743.53,3,Center Epsilon,Healthy
CAR-1296,Crossover,2020,6,87895,Electric,South,Cooling System,60,Warning,Overheating,1/26/2025,Preventive,308.2,2,Center Gamma,Healthy
CAR-1077,Compact,2018,8,75839,Petrol,Central,Battery,45,Warning,Battery Failure,10/20/2023,Corrective,341.15,19,Center Beta,Healthy
CAR-1235,Crossover,2022,4,65128,Electric,West,Battery,85,Healthy,No Failure,12/5/2024,Preventive,148.19,2,Center Beta,Healthy
CAR-1325,Sedan,2019,7,108648,Petrol,North,Transmission,57,Warning,Transmission Fault,8/7/2024,Preventive,929.09,3,Center Gamma,Healthy
CAR-1071,Crossover,2020,6,49913,Diesel,East,Tyre,52,Warning,Tyre Damage,3/13/2023,Preventive,178.63,2,Center Gamma,Healthy
CAR-1036,Crossover,2022,4,43097,Diesel,Central,Engine,77,Healthy,No Failure,6/19/2023,Preventive,855.91,3,Center Gamma,Healthy
CAR-1130,Sedan,2018,8,110742,Electric,Central,Engine,23,Critical,Wear,10/12/2024,Emergency,2452.28,18,Center Epsilon,Needs Inspection
CAR-1252,Premium Sedan,2024,2,25313,Hybrid,West,Cooling System,87,Healthy,No Failure,4/4/2024,Preventive,289.2,2,Center Alpha,Healthy
CAR-1098,City,2020,6,75465,Petrol,East,Transmission,63,Warning,Transmission Fault,5/1/2023,Preventive,1140.84,2,Center Epsilon,Healthy
CAR-1068,Compact,2022,4,70932,Electric,West,Brake,33,Critical,Brake Wear,12/7/2024,Corrective,499.03,20,Center Alpha,Needs Inspection
CAR-1095,Premium Sedan,2022,4,72011,Diesel,West,Brake,50,Warning,Brake Wear,4/15/2025,Corrective,506.59,16,Center Beta,Healthy
CAR-1486,Crossover,2020,6,94913,Hybrid,Central,Cooling System,10,Critical,Overheating,12/17/2023,Corrective,575.64,9,Center Alpha,Needs Inspection
CAR-1058,Premium Sedan,2019,7,62726,Hybrid,Central,Engine,55,Warning,Mechanical Failure,12/28/2025,Preventive,933.46,3,Center Beta,Healthy
CAR-1026,Premium Sedan,2021,5,65515,Diesel,East,Headlight,62,Warning,Lighting Failure,1/3/2024,Corrective,139.93,23,Center Delta,Healthy
CAR-1234,City,2024,2,26721,Petrol,West,Headlight,100,Healthy,No Failure,5/2/2025,Preventive,114.97,2,Center Beta,Healthy
CAR-1344,Premium Sedan,2022,4,37166,Electric,Central,Engine,82,Healthy,No Failure,2/19/2023,Preventive,1008.01,2,Center Delta,Healthy
CAR-1388,City,2022,4,65344,Diesel,East,Cooling System,45,Warning,Overheating,10/23/2024,Corrective,518.21,21,Center Delta,Healthy
CAR-1398,City,2019,7,72613,Electric,Central,Engine,30,Critical,Mechanical Failure,2/18/2025,Corrective,1546.67,19,Center Alpha,Needs Inspection
CAR-1006,Sedan,2019,7,64302,Petrol,South,Battery,48,Warning,Battery Failure,8/29/2023,Preventive,174.32,2,Center Alpha,Healthy
CAR-1286,Sedan,2021,5,68077,Electric,East,Headlight,67,Warning,Lighting Failure,12/1/2025,Preventive,125.06,3,Center Epsilon,Healthy
CAR-1316,City,2019,7,109191,Electric,North,Headlight,37,Critical,Lighting Failure,10/16/2025,Emergency,253.73,50,Center Epsilon,Under Maintenance
CAR-1108,City,2020,6,91035,Petrol,South,Transmission,31,Critical,Transmission Fault,2/18/2024,Emergency,2253.23,63,Center Beta,Under Maintenance
CAR-1179,City,2023,3,48334,Electric,Central,Headlight,91,Healthy,No Failure,11/13/2023,Preventive,104.33,3,Center Alpha,Healthy
CAR-1063,Crossover,2020,6,113933,Diesel,East,Brake,43,Critical,Brake Wear,2/8/2025,Corrective,400.46,13,Center Alpha,Needs Inspection
CAR-1000,Premium Sedan,2018,8,120183,Hybrid,South,Battery,49,Warning,Battery Failure,8/22/2025,Preventive,213.75,3,Center Epsilon,Healthy
CAR-1053,City,2020,6,90153,Hybrid,East,Suspension,15,Critical,Suspension Failure,11/29/2023,Emergency,1447.13,51,Center Beta,Under Maintenance
CAR-1090,Compact,2023,3,44171,Diesel,South,Brake,65,Warning,Brake Wear,8/24/2024,Corrective,417.94,13,Center Delta,Healthy
CAR-1076,Compact,2022,4,35470,Hybrid,West,Engine,94,Healthy,No Failure,6/21/2023,Preventive,677.05,2,Center Beta,Healthy
CAR-1008,Sedan,2022,4,63533,Diesel,East,Engine,61,Warning,Overheating,3/27/2025,Corrective,1471.93,10,Center Delta,Healthy
CAR-1340,City,2022,4,49933,Petrol,South,Engine,64,Warning,Overheating,12/8/2023,Preventive,1012.62,1,Center Beta,Healthy
CAR-1387,Compact,2022,4,48382,Diesel,East,Headlight,75,Healthy,No Failure,10/5/2024,Preventive,108.83,1,Center Gamma,Healthy
CAR-1018,Compact,2022,4,47666,Diesel,North,Battery,53,Warning,Battery Failure,12/28/2024,Corrective,333.69,10,Center Epsilon,Healthy
CAR-1108,City,2020,6,53072,Petrol,South,Cooling System,67,Warning,Overheating,4/30/2025,Preventive,250.34,3,Center Alpha,Healthy
CAR-1230,Crossover,2021,5,61148,Electric,West,Tyre,41,Critical,Tyre Damage,5/5/2025,Corrective,277.66,22,Center Beta,Needs Inspection
CAR-1083,Crossover,2018,8,132987,Petrol,West,Battery,21,Critical,Battery Failure,5/3/2023,Emergency,461.35,32,Center Epsilon,Under Maintenance
CAR-1488,Hatchback,2022,4,40387,Diesel,Central,Headlight,56,Warning,Lighting Failure,11/12/2024,Corrective,203.75,20,Center Beta,Healthy
CAR-1314,City,2020,6,79227,Electric,Central,Engine,44,Critical,Overheating,1/10/2023,Emergency,2515.87,68,Center Gamma,Under Maintenance
CAR-1151,Hatchback,2020,6,74092,Diesel,West,Brake,29,Critical,Brake Wear,7/26/2023,Emergency,542.43,61,Center Alpha,Under Maintenance
CAR-1096,Premium Sedan,2024,2,31916,Hybrid,West,Cooling System,100,Healthy,No Failure,5/3/2023,Preventive,281.38,2,Center Gamma,Healthy
CAR-1471,Hatchback,2023,3,41089,Petrol,East,Battery,76,Healthy,No Failure,12/27/2024,Preventive,233.49,2,Center Alpha,Healthy
CAR-1006,Sedan,2019,7,55069,Petrol,South,Battery,51,Warning,Battery Failure,10/2/2024,Preventive,225.88,2,Center Gamma,Healthy
CAR-1097,Hatchback,2018,8,110718,Hybrid,East,Brake,17,Critical,Brake Wear,7/19/2023,Corrective,400.42,10,Center Delta,Needs Inspection
CAR-1000,Premium Sedan,2018,8,138804,Hybrid,South,Engine,39,Critical,Overheating,4/7/2025,Corrective,1311.93,20,Center Alpha,Needs Inspection
CAR-1232,Sedan,2022,4,41808,Diesel,East,Brake,61,Warning,Brake Wear,11/15/2025,Corrective,437.43,13,Center Epsilon,Healthy
CAR-1405,Premium Sedan,2024,2,32176,Diesel,North,Tyre,46,Warning,Tyre Damage,3/12/2024,Corrective,262.03,7,Center Epsilon,Healthy
CAR-1209,Compact,2021,5,72981,Hybrid,Central,Cooling System,64,Warning,Overheating,3/11/2023,Preventive,375.64,2,Center Epsilon,Healthy
CAR-1340,City,2022,4,51861,Petrol,South,Tyre,65,Warning,Tyre Damage,7/1/2025,Preventive,147.12,3,Center Beta,Healthy
CAR-1021,City,2024,2,35015,Diesel,Central,Headlight,82,Healthy,No Failure,9/12/2025,Preventive,109.87,1,Center Alpha,Healthy
CAR-1027,City,2021,5,86772,Diesel,Central,Suspension,32,Critical,Suspension Failure,7/29/2023,Emergency,1445.39,58,Center Epsilon,Under Maintenance
CAR-1163,Crossover,2024,2,41649,Petrol,West,Cooling System,66,Warning,Overheating,1/21/2024,Corrective,615.8,23,Center Delta,Healthy
CAR-1204,City,2022,4,56826,Diesel,North,Tyre,81,Healthy,No Failure,12/18/2025,Preventive,189.22,3,Center Delta,Healthy
CAR-1224,Sedan,2018,8,110659,Diesel,North,Tyre,23,Critical,Tyre Damage,1/24/2023,Emergency,387.2,53,Center Delta,Under Maintenance
CAR-1486,Crossover,2020,6,71036,Hybrid,Central,Engine,42,Critical,Wear,4/29/2025,Corrective,1459.04,11,Center Epsilon,Needs Inspection
CAR-1206,Premium Sedan,2021,5,83040,Hybrid,North,Headlight,71,Warning,Lighting Failure,9/10/2025,Preventive,80.56,3,Center Gamma,Healthy
CAR-1407,Crossover,2021,5,51029,Diesel,Central,Engine,58,Warning,Wear,1/31/2024,Corrective,1399.27,21,Center Gamma,Healthy
CAR-1465,Compact,2023,3,52727,Electric,North,Engine,50,Warning,Mechanical Failure,10/31/2025,Corrective,1596.4,7,Center Gamma,Healthy
CAR-1089,Hatchback,2024,2,18648,Diesel,North,Tyre,98,Healthy,No Failure,11/10/2025,Preventive,144.78,3,Center Epsilon,Healthy
CAR-1220,Crossover,2018,8,120905,Hybrid,East,Battery,31,Critical,Battery Failure,5/20/2023,Corrective,285.82,12,Center Epsilon,Needs Inspection
CAR-1377,Crossover,2022,4,64390,Diesel,East,Brake,57,Warning,Brake Wear,7/13/2024,Corrective,500,20,Center Delta,Healthy
CAR-1271,Premium Sedan,2019,7,79521,Hybrid,North,Brake,63,Warning,Brake Wear,7/9/2025,Preventive,281.47,1,Center Epsilon,Healthy
CAR-1348,Sedan,2018,8,75951,Hybrid,North,Cooling System,41,Critical,Overheating,9/13/2024,Emergency,793.2,46,Center Alpha,Under Maintenance
CAR-1195,Sedan,2024,2,33017,Petrol,North,Battery,95,Healthy,No Failure,9/4/2025,Preventive,166.13,3,Center Epsilon,Healthy
CAR-1058,Premium Sedan,2019,7,114355,Hybrid,Central,Tyre,43,Critical,Tyre Damage,8/9/2024,Corrective,198.83,14,Center Gamma,Needs Inspection
CAR-1356,Hatchback,2022,4,35778,Hybrid,West,Battery,68,Warning,Battery Failure,4/5/2024,Preventive,152.81,1,Center Epsilon,Healthy
CAR-1121,City,2024,2,36160,Diesel,South,Cooling System,82,Healthy,No Failure,3/22/2024,Preventive,385.64,2,Center Gamma,Healthy
CAR-1010,Premium Sedan,2019,7,65839,Electric,South,Cooling System,33,Critical,Overheating,4/20/2023,Corrective,458.61,17,Center Beta,Needs Inspection
CAR-1417,Compact,2018,8,93504,Electric,North,Battery,45,Warning,Battery Failure,4/5/2024,Corrective,323.98,21,Center Alpha,Healthy
CAR-1204,City,2022,4,45132,Diesel,North,Tyre,83,Healthy,No Failure,10/15/2024,Preventive,172.31,2,Center Alpha,Healthy
CAR-1340,City,2022,4,56457,Petrol,South,Cooling System,73,Warning,Overheating,11/3/2023,Corrective,619.88,15,Center Alpha,Healthy
CAR-1238,Compact,2020,6,67254,Electric,East,Transmission,53,Warning,Transmission Fault,4/14/2025,Corrective,1542.15,16,Center Alpha,Healthy
CAR-1268,Crossover,2021,5,77248,Diesel,East,Brake,57,Warning,Brake Wear,6/16/2025,Corrective,433.39,20,Center Beta,Healthy
CAR-1249,Premium Sedan,2018,8,111530,Hybrid,East,Headlight,40,Critical,Lighting Failure,1/2/2024,Emergency,295.96,43,Center Alpha,Under Maintenance
CAR-1119,Premium Sedan,2021,5,84487,Diesel,East,Transmission,97,Healthy,No Failure,5/13/2025,Preventive,809.03,1,Center Alpha,Healthy
CAR-1367,Premium Sedan,2019,7,89666,Petrol,South,Cooling System,58,Warning,Overheating,4/9/2025,Corrective,386.35,14,Center Epsilon,Healthy
CAR-1105,Premium Sedan,2018,8,91220,Electric,East,Tyre,61,Warning,Tyre Damage,9/28/2023,Preventive,153.13,3,Center Beta,Healthy
CAR-1139,City,2022,4,54795,Electric,North,Transmission,66,Warning,Transmission Fault,5/12/2023,Corrective,1178.67,15,Center Alpha,Healthy
CAR-1009,Hatchback,2021,5,79667,Electric,Central,Transmission,56,Warning,Transmission Fault,7/28/2025,Preventive,928.47,1,Center Delta,Healthy
CAR-1230,Crossover,2021,5,71405,Electric,West,Tyre,55,Warning,Tyre Damage,2/7/2024,Corrective,307.89,7,Center Alpha,Healthy
CAR-1214,City,2024,2,34011,Petrol,South,Brake,98,Healthy,No Failure,12/4/2024,Preventive,250.92,2,Center Delta,Healthy
CAR-1052,Compact,2019,7,98790,Diesel,South,Transmission,46,Warning,Transmission Fault,3/8/2024,Corrective,1450.64,9,Center Beta,Healthy
CAR-1058,Premium Sedan,2019,7,63148,Hybrid,Central,Transmission,80,Healthy,No Failure,8/29/2024,Preventive,962.21,2,Center Alpha,Healthy
CAR-1141,Compact,2019,7,70694,Petrol,West,Cooling System,41,Critical,Overheating,8/23/2023,Emergency,683.77,63,Center Epsilon,Under Maintenance
CAR-1093,City,2018,8,110379,Hybrid,South,Tyre,21,Critical,Tyre Damage,4/2/2024,Emergency,484.41,54,Center Gamma,Under Maintenance
CAR-1041,Sedan,2019,7,91347,Petrol,South,Cooling System,66,Warning,Overheating,1/11/2023,Corrective,533.54,20,Center Alpha,Healthy
CAR-1015,Premium Sedan,2020,6,61475,Petrol,West,Engine,29,Critical,Mechanical Failure,9/12/2024,Emergency,2453.82,50,Center Delta,Under Maintenance
CAR-1007,Sedan,2023,3,32074,Petrol,West,Cooling System,96,Healthy,No Failure,1/12/2024,Preventive,378.03,1,Center Delta,Healthy
CAR-1281,Hatchback,2024,2,33366,Diesel,West,Headlight,74,Warning,Lighting Failure,5/12/2024,Corrective,197.63,19,Center Beta,Healthy
CAR-1111,City,2021,5,91023,Hybrid,Central,Brake,49,Warning,Brake Wear,3/30/2025,Corrective,375.4,10,Center Alpha,Healthy
CAR-1032,Premium Sedan,2018,8,115845,Diesel,North,Tyre,71,Warning,Tyre Damage,9/1/2025,Preventive,138.28,3,Center Gamma,Healthy
CAR-1449,Crossover,2020,6,66571,Diesel,Central,Brake,68,Warning,Brake Wear,1/19/2025,Corrective,468.5,10,Center Delta,Healthy
CAR-1325,Sedan,2019,7,116535,Petrol,North,Headlight,45,Warning,Lighting Failure,11/27/2025,Preventive,95.02,1,Center Gamma,Healthy
CAR-1130,Sedan,2018,8,139072,Electric,Central,Battery,29,Critical,Battery Failure,9/9/2025,Corrective,259.43,12,Center Beta,Needs Inspection
CAR-1184,City,2018,8,101583,Electric,East,Cooling System,43,Critical,Overheating,1/3/2023,Emergency,837.16,22,Center Beta,Needs Inspection
CAR-1412,Compact,2021,5,71622,Hybrid,South,Brake,48,Warning,Brake Wear,5/18/2023,Preventive,250.15,2,Center Epsilon,Healthy
CAR-1421,Compact,2019,7,102414,Diesel,West,Transmission,41,Critical,Transmission Fault,11/26/2023,Emergency,2085.74,44,Center Beta,Under Maintenance
CAR-1170,Premium Sedan,2019,7,61460,Petrol,West,Engine,57,Warning,Overheating,2/6/2025,Corrective,1419.35,21,Center Delta,Healthy
CAR-1383,Compact,2024,2,24663,Electric,South,Headlight,84,Healthy,No Failure,3/3/2025,Preventive,95.45,2,Center Beta,Healthy
CAR-1382,Crossover,2018,8,96773,Electric,West,Cooling System,29,Critical,Overheating,12/29/2024,Emergency,926.7,27,Center Delta,Under Maintenance
CAR-1332,Hatchback,2023,3,41909,Diesel,West,Brake,66,Warning,Brake Wear,12/7/2025,Corrective,504.28,21,Center Epsilon,Healthy
CAR-1094,Premium Sedan,2024,2,44752,Electric,Central,Tyre,58,Warning,Tyre Damage,3/5/2025,Corrective,308.98,16,Center Alpha,Healthy
CAR-1175,Compact,2023,3,51775,Hybrid,Central,Cooling System,94,Healthy,No Failure,8/26/2024,Preventive,274.22,1,Center Beta,Healthy
CAR-1104,City,2021,5,58100,Electric,North,Cooling System,45,Warning,Overheating,9/6/2023,Corrective,475.96,13,Center Gamma,Healthy
CAR-1179,City,2023,3,28600,Electric,Central,Brake,92,Healthy,No Failure,11/27/2025,Preventive,262.8,2,Center Epsilon,Healthy
CAR-1012,Crossover,2024,2,36062,Hybrid,Central,Headlight,61,Warning,Lighting Failure,3/20/2023,Corrective,145.2,22,Center Delta,Healthy
CAR-1356,Hatchback,2022,4,55140,Hybrid,West,Battery,46,Warning,Battery Failure,7/7/2025,Preventive,193.75,3,Center Alpha,Healthy
CAR-1219,Premium Sedan,2023,3,35439,Diesel,North,Battery,82,Healthy,No Failure,12/16/2024,Preventive,174.41,1,Center Alpha,Healthy
CAR-1114,Compact,2018,8,105708,Diesel,East,Brake,35,Critical,Brake Wear,2/11/2023,Corrective,360.39,17,Center Gamma,Needs Inspection
CAR-1188,Sedan,2023,3,51445,Petrol,West,Tyre,74,Warning,Tyre Damage,12/7/2024,Corrective,226.59,12,Center Delta,Healthy
CAR-1193,Hatchback,2021,5,58744,Petrol,North,Brake,56,Warning,Brake Wear,9/9/2025,Corrective,487.59,23,Center Delta,Healthy
CAR-1476,Crossover,2022,4,65043,Electric,East,Battery,40,Critical,Battery Failure,11/10/2023,Corrective,309.56,8,Center Alpha,Needs Inspection
CAR-1034,Crossover,2020,6,74676,Petrol,East,Battery,48,Warning,Battery Failure,8/12/2023,Corrective,246.07,7,Center Delta,Healthy
CAR-1279,Crossover,2020,6,56073,Petrol,West,Tyre,63,Warning,Tyre Damage,3/19/2023,Corrective,265.37,7,Center Beta,Healthy
CAR-1073,Premium Sedan,2021,5,70949,Electric,North,Cooling System,33,Critical,Overheating,4/27/2024,Emergency,608.12,58,Center Beta,Under Maintenance
CAR-1309,Crossover,2023,3,48949,Diesel,West,Headlight,74,Warning,Lighting Failure,7/19/2025,Preventive,109.19,3,Center Gamma,Healthy
CAR-1116,City,2021,5,65072,Electric,North,Brake,53,Warning,Brake Wear,7/4/2025,Preventive,257.04,1,Center Alpha,Healthy
CAR-1054,Compact,2024,2,36832,Hybrid,Central,Engine,91,Healthy,No Failure,8/8/2023,Preventive,898.01,3,Center Delta,Healthy
CAR-1370,Hatchback,2020,6,75058,Petrol,West,Cooling System,50,Warning,Overheating,2/8/2025,Preventive,309.96,2,Center Alpha,Healthy
CAR-1175,Compact,2023,3,53642,Hybrid,Central,Transmission,81,Healthy,No Failure,6/19/2024,Preventive,722.02,1,Center Beta,Healthy
CAR-1036,Crossover,2022,4,62276,Diesel,Central,Headlight,64,Warning,Lighting Failure,4/24/2023,Corrective,201.67,13,Center Beta,Healthy
CAR-1131,Hatchback,2021,5,78898,Diesel,Central,Engine,69,Warning,Overheating,3/2/2023,Preventive,880.26,2,Center Alpha,Healthy
CAR-1273,City,2019,7,103961,Diesel,North,Cooling System,59,Warning,Overheating,11/21/2024,Corrective,424.38,11,Center Gamma,Healthy
CAR-1065,Premium Sedan,2024,2,19570,Electric,North,Suspension,73,Warning,Suspension Failure,5/4/2023,Corrective,915.49,6,Center Delta,Healthy
CAR-1348,Sedan,2018,8,95723,Hybrid,North,Transmission,34,Critical,Transmission Fault,10/25/2025,Emergency,2100.1,21,Center Gamma,Needs Inspection
CAR-1283,Sedan,2018,8,123376,Hybrid,West,Engine,14,Critical,Mechanical Failure,5/15/2023,Emergency,2352.76,52,Center Beta,Under Maintenance
CAR-1205,Compact,2019,7,80149,Diesel,North,Cooling System,71,Warning,Overheating,9/6/2025,Corrective,495.67,20,Center Epsilon,Healthy
CAR-1395,Compact,2021,5,56656,Diesel,South,Tyre,57,Warning,Tyre Damage,6/9/2023,Preventive,157.94,1,Center Alpha,Healthy
CAR-1094,Premium Sedan,2024,2,22377,Electric,Central,Headlight,74,Warning,Lighting Failure,1/24/2024,Corrective,195.36,19,Center Beta,Healthy
CAR-1212,Hatchback,2024,2,22520,Petrol,South,Engine,74,Warning,Mechanical Failure,1/19/2025,Preventive,909.95,2,Center Beta,Healthy
CAR-1246,Crossover,2019,7,59607,Petrol,Central,Suspension,71,Warning,Suspension Failure,4/15/2023,Preventive,470.18,3,Center Delta,Healthy
CAR-1487,Premium Sedan,2024,2,30873,Hybrid,South,Tyre,92,Healthy,No Failure,11/20/2024,Preventive,134.14,3,Center Epsilon,Healthy
CAR-1388,City,2022,4,48330,Diesel,East,Headlight,100,Healthy,No Failure,9/4/2025,Preventive,111.21,1,Center Gamma,Healthy
CAR-1379,Sedan,2023,3,61393,Hybrid,North,Headlight,67,Warning,Lighting Failure,6/19/2024,Corrective,186.78,7,Center Delta,Healthy
CAR-1284,City,2018,8,94549,Diesel,South,Transmission,35,Critical,Transmission Fault,12/11/2025,Emergency,2090.34,68,Center Alpha,Under Maintenance
CAR-1255,Sedan,2023,3,61734,Diesel,Central,Brake,70,Warning,Brake Wear,5/20/2025,Preventive,247.46,1,Center Delta,Healthy
CAR-1021,City,2024,2,20664,Diesel,Central,Brake,81,Healthy,No Failure,8/14/2025,Preventive,277.89,1,Center Delta,Healthy
CAR-1496,Compact,2021,5,82228,Petrol,Central,Tyre,49,Warning,Tyre Damage,1/18/2025,Corrective,234.29,19,Center Epsilon,Healthy
CAR-1133,Sedan,2022,4,31167,Hybrid,West,Tyre,84,Healthy,No Failure,1/23/2024,Preventive,177.82,1,Center Gamma,Healthy
CAR-1463,City,2023,3,41496,Hybrid,Central,Headlight,59,Warning,Lighting Failure,4/2/2023,Corrective,188.12,18,Center Beta,Healthy
CAR-1327,Crossover,2020,6,71384,Petrol,South,Tyre,49,Warning,Tyre Damage,4/7/2025,Corrective,211.09,17,Center Alpha,Healthy
CAR-1389,City,2023,3,46254,Petrol,South,Suspension,76,Healthy,No Failure,8/12/2025,Preventive,566.96,2,Center Alpha,Healthy
CAR-1348,Sedan,2018,8,114525,Hybrid,North,Brake,12,Critical,Brake Wear,3/23/2025,Emergency,720.5,20,Center Beta,Needs Inspection
CAR-1423,Crossover,2019,7,88079,Hybrid,North,Engine,10,Critical,Overheating,7/14/2024,Corrective,1625.1,14,Center Gamma,Needs Inspection
CAR-1114,Compact,2018,8,116883,Diesel,East,Headlight,48,Warning,Lighting Failure,2/16/2023,Preventive,121.92,1,Center Gamma,Healthy
CAR-1413,Compact,2023,3,40354,Diesel,South,Engine,69,Warning,Mechanical Failure,11/3/2025,Corrective,1624.1,7,Center Alpha,Healthy
CAR-1395,Compact,2021,5,49860,Diesel,South,Engine,65,Warning,Mechanical Failure,8/4/2023,Preventive,826.5,2,Center Alpha,Healthy
CAR-1015,Premium Sedan,2020,6,65196,Petrol,West,Transmission,40,Critical,Transmission Fault,1/20/2024,Emergency,2700.35,38,Center Delta,Under Maintenance
CAR-1207,Premium Sedan,2023,3,47929,Diesel,Central,Tyre,74,Warning,Tyre Damage,5/31/2024,Corrective,275.75,6,Center Gamma,Healthy
CAR-1149,Crossover,2024,2,31770,Diesel,West,Brake,88,Healthy,No Failure,2/23/2024,Preventive,252.61,2,Center Gamma,Healthy
CAR-1467,Compact,2022,4,44413,Diesel,North,Suspension,76,Healthy,No Failure,3/11/2024,Preventive,381.93,2,Center Beta,Healthy
CAR-1021,City,2024,2,34027,Diesel,Central,Headlight,100,Healthy,No Failure,2/12/2025,Preventive,119.9,3,Center Beta,Healthy
CAR-1479,Premium Sedan,2019,7,114878,Petrol,South,Battery,31,Critical,Battery Failure,9/12/2024,Emergency,367.5,40,Center Gamma,Under Maintenance
CAR-1472,Hatchback,2019,7,67634,Petrol,East,Battery,61,Warning,Battery Failure,1/18/2025,Corrective,363.98,16,Center Delta,Healthy
CAR-1159,Premium Sedan,2021,5,59276,Electric,East,Battery,77,Healthy,No Failure,8/17/2024,Preventive,198.56,3,Center Gamma,Healthy
CAR-1041,Sedan,2019,7,84411,Petrol,South,Transmission,62,Warning,Transmission Fault,11/22/2023,Preventive,985.67,3,Center Epsilon,Healthy
CAR-1106,Sedan,2023,3,49642,Electric,East,Battery,83,Healthy,No Failure,2/2/2024,Preventive,186.44,2,Center Gamma,Healthy
CAR-1301,City,2019,7,71705,Petrol,West,Tyre,23,Critical,Tyre Damage,10/19/2023,Emergency,406.14,44,Center Delta,Under Maintenance
CAR-1363,City,2024,2,25053,Electric,East,Tyre,59,Warning,Tyre Damage,6/6/2024,Preventive,182.7,3,Center Epsilon,Healthy
CAR-1460,City,2021,5,93692,Hybrid,Central,Tyre,54,Warning,Tyre Damage,4/25/2023,Corrective,205.31,16,Center Alpha,Healthy
CAR-1256,Sedan,2023,3,41170,Diesel,East,Battery,50,Warning,Battery Failure,7/31/2023,Preventive,204.76,1,Center Alpha,Healthy
CAR-1435,Premium Sedan,2020,6,46567,Petrol,North,Battery,79,Healthy,No Failure,6/29/2025,Preventive,144.13,1,Center Delta,Healthy
CAR-1417,Compact,2018,8,72257,Electric,North,Brake,54,Warning,Brake Wear,9/26/2025,Corrective,344.67,13,Center Epsilon,Healthy
CAR-1203,Crossover,2022,4,33533,Hybrid,South,Tyre,56,Warning,Tyre Damage,9/26/2024,Preventive,129.18,2,Center Gamma,Healthy
CAR-1435,Premium Sedan,2020,6,61331,Petrol,North,Tyre,29,Critical,Tyre Damage,11/16/2024,Emergency,308.96,20,Center Beta,Needs Inspection
CAR-1251,Sedan,2024,2,23208,Electric,East,Suspension,94,Healthy,No Failure,8/16/2024,Preventive,567.35,2,Center Delta,Healthy
CAR-1212,Hatchback,2024,2,27993,Petrol,South,Battery,98,Healthy,No Failure,8/13/2023,Preventive,149.53,1,Center Beta,Healthy
CAR-1312,City,2024,2,40776,Diesel,South,Battery,73,Warning,Battery Failure,7/26/2025,Corrective,285.57,7,Center Epsilon,Healthy
CAR-1162,Hatchback,2023,3,33228,Hybrid,Central,Engine,50,Warning,Mechanical Failure,11/20/2025,Preventive,642.4,1,Center Beta,Healthy
CAR-1027,City,2021,5,60684,Diesel,Central,Headlight,81,Healthy,No Failure,6/5/2023,Preventive,117.97,2,Center Beta,Healthy
CAR-1439,Crossover,2018,8,69729,Petrol,Central,Tyre,64,Warning,Tyre Damage,9/22/2023,Corrective,272.6,16,Center Gamma,Healthy
CAR-1257,Premium Sedan,2020,6,73626,Petrol,West,Headlight,31,Critical,Lighting Failure,11/14/2025,Corrective,195.83,21,Center Delta,Needs Inspection
CAR-1145,City,2024,2,16974,Electric,North,Suspension,76,Healthy,No Failure,1/4/2023,Preventive,364.76,1,Center Beta,Healthy
CAR-1246,Crossover,2019,7,118185,Petrol,Central,Headlight,16,Critical,Lighting Failure,11/23/2025,Corrective,193.7,8,Center Delta,Needs Inspection
CAR-1005,Compact,2019,7,69516,Petrol,East,Tyre,29,Critical,Tyre Damage,8/4/2023,Emergency,415.35,56,Center Gamma,Under Maintenance
CAR-1282,Hatchback,2018,8,130724,Electric,West,Engine,27,Critical,Mechanical Failure,2/13/2023,Emergency,1652.82,19,Center Delta,Needs Inspection
CAR-1061,Hatchback,2023,3,47124,Electric,South,Engine,76,Healthy,No Failure,5/3/2024,Preventive,679.08,1,Center Delta,Healthy
CAR-1214,City,2024,2,21263,Petrol,South,Battery,83,Healthy,No Failure,12/4/2024,Preventive,187.06,1,Center Epsilon,Healthy
CAR-1305,Compact,2022,4,67523,Diesel,Central,Tyre,72,Warning,Tyre Damage,2/6/2025,Corrective,248.97,12,Center Epsilon,Healthy
CAR-1099,Hatchback,2018,8,80950,Petrol,West,Brake,48,Warning,Brake Wear,12/16/2024,Corrective,468.14,13,Center Epsilon,Healthy
CAR-1030,Sedan,2021,5,43128,Diesel,East,Headlight,62,Warning,Lighting Failure,10/10/2023,Corrective,179.36,15,Center Delta,Healthy
CAR-1156,Sedan,2018,8,65979,Petrol,East,Cooling System,40,Critical,Overheating,9/27/2024,Emergency,770,60,Center Gamma,Under Maintenance
CAR-1044,Hatchback,2022,4,56226,Diesel,West,Tyre,71,Warning,Tyre Damage,2/9/2023,Preventive,166.58,2,Center Beta,Healthy
CAR-1396,Sedan,2019,7,77112,Petrol,West,Engine,17,Critical,Mechanical Failure,4/18/2025,Emergency,2092.51,46,Center Gamma,Under Maintenance
CAR-1477,Hatchback,2020,6,86533,Electric,Central,Battery,43,Critical,Battery Failure,8/19/2023,Emergency,394.19,43,Center Beta,Under Maintenance
CAR-1039,Premium Sedan,2018,8,111954,Petrol,North,Headlight,47,Warning,Lighting Failure,4/8/2025,Corrective,157.88,8,Center Alpha,Healthy
CAR-1482,Hatchback,2018,8,95584,Diesel,Central,Tyre,23,Critical,Tyre Damage,1/13/2023,Emergency,400.57,50,Center Gamma,Under Maintenance
CAR-1053,City,2020,6,95094,Hybrid,East,Cooling System,35,Critical,Overheating,7/23/2023,Emergency,746.89,47,Center Epsilon,Under Maintenance
CAR-1301,City,2019,7,128834,Petrol,West,Suspension,41,Critical,Suspension Failure,3/3/2023,Emergency,1141.29,21,Center Delta,Needs Inspection
CAR-1062,Sedan,2019,7,86611,Electric,Central,Battery,41,Critical,Battery Failure,6/17/2025,Corrective,246.33,15,Center Alpha,Needs Inspection
CAR-1466,City,2018,8,123548,Petrol,North,Suspension,10,Critical,Suspension Failure,10/7/2023,Emergency,1156.91,36,Center Delta,Under Maintenance
CAR-1162,Hatchback,2023,3,37969,Hybrid,Central,Brake,48,Warning,Brake Wear,1/7/2025,Corrective,483.28,6,Center Delta,Healthy
CAR-1186,Hatchback,2021,5,58175,Petrol,North,Engine,71,Warning,Mechanical Failure,2/1/2024,Corrective,1062.26,21,Center Gamma,Healthy
CAR-1041,Sedan,2019,7,87681,Petrol,South,Brake,44,Critical,Brake Wear,1/13/2025,Emergency,638.7,62,Center Gamma,Under Maintenance
CAR-1463,City,2023,3,35938,Hybrid,Central,Suspension,72,Warning,Suspension Failure,7/23/2025,Corrective,833.57,20,Center Alpha,Healthy
CAR-1408,Crossover,2018,8,86205,Diesel,South,Suspension,18,Critical,Suspension Failure,4/18/2024,Emergency,1291.23,31,Center Alpha,Under Maintenance
CAR-1052,Compact,2019,7,117215,Diesel,South,Battery,41,Critical,Battery Failure,7/19/2025,Corrective,278.94,22,Center Epsilon,Needs Inspection
CAR-1297,Premium Sedan,2022,4,53658,Petrol,East,Tyre,66,Warning,Tyre Damage,9/6/2025,Corrective,220.66,18,Center Epsilon,Healthy
CAR-1217,Compact,2022,4,64843,Petrol,South,Battery,81,Healthy,No Failure,4/15/2025,Preventive,164.22,3,Center Delta,Healthy
CAR-1310,Sedan,2018,8,117224,Petrol,South,Transmission,20,Critical,Transmission Fault,4/2/2024,Corrective,1372.04,18,Center Delta,Needs Inspection
CAR-1345,Hatchback,2019,7,120001,Diesel,West,Battery,60,Warning,Battery Failure,5/13/2024,Preventive,201.37,2,Center Beta,Healthy
CAR-1115,Compact,2020,6,86575,Diesel,Central,Battery,46,Warning,Battery Failure,12/14/2024,Corrective,308.74,6,Center Beta,Healthy
CAR-1421,Compact,2019,7,108006,Diesel,West,Battery,51,Warning,Battery Failure,12/3/2025,Corrective,307.01,23,Center Beta,Healthy
CAR-1145,City,2024,2,28444,Electric,North,Headlight,51,Warning,Lighting Failure,7/5/2023,Preventive,92.46,2,Center Alpha,Healthy
CAR-1488,Hatchback,2022,4,40991,Diesel,Central,Tyre,39,Critical,Tyre Damage,6/21/2024,Emergency,422.46,70,Center Gamma,Under Maintenance
CAR-1345,Hatchback,2019,7,127746,Diesel,West,Engine,25,Critical,Wear,4/1/2024,Emergency,2556.1,30,Center Gamma,Under Maintenance
CAR-1213,City,2018,8,93396,Petrol,South,Transmission,45,Warning,Transmission Fault,10/20/2024,Preventive,958.74,2,Center Gamma,Healthy
CAR-1462,Hatchback,2022,4,44659,Diesel,West,Engine,59,Warning,Mechanical Failure,6/13/2023,Corrective,1213.44,11,Center Beta,Healthy
CAR-1014,Compact,2019,7,119446,Petrol,Central,Cooling System,10,Critical,Overheating,11/28/2024,Emergency,612.11,66,Center Alpha,Under Maintenance
CAR-1332,Hatchback,2023,3,39775,Diesel,West,Headlight,64,Warning,Lighting Failure,1/9/2025,Corrective,151.31,13,Center Epsilon,Healthy
CAR-1198,Sedan,2019,7,115697,Electric,North,Cooling System,13,Critical,Overheating,8/19/2024,Emergency,741.42,56,Center Gamma,Under Maintenance
CAR-1476,Crossover,2022,4,44196,Electric,East,Headlight,67,Warning,Lighting Failure,5/11/2023,Corrective,161.61,22,Center Beta,Healthy
CAR-1104,City,2021,5,58076,Electric,North,Battery,44,Critical,Battery Failure,11/11/2024,Emergency,451.06,20,Center Epsilon,Needs Inspection
CAR-1268,Crossover,2021,5,83978,Diesel,East,Battery,44,Critical,Battery Failure,7/12/2025,Emergency,481.31,27,Center Delta,Under Maintenance
CAR-1402,City,2024,2,20326,Electric,West,Transmission,90,Healthy,No Failure,12/11/2023,Preventive,1126.53,1,Center Delta,Healthy
CAR-1175,Compact,2023,3,49621,Hybrid,Central,Engine,79,Healthy,No Failure,2/3/2024,Preventive,776.2,1,Center Delta,Healthy
CAR-1323,Premium Sedan,2022,4,63454,Petrol,East,Cooling System,59,Warning,Overheating,1/15/2024,Preventive,248.64,3,Center Delta,Healthy
CAR-1420,Crossover,2021,5,87323,Electric,North,Headlight,65,Warning,Lighting Failure,6/28/2024,Corrective,174.77,12,Center Epsilon,Healthy
CAR-1410,Sedan,2018,8,127907,Diesel,South,Brake,18,Critical,Brake Wear,5/11/2024,Emergency,787.48,69,Center Alpha,Under Maintenance
CAR-1282,Hatchback,2018,8,125799,Electric,West,Transmission,27,Critical,Transmission Fault,1/5/2025,Corrective,1231.04,19,Center Delta,Needs Inspection
CAR-1353,Crossover,2018,8,127976,Petrol,East,Suspension,37,Critical,Suspension Failure,2/13/2024,Corrective,649.15,14,Center Beta,Needs Inspection
CAR-1167,Premium Sedan,2018,8,110961,Diesel,North,Engine,42,Critical,Mechanical Failure,2/21/2024,Emergency,1823.68,41,Center Alpha,Under Maintenance
CAR-1213,City,2018,8,103309,Petrol,South,Headlight,15,Critical,Lighting Failure,4/26/2024,Emergency,274.03,19,Center Alpha,Needs Inspection
CAR-1207,Premium Sedan,2023,3,45449,Diesel,Central,Battery,73,Warning,Battery Failure,8/28/2025,Corrective,283.93,22,Center Alpha,Healthy
CAR-1285,City,2022,4,51740,Petrol,North,Transmission,84,Healthy,No Failure,3/16/2025,Preventive,1070.66,2,Center Gamma,Healthy
CAR-1413,Compact,2023,3,50100,Diesel,South,Headlight,65,Warning,Lighting Failure,4/11/2025,Preventive,90,2,Center Delta,Healthy
CAR-1475,Hatchback,2019,7,101146,Hybrid,North,Headlight,30,Critical,Lighting Failure,4/11/2023,Emergency,300.98,56,Center Alpha,Under Maintenance
CAR-1350,City,2023,3,57146,Diesel,West,Transmission,54,Warning,Transmission Fault,1/18/2024,Preventive,962.39,2,Center Beta,Healthy
CAR-1126,Crossover,2022,4,42343,Petrol,North,Cooling System,73,Warning,Overheating,9/24/2025,Preventive,305.9,3,Center Epsilon,Healthy
CAR-1288,Sedan,2021,5,53216,Petrol,West,Cooling System,63,Warning,Overheating,7/18/2025,Corrective,405.49,21,Center Gamma,Healthy
CAR-1379,Sedan,2023,3,56116,Hybrid,North,Cooling System,65,Warning,Overheating,9/23/2025,Preventive,357,2,Center Epsilon,Healthy
CAR-1410,Sedan,2018,8,108700,Diesel,South,Engine,34,Critical,Mechanical Failure,7/21/2024,Emergency,1716.53,51,Center Gamma,Under Maintenance
CAR-1486,Crossover,2020,6,88828,Hybrid,Central,Engine,57,Warning,Overheating,8/18/2024,Corrective,1617.06,13,Center Gamma,Healthy
CAR-1241,Sedan,2021,5,47547,Diesel,South,Headlight,41,Critical,Lighting Failure,1/9/2024,Corrective,179.51,20,Center Delta,Needs Inspection
CAR-1486,Crossover,2020,6,66683,Hybrid,Central,Engine,56,Warning,Overheating,8/24/2023,Preventive,794.84,3,Center Epsilon,Healthy
CAR-1392,Crossover,2020,6,79342,Diesel,Central,Engine,40,Critical,Mechanical Failure,12/31/2024,Emergency,1817.14,57,Center Gamma,Under Maintenance
CAR-1336,Sedan,2024,2,16133,Hybrid,South,Transmission,79,Healthy,No Failure,9/4/2025,Preventive,986.66,2,Center Delta,Healthy
CAR-1337,Compact,2022,4,40704,Petrol,East,Engine,66,Warning,Mechanical Failure,7/8/2023,Preventive,944.91,1,Center Delta,Healthy
CAR-1290,Crossover,2022,4,56339,Petrol,Central,Suspension,34,Critical,Suspension Failure,4/25/2023,Corrective,909.23,11,Center Alpha,Needs Inspection
CAR-1464,Compact,2022,4,48451,Hybrid,North,Battery,62,Warning,Battery Failure,5/27/2023,Preventive,206.43,2,Center Beta,Healthy
CAR-1126,Crossover,2022,4,61710,Petrol,North,Engine,75,Healthy,No Failure,12/8/2025,Preventive,831.22,3,Center Gamma,Healthy
CAR-1092,Compact,2021,5,76891,Petrol,South,Cooling System,52,Warning,Overheating,1/13/2024,Corrective,552.81,18,Center Alpha,Healthy
CAR-1170,Premium Sedan,2019,7,103598,Petrol,West,Battery,35,Critical,Battery Failure,1/6/2024,Emergency,506.53,21,Center Beta,Needs Inspection
CAR-1353,Crossover,2018,8,130499,Petrol,East,Suspension,10,Critical,Suspension Failure,5/28/2023,Emergency,1243.34,62,Center Epsilon,Under Maintenance
CAR-1479,Premium Sedan,2019,7,92515,Petrol,South,Battery,25,Critical,Battery Failure,5/18/2023,Corrective,336.84,9,Center Beta,Needs Inspection
CAR-1281,Hatchback,2024,2,34455,Diesel,West,Tyre,57,Warning,Tyre Damage,1/8/2023,Corrective,278.48,11,Center Alpha,Healthy
CAR-1226,Compact,2023,3,39489,Petrol,North,Engine,78,Healthy,No Failure,10/10/2025,Preventive,979.15,3,Center Delta,Healthy
CAR-1162,Hatchback,2023,3,43968,Hybrid,Central,Battery,92,Healthy,No Failure,6/27/2024,Preventive,212.8,3,Center Gamma,Healthy
CAR-1007,Sedan,2023,3,35577,Petrol,West,Headlight,61,Warning,Lighting Failure,7/8/2024,Corrective,131.46,10,Center Beta,Healthy
CAR-1012,Crossover,2024,2,20060,Hybrid,Central,Headlight,76,Healthy,No Failure,11/12/2025,Preventive,91.2,2,Center Delta,Healthy
CAR-1442,Crossover,2024,2,37537,Diesel,West,Tyre,86,Healthy,No Failure,5/31/2025,Preventive,159.33,3,Center Epsilon,Healthy
CAR-1373,Sedan,2021,5,53868,Electric,North,Suspension,100,Healthy,No Failure,12/1/2024,Preventive,505.36,2,Center Delta,Healthy
CAR-1370,Hatchback,2020,6,58651,Petrol,West,Tyre,61,Warning,Tyre Damage,8/19/2025,Corrective,238.81,17,Center Epsilon,Healthy
CAR-1248,Sedan,2018,8,114849,Petrol,Central,Transmission,24,Critical,Transmission Fault,10/20/2023,Emergency,2133.35,54,Center Epsilon,Under Maintenance
CAR-1409,Premium Sedan,2023,3,31958,Petrol,North,Brake,80,Healthy,No Failure,6/15/2023,Preventive,258.72,2,Center Epsilon,Healthy
CAR-1429,Sedan,2023,3,28749,Petrol,West,Headlight,69,Warning,Lighting Failure,9/11/2024,Corrective,151.19,15,Center Alpha,Healthy
CAR-1315,Premium Sedan,2022,4,44372,Diesel,Central,Headlight,43,Critical,Lighting Failure,11/11/2024,Emergency,305.61,27,Center Beta,Under Maintenance
CAR-1292,Premium Sedan,2020,6,103336,Petrol,West,Transmission,53,Warning,Transmission Fault,8/16/2025,Corrective,1726.36,9,Center Beta,Healthy
CAR-1184,City,2018,8,136896,Electric,East,Tyre,18,Critical,Tyre Damage,6/4/2025,Emergency,453.11,63,Center Delta,Under Maintenance
CAR-1400,Premium Sedan,2019,7,62685,Petrol,South,Headlight,49,Warning,Lighting Failure,9/29/2024,Corrective,144.65,10,Center Alpha,Healthy
CAR-1055,Hatchback,2018,8,141098,Diesel,South,Brake,30,Critical,Brake Wear,12/14/2024,Emergency,755.97,55,Center Gamma,Under Maintenance
CAR-1128,Sedan,2020,6,97732,Diesel,West,Brake,55,Warning,Brake Wear,7/16/2023,Corrective,340.3,19,Center Gamma,Healthy
CAR-1268,Crossover,2021,5,60672,Diesel,East,Cooling System,53,Warning,Overheating,4/23/2024,Preventive,363.77,1,Center Delta,Healthy
CAR-1153,Hatchback,2019,7,99034,Diesel,North,Engine,47,Warning,Overheating,10/15/2025,Preventive,888.22,2,Center Epsilon,Healthy
CAR-1303,City,2019,7,115827,Diesel,Central,Transmission,44,Critical,Transmission Fault,1/3/2025,Emergency,2018.85,22,Center Beta,Needs Inspection
CAR-1069,Crossover,2019,7,84380,Petrol,Central,Tyre,30,Critical,Tyre Damage,10/28/2025,Emergency,425.91,29,Center Gamma,Under Maintenance
CAR-1272,Compact,2021,5,48181,Petrol,West,Brake,24,Critical,Brake Wear,11/9/2023,Emergency,635.73,47,Center Epsilon,Under Maintenance
CAR-1154,Premium Sedan,2024,2,26121,Diesel,Central,Transmission,64,Warning,Transmission Fault,2/13/2023,Preventive,1153.58,2,Center Epsilon,Healthy
CAR-1412,Compact,2021,5,81852,Hybrid,South,Engine,47,Warning,Wear,3/13/2023,Preventive,742.59,1,Center Epsilon,Healthy
CAR-1294,City,2023,3,48427,Petrol,South,Tyre,92,Healthy,No Failure,2/2/2024,Preventive,193.02,1,Center Alpha,Healthy
CAR-1410,Sedan,2018,8,112290,Diesel,South,Battery,48,Warning,Battery Failure,3/23/2025,Corrective,316.73,18,Center Delta,Healthy
CAR-1296,Crossover,2020,6,78053,Electric,South,Brake,56,Warning,Brake Wear,7/27/2025,Corrective,358.71,17,Center Alpha,Healthy
CAR-1437,Hatchback,2020,6,80180,Diesel,North,Brake,23,Critical,Brake Wear,5/31/2024,Emergency,578.19,19,Center Alpha,Needs Inspection
CAR-1014,Compact,2019,7,114978,Petrol,Central,Brake,51,Warning,Brake Wear,10/23/2023,Corrective,320.86,23,Center Epsilon,Healthy
CAR-1195,Sedan,2024,2,19104,Petrol,North,Engine,100,Healthy,No Failure,7/17/2024,Preventive,896.76,2,Center Beta,Healthy
CAR-1232,Sedan,2022,4,41340,Diesel,East,Tyre,66,Warning,Tyre Damage,12/4/2023,Preventive,176.36,1,Center Delta,Healthy
CAR-1305,Compact,2022,4,68049,Diesel,Central,Battery,75,Healthy,No Failure,5/21/2025,Preventive,186.88,1,Center Beta,Healthy
CAR-1029,Sedan,2020,6,63993,Electric,North,Tyre,42,Critical,Tyre Damage,6/9/2023,Corrective,263.57,21,Center Delta,Needs Inspection
CAR-1054,Compact,2024,2,26379,Hybrid,Central,Transmission,100,Healthy,No Failure,11/10/2024,Preventive,790.75,2,Center Alpha,Healthy
CAR-1004,Hatchback,2024,2,21885,Electric,East,Brake,89,Healthy,No Failure,2/8/2024,Preventive,226.83,2,Center Delta,Healthy
CAR-1255,Sedan,2023,3,42450,Diesel,Central,Tyre,68,Warning,Tyre Damage,2/19/2025,Corrective,227.18,8,Center Alpha,Healthy
CAR-1186,Hatchback,2021,5,82763,Petrol,North,Brake,68,Warning,Brake Wear,6/26/2023,Preventive,230.78,2,Center Gamma,Healthy
CAR-1433,Hatchback,2023,3,45092,Petrol,North,Tyre,73,Warning,Tyre Damage,4/6/2023,Corrective,302.81,11,Center Alpha,Healthy
CAR-1264,Premium Sedan,2021,5,52882,Diesel,East,Suspension,71,Warning,Suspension Failure,6/2/2025,Corrective,783.04,21,Center Gamma,Healthy
CAR-1316,City,2019,7,99387,Electric,North,Cooling System,43,Critical,Overheating,12/14/2023,Emergency,608.75,21,Center Gamma,Needs Inspection
CAR-1097,Hatchback,2018,8,101670,Hybrid,East,Engine,28,Critical,Overheating,10/9/2023,Corrective,1294.45,17,Center Beta,Needs Inspection
CAR-1231,Premium Sedan,2022,4,68447,Petrol,West,Tyre,68,Warning,Tyre Damage,11/19/2025,Preventive,122.75,3,Center Delta,Healthy
CAR-1166,Crossover,2019,7,96919,Petrol,West,Battery,11,Critical,Battery Failure,9/23/2023,Emergency,462.68,57,Center Delta,Under Maintenance
CAR-1258,Premium Sedan,2024,2,15679,Petrol,South,Cooling System,100,Healthy,No Failure,3/13/2024,Preventive,363.03,3,Center Delta,Healthy
CAR-1100,Hatchback,2023,3,45540,Hybrid,Central,Suspension,56,Warning,Suspension Failure,3/10/2024,Corrective,732.29,12,Center Gamma,Healthy
CAR-1091,Hatchback,2022,4,73895,Electric,East,Battery,49,Warning,Battery Failure,9/6/2025,Corrective,327.44,14,Center Delta,Healthy
CAR-1387,Compact,2022,4,45466,Diesel,East,Battery,85,Healthy,No Failure,6/1/2023,Preventive,169.23,3,Center Beta,Healthy
CAR-1037,Sedan,2021,5,62894,Petrol,East,Brake,64,Warning,Brake Wear,1/9/2024,Preventive,287.16,1,Center Gamma,Healthy
CAR-1015,Premium Sedan,2020,6,109115,Petrol,West,Suspension,46,Warning,Suspension Failure,9/4/2025,Preventive,362.14,1,Center Beta,Healthy
CAR-1130,Sedan,2018,8,122264,Electric,Central,Headlight,29,Critical,Lighting Failure,4/2/2025,Corrective,156.72,15,Center Delta,Needs Inspection
CAR-1432,City,2022,4,36963,Petrol,North,Cooling System,77,Healthy,No Failure,9/30/2023,Preventive,363.81,1,Center Beta,Healthy
CAR-1167,Premium Sedan,2018,8,101561,Diesel,North,Suspension,12,Critical,Suspension Failure,3/9/2023,Emergency,1281.29,27,Center Delta,Under Maintenance
CAR-1270,Sedan,2019,7,110587,Hybrid,Central,Engine,33,Critical,Overheating,11/1/2023,Emergency,2018.95,43,Center Alpha,Under Maintenance
CAR-1107,Sedan,2022,4,44853,Electric,South,Suspension,71,Warning,Suspension Failure,2/1/2024,Preventive,467.77,2,Center Delta,Healthy
CAR-1494,Hatchback,2020,6,51511,Diesel,East,Battery,57,Warning,Battery Failure,9/1/2023,Corrective,325.18,18,Center Alpha,Healthy
CAR-1260,City,2020,6,65186,Diesel,East,Tyre,35,Critical,Tyre Damage,3/23/2023,Emergency,315.88,51,Center Beta,Under Maintenance
CAR-1043,Sedan,2021,5,59208,Petrol,East,Headlight,56,Warning,Lighting Failure,11/29/2023,Corrective,186.2,21,Center Gamma,Healthy
CAR-1046,Compact,2021,5,68064,Petrol,East,Headlight,15,Critical,Lighting Failure,10/3/2024,Corrective,188.43,8,Center Gamma,Needs Inspection
CAR-1408,Crossover,2018,8,140141,Diesel,South,Battery,48,Warning,Battery Failure,6/20/2025,Corrective,320.5,13,Center Delta,Healthy
CAR-1464,Compact,2022,4,45195,Hybrid,North,Brake,70,Warning,Brake Wear,1/29/2024,Corrective,428.56,20,Center Epsilon,Healthy
CAR-1147,Hatchback,2022,4,64942,Diesel,West,Suspension,68,Warning,Suspension Failure,2/26/2023,Corrective,580.99,14,Center Epsilon,Healthy
CAR-1304,Hatchback,2020,6,72450,Electric,South,Transmission,36,Critical,Transmission Fault,5/3/2024,Emergency,2425.13,46,Center Alpha,Under Maintenance
CAR-1333,Sedan,2021,5,67157,Electric,West,Tyre,64,Warning,Tyre Damage,3/27/2024,Corrective,276,23,Center Beta,Healthy
CAR-1223,City,2018,8,108974,Hybrid,East,Cooling System,21,Critical,Overheating,1/30/2024,Corrective,472.08,16,Center Alpha,Needs Inspection
CAR-1290,Crossover,2022,4,48478,Petrol,Central,Engine,63,Warning,Overheating,4/9/2024,Corrective,1338.94,7,Center Gamma,Healthy
CAR-1086,City,2019,7,112508,Petrol,West,Transmission,35,Critical,Transmission Fault,11/14/2025,Corrective,1378.95,17,Center Delta,Needs Inspection
CAR-1049,Premium Sedan,2019,7,118576,Electric,North,Brake,24,Critical,Brake Wear,1/2/2023,Corrective,370.45,14,Center Epsilon,Needs Inspection
CAR-1105,Premium Sedan,2018,8,119454,Electric,East,Cooling System,28,Critical,Overheating,12/26/2024,Emergency,959.08,27,Center Alpha,Under Maintenance
CAR-1127,Sedan,2022,4,33869,Diesel,West,Brake,73,Warning,Brake Wear,8/17/2024,Corrective,350.52,14,Center Epsilon,Healthy
CAR-1283,Sedan,2018,8,104770,Hybrid,West,Tyre,17,Critical,Tyre Damage,3/18/2025,Emergency,354.55,30,Center Delta,Under Maintenance
CAR-1177,City,2022,4,62951,Petrol,South,Engine,65,Warning,Wear,3/17/2023,Preventive,998.7,3,Center Beta,Healthy
CAR-1286,Sedan,2021,5,52354,Electric,East,Tyre,59,Warning,Tyre Damage,6/20/2023,Corrective,285.69,10,Center Epsilon,Healthy
CAR-1329,Crossover,2018,8,97626,Diesel,Central,Engine,17,Critical,Wear,12/13/2024,Emergency,1897.42,21,Center Beta,Needs Inspection
CAR-1153,Hatchback,2019,7,108560,Diesel,North,Cooling System,29,Critical,Overheating,2/22/2025,Corrective,413.86,14,Center Beta,Needs Inspection
CAR-1013,Hatchback,2019,7,74030,Petrol,West,Tyre,77,Healthy,No Failure,7/2/2025,Preventive,125.01,3,Center Beta,Healthy
CAR-1275,Premium Sedan,2021,5,65483,Petrol,South,Battery,76,Healthy,No Failure,2/26/2024,Preventive,148.4,2,Center Epsilon,Healthy
CAR-1141,Compact,2019,7,110921,Petrol,West,Suspension,39,Critical,Suspension Failure,5/12/2024,Corrective,660.58,17,Center Beta,Needs Inspection
CAR-1065,Premium Sedan,2024,2,18535,Electric,North,Battery,98,Healthy,No Failure,5/2/2024,Preventive,167.46,2,Center Beta,Healthy
CAR-1093,City,2018,8,138120,Hybrid,South,Tyre,57,Warning,Tyre Damage,5/17/2025,Corrective,207.71,17,Center Epsilon,Healthy
CAR-1400,Premium Sedan,2019,7,62164,Petrol,South,Battery,23,Critical,Battery Failure,3/5/2025,Emergency,436.01,39,Center Gamma,Under Maintenance
CAR-1283,Sedan,2018,8,130034,Hybrid,West,Cooling System,13,Critical,Overheating,7/27/2024,Emergency,842.34,48,Center Alpha,Under Maintenance
CAR-1141,Compact,2019,7,132649,Petrol,West,Brake,39,Critical,Brake Wear,5/11/2024,Corrective,333.54,12,Center Gamma,Needs Inspection
CAR-1449,Crossover,2020,6,99071,Diesel,Central,Engine,49,Warning,Mechanical Failure,12/24/2025,Corrective,1494.79,20,Center Delta,Healthy
CAR-1454,Compact,2019,7,95548,Petrol,North,Tyre,57,Warning,Tyre Damage,2/13/2023,Preventive,183,3,Center Epsilon,Healthy
CAR-1336,Sedan,2024,2,31859,Hybrid,South,Battery,100,Healthy,No Failure,11/2/2023,Preventive,209.73,3,Center Delta,Healthy
CAR-1005,Compact,2019,7,95028,Petrol,East,Headlight,24,Critical,Lighting Failure,4/25/2023,Emergency,241.17,29,Center Delta,Under Maintenance
CAR-1079,Compact,2019,7,88939,Petrol,West,Tyre,45,Warning,Tyre Damage,6/25/2024,Corrective,217.02,16,Center Delta,Healthy
CAR-1062,Sedan,2019,7,61943,Electric,Central,Battery,79,Healthy,No Failure,2/29/2024,Preventive,198.21,2,Center Epsilon,Healthy
CAR-1375,City,2023,3,35508,Electric,Central,Brake,79,Healthy,No Failure,10/5/2024,Preventive,299.17,3,Center Beta,Healthy
CAR-1414,Crossover,2024,2,19496,Diesel,South,Brake,74,Warning,Brake Wear,7/31/2025,Corrective,439.41,23,Center Beta,Healthy
CAR-1310,Sedan,2018,8,133738,Petrol,South,Brake,10,Critical,Brake Wear,9/16/2023,Emergency,605.82,58,Center Beta,Under Maintenance
CAR-1343,Hatchback,2022,4,36268,Hybrid,North,Engine,81,Healthy,No Failure,11/5/2023,Preventive,893.12,3,Center Delta,Healthy
CAR-1280,Premium Sedan,2023,3,52578,Hybrid,West,Cooling System,90,Healthy,No Failure,11/10/2025,Preventive,303.11,3,Center Gamma,Healthy
CAR-1407,Crossover,2021,5,51448,Diesel,Central,Tyre,65,Warning,Tyre Damage,1/27/2024,Corrective,205.93,9,Center Alpha,Healthy
CAR-1135,Hatchback,2022,4,69167,Electric,North,Brake,68,Warning,Brake Wear,3/14/2023,Preventive,219.37,1,Center Epsilon,Healthy
CAR-1177,City,2022,4,78354,Petrol,South,Headlight,28,Critical,Lighting Failure,1/29/2025,Emergency,204.47,33,Center Gamma,Under Maintenance
CAR-1459,Crossover,2019,7,96462,Diesel,South,Engine,31,Critical,Overheating,3/16/2024,Corrective,1142.87,13,Center Delta,Needs Inspection
CAR-1340,City,2022,4,79965,Petrol,South,Brake,42,Critical,Brake Wear,7/19/2024,Emergency,653.28,57,Center Beta,Under Maintenance
CAR-1165,Hatchback,2022,4,47372,Diesel,East,Cooling System,47,Warning,Overheating,12/11/2025,Preventive,322.91,2,Center Delta,Healthy
CAR-1189,Crossover,2021,5,64987,Petrol,North,Engine,41,Critical,Overheating,8/28/2025,Emergency,2318.42,58,Center Gamma,Under Maintenance
CAR-1236,Hatchback,2023,3,40792,Diesel,South,Brake,77,Healthy,No Failure,7/23/2025,Preventive,290.99,3,Center Alpha,Healthy
CAR-1481,Sedan,2024,2,43136,Diesel,Central,Battery,82,Healthy,No Failure,6/27/2023,Preventive,194.43,2,Center Gamma,Healthy
CAR-1362,Hatchback,2021,5,92051,Diesel,West,Suspension,61,Warning,Suspension Failure,2/22/2023,Preventive,431.44,3,Center Delta,Healthy
CAR-1095,Premium Sedan,2022,4,79185,Diesel,West,Headlight,52,Warning,Lighting Failure,10/27/2024,Preventive,96.7,3,Center Delta,Healthy
CAR-1450,Sedan,2020,6,95621,Petrol,North,Engine,61,Warning,Mechanical Failure,2/19/2025,Corrective,1552.9,15,Center Alpha,Healthy
CAR-1389,City,2023,3,52927,Petrol,South,Suspension,58,Warning,Suspension Failure,12/1/2025,Preventive,493.32,2,Center Gamma,Healthy
CAR-1144,Sedan,2023,3,29921,Diesel,East,Headlight,66,Warning,Lighting Failure,5/22/2023,Corrective,198.7,16,Center Delta,Healthy
CAR-1439,Crossover,2018,8,117856,Petrol,Central,Engine,20,Critical,Mechanical Failure,3/26/2025,Corrective,1461,19,Center Epsilon,Needs Inspection
CAR-1091,Hatchback,2022,4,31428,Electric,East,Battery,90,Healthy,No Failure,3/14/2024,Preventive,217.24,3,Center Epsilon,Healthy
CAR-1475,Hatchback,2019,7,103414,Hybrid,North,Headlight,29,Critical,Lighting Failure,4/19/2023,Corrective,138.77,16,Center Alpha,Needs Inspection
CAR-1300,Crossover,2019,7,68159,Diesel,Central,Transmission,26,Critical,Transmission Fault,6/25/2023,Corrective,1481.52,17,Center Epsilon,Needs Inspection
CAR-1432,City,2022,4,69206,Petrol,North,Battery,63,Warning,Battery Failure,3/5/2025,Preventive,173.17,3,Center Gamma,Healthy
CAR-1030,Sedan,2021,5,91673,Diesel,East,Battery,33,Critical,Battery Failure,7/8/2024,Emergency,451.52,27,Center Epsilon,Under Maintenance
CAR-1167,Premium Sedan,2018,8,99537,Diesel,North,Engine,18,Critical,Mechanical Failure,7/18/2024,Emergency,2474.13,45,Center Delta,Under Maintenance
CAR-1301,City,2019,7,111512,Petrol,West,Tyre,49,Warning,Tyre Damage,9/29/2024,Corrective,211.29,21,Center Alpha,Healthy
CAR-1208,Crossover,2019,7,87766,Petrol,North,Headlight,25,Critical,Lighting Failure,6/2/2025,Emergency,297.22,64,Center Gamma,Under Maintenance
CAR-1401,Compact,2023,3,48927,Diesel,South,Headlight,69,Warning,Lighting Failure,5/28/2024,Preventive,101.64,1,Center Gamma,Healthy
CAR-1415,Sedan,2019,7,106149,Diesel,North,Tyre,11,Critical,Tyre Damage,2/13/2025,Corrective,299.92,7,Center Gamma,Needs Inspection
CAR-1341,Premium Sedan,2024,2,30972,Electric,West,Engine,81,Healthy,No Failure,12/14/2024,Preventive,809.58,3,Center Epsilon,Healthy
CAR-1063,Crossover,2020,6,86118,Diesel,East,Battery,20,Critical,Battery Failure,6/23/2025,Emergency,386.79,58,Center Gamma,Under Maintenance
CAR-1489,City,2018,8,151304,Diesel,West,Engine,32,Critical,Wear,6/27/2025,Emergency,2523.76,52,Center Beta,Under Maintenance
CAR-1026,Premium Sedan,2021,5,64073,Diesel,East,Engine,45,Warning,Wear,10/29/2025,Preventive,950.85,2,Center Alpha,Healthy
CAR-1379,Sedan,2023,3,54169,Hybrid,North,Headlight,44,Critical,Lighting Failure,3/19/2025,Corrective,175.81,21,Center Gamma,Needs Inspection
CAR-1277,Compact,2018,8,105349,Electric,West,Tyre,32,Critical,Tyre Damage,7/12/2024,Corrective,224.92,20,Center Beta,Needs Inspection
CAR-1316,City,2019,7,89446,Electric,North,Headlight,30,Critical,Lighting Failure,6/24/2023,Emergency,320.07,68,Center Epsilon,Under Maintenance
CAR-1449,Crossover,2020,6,62265,Diesel,Central,Suspension,36,Critical,Suspension Failure,9/12/2024,Emergency,1174.71,25,Center Delta,Under Maintenance
CAR-1441,Premium Sedan,2024,2,38967,Petrol,East,Engine,95,Healthy,No Failure,7/29/2025,Preventive,806.18,1,Center Delta,Healthy
CAR-1303,City,2019,7,101762,Diesel,Central,Cooling System,27,Critical,Overheating,6/30/2025,Emergency,716.33,34,Center Epsilon,Under Maintenance
CAR-1407,Crossover,2021,5,83146,Diesel,Central,Battery,41,Critical,Battery Failure,6/25/2025,Corrective,307.18,11,Center Alpha,Needs Inspection
CAR-1449,Crossover,2020,6,100461,Diesel,Central,Engine,54,Warning,Mechanical Failure,8/15/2024,Preventive,898.5,2,Center Gamma,Healthy
CAR-1097,Hatchback,2018,8,104327,Hybrid,East,Headlight,50,Warning,Lighting Failure,11/26/2025,Corrective,170.22,22,Center Epsilon,Healthy
CAR-1337,Compact,2022,4,68409,Petrol,East,Brake,56,Warning,Brake Wear,9/30/2023,Preventive,227.08,1,Center Gamma,Healthy
CAR-1265,City,2021,5,69292,Electric,West,Engine,40,Critical,Mechanical Failure,11/3/2024,Emergency,2275.89,63,Center Gamma,Under Maintenance
CAR-1108,City,2020,6,87446,Petrol,South,Brake,23,Critical,Brake Wear,9/30/2023,Emergency,772.74,63,Center Beta,Under Maintenance
CAR-1169,Premium Sedan,2020,6,77085,Petrol,West,Cooling System,45,Warning,Overheating,9/19/2023,Corrective,591.69,17,Center Gamma,Healthy
CAR-1011,Sedan,2021,5,57660,Petrol,South,Tyre,68,Warning,Tyre Damage,8/12/2023,Corrective,259.1,19,Center Alpha,Healthy
CAR-1002,Sedan,2023,3,47878,Electric,North,Cooling System,82,Healthy,No Failure,3/13/2024,Preventive,320.46,2,Center Delta,Healthy
CAR-1123,Hatchback,2020,6,89956,Petrol,East,Brake,50,Warning,Brake Wear,10/5/2023,Corrective,337.89,17,Center Epsilon,Healthy
CAR-1172,Crossover,2022,4,66883,Electric,North,Engine,31,Critical,Overheating,1/30/2024,Emergency,2401.96,36,Center Epsilon,Under Maintenance
CAR-1185,Premium Sedan,2022,4,57641,Hybrid,Central,Transmission,78,Healthy,No Failure,11/3/2025,Preventive,1039.17,2,Center Alpha,Healthy
CAR-1399,Hatchback,2019,7,76877,Petrol,West,Headlight,51,Warning,Lighting Failure,2/25/2023,Preventive,80.46,1,Center Epsilon,Healthy
CAR-1068,Compact,2022,4,35348,Electric,West,Transmission,79,Healthy,No Failure,8/31/2023,Preventive,1152.69,1,Center Delta,Healthy
CAR-1441,Premium Sedan,2024,2,24446,Petrol,East,Battery,77,Healthy,No Failure,4/5/2023,Preventive,154.06,2,Center Epsilon,Healthy
CAR-1394,Compact,2023,3,52263,Diesel,East,Cooling System,70,Warning,Overheating,4/2/2024,Corrective,415.69,23,Center Alpha,Healthy
CAR-1184,City,2018,8,121276,Electric,East,Cooling System,27,Critical,Overheating,12/2/2023,Corrective,393.84,12,Center Delta,Needs Inspection
CAR-1117,Premium Sedan,2018,8,150072,Hybrid,Central,Battery,10,Critical,Battery Failure,12/20/2024,Corrective,306.12,18,Center Epsilon,Needs Inspection
CAR-1482,Hatchback,2018,8,109203,Diesel,Central,Cooling System,24,Critical,Overheating,2/10/2024,Emergency,730.46,70,Center Delta,Under Maintenance
CAR-1495,Premium Sedan,2022,4,55035,Petrol,East,Tyre,74,Warning,Tyre Damage,11/3/2024,Corrective,266.89,12,Center Epsilon,Healthy
CAR-1486,Crossover,2020,6,51224,Hybrid,Central,Cooling System,61,Warning,Overheating,2/18/2024,Preventive,276.18,2,Center Beta,Healthy
CAR-1401,Compact,2023,3,29466,Diesel,South,Tyre,57,Warning,Tyre Damage,2/1/2024,Corrective,284.2,23,Center Beta,Healthy
CAR-1067,Premium Sedan,2019,7,114788,Hybrid,South,Tyre,47,Warning,Tyre Damage,5/9/2023,Preventive,135.95,2,Center Delta,Healthy
CAR-1158,Crossover,2019,7,97769,Diesel,West,Engine,36,Critical,Mechanical Failure,12/2/2023,Emergency,2318.24,56,Center Beta,Under Maintenance
CAR-1312,City,2024,2,25258,Diesel,South,Battery,91,Healthy,No Failure,8/23/2025,Preventive,175.14,2,Center Epsilon,Healthy
CAR-1005,Compact,2019,7,99308,Petrol,East,Battery,30,Critical,Battery Failure,3/16/2025,Emergency,478.6,41,Center Alpha,Under Maintenance
CAR-1326,Crossover,2018,8,112446,Electric,West,Brake,35,Critical,Brake Wear,10/25/2023,Emergency,619.1,31,Center Alpha,Under Maintenance
CAR-1377,Crossover,2022,4,36754,Diesel,East,Tyre,65,Warning,Tyre Damage,7/4/2023,Corrective,303.61,21,Center Gamma,Healthy
CAR-1368,City,2023,3,42472,Petrol,North,Cooling System,74,Warning,Overheating,6/16/2024,Corrective,430.91,22,Center Beta,Healthy
CAR-1401,Compact,2023,3,50412,Diesel,South,Headlight,62,Warning,Lighting Failure,2/21/2023,Corrective,186.64,15,Center Alpha,Healthy
CAR-1254,Compact,2022,4,73693,Hybrid,Central,Headlight,45,Warning,Lighting Failure,4/9/2023,Corrective,169.57,11,Center Alpha,Healthy
CAR-1089,Hatchback,2024,2,31365,Diesel,North,Suspension,89,Healthy,No Failure,8/5/2025,Preventive,520.93,3,Center Epsilon,Healthy
CAR-1332,Hatchback,2023,3,53907,Diesel,West,Battery,45,Warning,Battery Failure,3/17/2025,Preventive,176.3,1,Center Beta,Healthy
CAR-1472,Hatchback,2019,7,121627,Petrol,East,Engine,20,Critical,Wear,6/6/2025,Emergency,2395.43,46,Center Delta,Under Maintenance
CAR-1030,Sedan,2021,5,41376,Diesel,East,Battery,72,Warning,Battery Failure,6/5/2025,Corrective,270.01,22,Center Gamma,Healthy
CAR-1331,Crossover,2024,2,37072,Electric,North,Battery,75,Healthy,No Failure,3/31/2023,Preventive,191.96,1,Center Gamma,Healthy
CAR-1030,Sedan,2021,5,87198,Diesel,East,Brake,32,Critical,Brake Wear,10/23/2025,Corrective,408.03,18,Center Beta,Needs Inspection
CAR-1313,Premium Sedan,2018,8,97843,Diesel,Central,Headlight,17,Critical,Lighting Failure,1/13/2024,Emergency,254.33,51,Center Epsilon,Under Maintenance
CAR-1027,City,2021,5,84747,Diesel,Central,Battery,67,Warning,Battery Failure,12/29/2025,Corrective,331.09,11,Center Beta,Healthy
CAR-1329,Crossover,2018,8,74174,Diesel,Central,Suspension,55,Warning,Suspension Failure,3/9/2024,Preventive,435.7,1,Center Epsilon,Healthy
CAR-1084,Crossover,2020,6,79355,Diesel,East,Tyre,28,Critical,Tyre Damage,8/24/2025,Corrective,194.95,8,Center Epsilon,Needs Inspection
CAR-1062,Sedan,2019,7,110992,Electric,Central,Engine,19,Critical,Mechanical Failure,12/31/2023,Corrective,1419.47,17,Center Beta,Needs Inspection
CAR-1476,Crossover,2022,4,59156,Electric,East,Cooling System,52,Warning,Overheating,8/18/2023,Corrective,581.94,8,Center Alpha,Healthy
CAR-1465,Compact,2023,3,26891,Electric,North,Brake,80,Healthy,No Failure,3/20/2024,Preventive,277.51,2,Center Beta,Healthy
CAR-1125,Premium Sedan,2024,2,34224,Petrol,East,Transmission,65,Warning,Transmission Fault,4/25/2025,Preventive,880.55,2,Center Beta,Healthy
CAR-1130,Sedan,2018,8,127649,Electric,Central,Suspension,33,Critical,Suspension Failure,8/16/2025,Emergency,972.22,66,Center Delta,Under Maintenance
CAR-1370,Hatchback,2020,6,66244,Petrol,West,Engine,24,Critical,Mechanical Failure,11/12/2025,Corrective,1555.7,21,Center Delta,Needs Inspection
CAR-1338,Hatchback,2023,3,52563,Petrol,South,Battery,37,Critical,Battery Failure,10/22/2025,Corrective,369.63,16,Center Alpha,Needs Inspection
CAR-1343,Hatchback,2022,4,65829,Hybrid,North,Tyre,41,Critical,Tyre Damage,10/5/2025,Emergency,486,30,Center Alpha,Under Maintenance
CAR-1308,Compact,2018,8,110674,Diesel,South,Cooling System,18,Critical,Overheating,6/10/2023,Emergency,759.4,61,Center Epsilon,Under Maintenance
CAR-1092,Compact,2021,5,94364,Petrol,South,Transmission,50,Warning,Transmission Fault,12/11/2024,Corrective,1579.36,22,Center Gamma,Healthy
CAR-1452,Sedan,2019,7,94882,Petrol,Central,Headlight,33,Critical,Lighting Failure,5/10/2023,Corrective,130.1,12,Center Gamma,Needs Inspection
CAR-1405,Premium Sedan,2024,2,36426,Diesel,North,Battery,84,Healthy,No Failure,5/13/2023,Preventive,145.77,2,Center Epsilon,Healthy
CAR-1366,Sedan,2019,7,101828,Petrol,South,Tyre,24,Critical,Tyre Damage,11/21/2023,Corrective,273.12,17,Center Alpha,Needs Inspection
CAR-1178,Crossover,2018,8,113754,Diesel,East,Brake,45,Warning,Brake Wear,1/3/2023,Corrective,474.82,11,Center Delta,Healthy
CAR-1436,Premium Sedan,2020,6,81640,Diesel,Central,Battery,33,Critical,Battery Failure,4/8/2025,Emergency,474.1,38,Center Gamma,Under Maintenance
CAR-1311,Hatchback,2019,7,95244,Hybrid,West,Suspension,41,Critical,Suspension Failure,12/12/2023,Corrective,824.69,6,Center Gamma,Needs Inspection
CAR-1441,Premium Sedan,2024,2,20567,Petrol,East,Tyre,100,Healthy,No Failure,9/5/2023,Preventive,192.49,3,Center Delta,Healthy
CAR-1388,City,2022,4,41269,Diesel,East,Battery,80,Healthy,No Failure,3/21/2023,Preventive,230.23,3,Center Epsilon,Healthy
CAR-1357,Crossover,2021,5,43552,Petrol,Central,Cooling System,63,Warning,Overheating,6/4/2024,Preventive,338.01,1,Center Epsilon,Healthy
CAR-1128,Sedan,2020,6,72003,Diesel,West,Brake,49,Warning,Brake Wear,6/14/2025,Preventive,269.48,1,Center Gamma,Healthy
CAR-1004,Hatchback,2024,2,32175,Electric,East,Battery,75,Healthy,No Failure,9/12/2024,Preventive,169.73,1,Center Gamma,Healthy
CAR-1135,Hatchback,2022,4,56692,Electric,North,Battery,62,Warning,Battery Failure,6/21/2024,Preventive,214.18,2,Center Delta,Healthy
CAR-1243,City,2020,6,98110,Electric,South,Tyre,33,Critical,Tyre Damage,8/26/2023,Emergency,328.61,28,Center Delta,Under Maintenance
CAR-1166,Crossover,2019,7,72725,Petrol,West,Headlight,54,Warning,Lighting Failure,12/25/2024,Preventive,85.7,2,Center Beta,Healthy
CAR-1190,Sedan,2024,2,21049,Electric,East,Suspension,76,Healthy,No Failure,8/16/2024,Preventive,405.1,3,Center Beta,Healthy
CAR-1166,Crossover,2019,7,101307,Petrol,West,Battery,44,Critical,Battery Failure,9/27/2023,Emergency,445.17,68,Center Gamma,Under Maintenance
CAR-1135,Hatchback,2022,4,32913,Electric,North,Brake,80,Healthy,No Failure,4/28/2025,Preventive,299.66,3,Center Epsilon,Healthy
CAR-1373,Sedan,2021,5,59745,Electric,North,Battery,39,Critical,Battery Failure,3/9/2024,Corrective,316.96,18,Center Epsilon,Needs Inspection
CAR-1192,Crossover,2022,4,43456,Petrol,North,Brake,38,Critical,Brake Wear,8/30/2024,Emergency,782.07,51,Center Beta,Under Maintenance
CAR-1023,Compact,2018,8,122021,Petrol,South,Engine,25,Critical,Mechanical Failure,3/23/2024,Emergency,1783.23,49,Center Delta,Under Maintenance
CAR-1078,Premium Sedan,2021,5,36062,Diesel,Central,Transmission,71,Warning,Transmission Fault,7/26/2024,Preventive,1092.3,3,Center Gamma,Healthy
CAR-1015,Premium Sedan,2020,6,98437,Petrol,West,Tyre,45,Warning,Tyre Damage,10/9/2025,Corrective,272.5,11,Center Beta,Healthy
CAR-1429,Sedan,2023,3,25569,Petrol,West,Cooling System,99,Healthy,No Failure,8/6/2023,Preventive,286.7,2,Center Delta,Healthy
CAR-1004,Hatchback,2024,2,14974,Electric,East,Cooling System,84,Healthy,No Failure,10/24/2025,Preventive,282.43,1,Center Gamma,Healthy
CAR-1153,Hatchback,2019,7,117507,Diesel,North,Engine,27,Critical,Mechanical Failure,7/22/2025,Emergency,2513.79,38,Center Beta,Under Maintenance
CAR-1379,Sedan,2023,3,58714,Hybrid,North,Suspension,62,Warning,Suspension Failure,12/4/2025,Corrective,893.43,11,Center Epsilon,Healthy
CAR-1315,Premium Sedan,2022,4,77301,Diesel,Central,Cooling System,75,Healthy,No Failure,2/13/2023,Preventive,311.6,1,Center Alpha,Healthy
CAR-1245,Sedan,2018,8,113552,Petrol,West,Tyre,42,Critical,Tyre Damage,4/4/2025,Emergency,413.76,43,Center Beta,Under Maintenance
CAR-1492,Crossover,2018,8,90449,Hybrid,South,Brake,37,Critical,Brake Wear,9/26/2025,Emergency,583.15,66,Center Beta,Under Maintenance
CAR-1316,City,2019,7,78485,Electric,North,Tyre,48,Warning,Tyre Damage,12/8/2025,Preventive,136.97,1,Center Delta,Healthy
CAR-1005,Compact,2019,7,115291,Petrol,East,Engine,10,Critical,Wear,7/11/2025,Corrective,1087.14,15,Center Gamma,Needs Inspection
CAR-1466,City,2018,8,126206,Petrol,North,Headlight,29,Critical,Lighting Failure,6/23/2025,Emergency,295.07,46,Center Beta,Under Maintenance
CAR-1265,City,2021,5,51538,Electric,West,Suspension,77,Healthy,No Failure,7/8/2025,Preventive,483.97,3,Center Epsilon,Healthy
CAR-1123,Hatchback,2020,6,97124,Petrol,East,Suspension,81,Healthy,No Failure,4/12/2025,Preventive,375.17,1,Center Beta,Healthy
CAR-1327,Crossover,2020,6,106840,Petrol,South,Battery,11,Critical,Battery Failure,10/9/2024,Corrective,307.42,12,Center Alpha,Needs Inspection
CAR-1004,Hatchback,2024,2,15704,Electric,East,Tyre,100,Healthy,No Failure,1/26/2023,Preventive,150.45,1,Center Gamma,Healthy
CAR-1161,Compact,2022,4,71056,Electric,West,Suspension,61,Warning,Suspension Failure,3/17/2024,Preventive,420.36,3,Center Beta,Healthy
CAR-1077,Compact,2018,8,121847,Petrol,Central,Transmission,36,Critical,Transmission Fault,7/27/2023,Corrective,1583.7,13,Center Epsilon,Needs Inspection
CAR-1330,Crossover,2022,4,68770,Diesel,Central,Tyre,56,Warning,Tyre Damage,3/31/2023,Corrective,241.01,9,Center Delta,Healthy
CAR-1107,Sedan,2022,4,39199,Electric,South,Engine,39,Critical,Mechanical Failure,9/25/2023,Emergency,2026.73,28,Center Gamma,Under Maintenance
CAR-1295,Premium Sedan,2019,7,97997,Hybrid,West,Transmission,49,Warning,Transmission Fault,4/29/2023,Preventive,1012.01,3,Center Delta,Healthy
CAR-1026,Premium Sedan,2021,5,64272,Diesel,East,Engine,45,Warning,Overheating,1/25/2025,Corrective,1135.31,6,Center Alpha,Healthy
CAR-1456,Hatchback,2020,6,103868,Hybrid,Central,Engine,28,Critical,Wear,5/21/2023,Emergency,1834.99,54,Center Beta,Under Maintenance
CAR-1139,City,2022,4,60522,Electric,North,Engine,57,Warning,Wear,7/17/2024,Corrective,1617.01,12,Center Alpha,Healthy
CAR-1148,Premium Sedan,2020,6,65457,Petrol,South,Brake,41,Critical,Brake Wear,2/22/2024,Emergency,810.02,22,Center Beta,Needs Inspection
CAR-1393,Hatchback,2024,2,28658,Hybrid,North,Engine,85,Healthy,No Failure,7/17/2024,Preventive,742.2,2,Center Alpha,Healthy
CAR-1201,Premium Sedan,2023,3,30663,Diesel,West,Engine,67,Warning,Wear,6/25/2024,Preventive,644.32,1,Center Beta,Healthy
CAR-1009,Hatchback,2021,5,80163,Electric,Central,Engine,65,Warning,Overheating,8/15/2024,Preventive,847.72,1,Center Beta,Healthy
CAR-1325,Sedan,2019,7,109034,Petrol,North,Tyre,22,Critical,Tyre Damage,4/14/2024,Emergency,349.59,19,Center Gamma,Needs Inspection
CAR-1082,Premium Sedan,2020,6,89941,Diesel,South,Engine,55,Warning,Mechanical Failure,9/23/2023,Corrective,1031.48,16,Center Delta,Healthy
CAR-1076,Compact,2022,4,72284,Hybrid,West,Cooling System,52,Warning,Overheating,10/26/2023,Corrective,483.98,8,Center Delta,Healthy
CAR-1356,Hatchback,2022,4,40309,Hybrid,West,Tyre,80,Healthy,No Failure,11/17/2025,Preventive,132.49,1,Center Delta,Healthy
CAR-1350,City,2023,3,49647,Diesel,West,Tyre,63,Warning,Tyre Damage,2/24/2024,Corrective,203.22,16,Center Gamma,Healthy
CAR-1155,Hatchback,2021,5,55035,Electric,Central,Tyre,75,Healthy,No Failure,1/28/2023,Preventive,166.81,1,Center Alpha,Healthy
CAR-1268,Crossover,2021,5,72837,Diesel,East,Battery,53,Warning,Battery Failure,6/29/2025,Preventive,230.18,2,Center Epsilon,Healthy
CAR-1139,City,2022,4,79082,Electric,North,Headlight,24,Critical,Lighting Failure,7/8/2023,Emergency,266.03,51,Center Beta,Under Maintenance
CAR-1299,Sedan,2018,8,90061,Hybrid,South,Battery,22,Critical,Battery Failure,7/23/2024,Emergency,513.98,62,Center Epsilon,Under Maintenance
CAR-1124,Sedan,2019,7,115198,Diesel,East,Battery,28,Critical,Battery Failure,10/23/2023,Emergency,540.81,52,Center Beta,Under Maintenance
CAR-1434,Premium Sedan,2020,6,52697,Petrol,North,Engine,80,Healthy,No Failure,3/28/2024,Preventive,932.65,3,Center Delta,Healthy
CAR-1473,City,2018,8,87740,Petrol,South,Headlight,49,Warning,Lighting Failure,8/14/2023,Preventive,97.1,1,Center Delta,Healthy
CAR-1178,Crossover,2018,8,102627,Diesel,East,Tyre,34,Critical,Tyre Damage,5/29/2025,Emergency,472.46,52,Center Alpha,Under Maintenance
CAR-1407,Crossover,2021,5,37858,Diesel,Central,Engine,63,Warning,Mechanical Failure,5/1/2024,Corrective,1442.58,15,Center Delta,Healthy
CAR-1154,Premium Sedan,2024,2,32173,Diesel,Central,Headlight,53,Warning,Lighting Failure,3/7/2023,Preventive,80.91,3,Center Beta,Healthy
CAR-1436,Premium Sedan,2020,6,79930,Diesel,Central,Tyre,50,Warning,Tyre Damage,1/30/2025,Preventive,153.05,3,Center Beta,Healthy
CAR-1479,Premium Sedan,2019,7,68544,Petrol,South,Headlight,54,Warning,Lighting Failure,10/30/2024,Corrective,156.48,14,Center Delta,Healthy
CAR-1309,Crossover,2023,3,28431,Diesel,West,Suspension,79,Healthy,No Failure,6/26/2024,Preventive,406.29,2,Center Beta,Healthy
CAR-1030,Sedan,2021,5,49046,Diesel,East,Engine,65,Warning,Wear,7/25/2024,Preventive,679.85,2,Center Epsilon,Healthy
CAR-1213,City,2018,8,108719,Petrol,South,Battery,19,Critical,Battery Failure,9/4/2023,Emergency,369.44,30,Center Beta,Under Maintenance
CAR-1386,Compact,2024,2,31671,Hybrid,South,Battery,86,Healthy,No Failure,5/5/2023,Preventive,201.84,1,Center Alpha,Healthy
CAR-1372,City,2019,7,131839,Petrol,Central,Brake,41,Critical,Brake Wear,5/29/2023,Emergency,613.6,36,Center Alpha,Under Maintenance
CAR-1183,Crossover,2024,2,40149,Petrol,South,Tyre,91,Healthy,No Failure,10/11/2024,Preventive,169.04,2,Center Gamma,Healthy
CAR-1295,Premium Sedan,2019,7,97797,Hybrid,West,Battery,23,Critical,Battery Failure,12/4/2025,Emergency,395.16,35,Center Beta,Under Maintenance
CAR-1204,City,2022,4,72066,Diesel,North,Suspension,57,Warning,Suspension Failure,3/16/2024,Corrective,907.74,14,Center Delta,Healthy
CAR-1355,Crossover,2022,4,46619,Electric,Central,Tyre,76,Healthy,No Failure,3/5/2023,Preventive,164.51,3,Center Beta,Healthy
CAR-1178,Crossover,2018,8,110813,Diesel,East,Transmission,30,Critical,Transmission Fault,5/30/2025,Emergency,2178.57,44,Center Beta,Under Maintenance
CAR-1098,City,2020,6,78949,Petrol,East,Engine,36,Critical,Mechanical Failure,8/25/2023,Corrective,1570.68,20,Center Epsilon,Needs Inspection
CAR-1236,Hatchback,2023,3,36419,Diesel,South,Engine,83,Healthy,No Failure,11/6/2024,Preventive,691.78,1,Center Alpha,Healthy
CAR-1170,Premium Sedan,2019,7,92380,Petrol,West,Brake,36,Critical,Brake Wear,4/16/2024,Emergency,672.33,21,Center Delta,Needs Inspection
CAR-1475,Hatchback,2019,7,82419,Hybrid,North,Headlight,40,Critical,Lighting Failure,9/3/2024,Emergency,296.99,32,Center Alpha,Under Maintenance
CAR-1026,Premium Sedan,2021,5,64815,Diesel,East,Battery,80,Healthy,No Failure,10/29/2023,Preventive,229.22,3,Center Gamma,Healthy
CAR-1133,Sedan,2022,4,57204,Hybrid,West,Brake,48,Warning,Brake Wear,8/3/2025,Corrective,407.51,6,Center Alpha,Healthy
CAR-1416,City,2020,6,82179,Diesel,South,Engine,39,Critical,Overheating,7/2/2023,Corrective,1078.36,15,Center Beta,Needs Inspection
CAR-1322,City,2018,8,124197,Petrol,North,Headlight,69,Warning,Lighting Failure,2/8/2024,Corrective,167.82,14,Center Delta,Healthy
CAR-1321,City,2020,6,98877,Electric,South,Transmission,49,Warning,Transmission Fault,5/11/2023,Corrective,1744.73,15,Center Beta,Healthy
CAR-1391,Sedan,2020,6,107735,Petrol,South,Tyre,38,Critical,Tyre Damage,1/3/2024,Emergency,306.02,19,Center Gamma,Needs Inspection
CAR-1124,Sedan,2019,7,99753,Diesel,East,Headlight,82,Healthy,No Failure,3/1/2025,Preventive,95.74,1,Center Gamma,Healthy
CAR-1159,Premium Sedan,2021,5,60400,Electric,East,Cooling System,49,Warning,Overheating,1/1/2025,Corrective,449.24,14,Center Delta,Healthy
CAR-1323,Premium Sedan,2022,4,60506,Petrol,East,Engine,48,Warning,Mechanical Failure,6/29/2023,Corrective,1547.5,16,Center Epsilon,Healthy
CAR-1405,Premium Sedan,2024,2,22691,Diesel,North,Cooling System,85,Healthy,No Failure,4/16/2024,Preventive,375.52,1,Center Epsilon,Healthy
CAR-1414,Crossover,2024,2,29192,Diesel,South,Engine,100,Healthy,No Failure,6/24/2023,Preventive,919.84,3,Center Epsilon,Healthy
CAR-1316,City,2019,7,77255,Electric,North,Brake,28,Critical,Brake Wear,4/9/2025,Emergency,806.89,60,Center Delta,Under Maintenance
CAR-1069,Crossover,2019,7,54781,Petrol,Central,Transmission,17,Critical,Transmission Fault,12/9/2025,Emergency,2176.24,66,Center Gamma,Under Maintenance
CAR-1453,Premium Sedan,2022,4,30983,Petrol,East,Headlight,97,Healthy,No Failure,11/3/2024,Preventive,115.31,2,Center Alpha,Healthy
CAR-1084,Crossover,2020,6,98924,Diesel,East,Cooling System,38,Critical,Overheating,9/13/2024,Emergency,743.38,62,Center Epsilon,Under Maintenance
CAR-1496,Compact,2021,5,50506,Petrol,Central,Battery,65,Warning,Battery Failure,10/30/2023,Preventive,200.75,1,Center Delta,Healthy
CAR-1148,Premium Sedan,2020,6,62414,Petrol,South,Transmission,43,Critical,Transmission Fault,7/8/2023,Corrective,1162.37,23,Center Delta,Needs Inspection
CAR-1338,Hatchback,2023,3,44295,Petrol,South,Brake,78,Healthy,No Failure,6/18/2025,Preventive,262.97,1,Center Beta,Healthy
CAR-1176,Premium Sedan,2020,6,95031,Electric,Central,Engine,50,Warning,Mechanical Failure,4/24/2024,Preventive,916.87,1,Center Epsilon,Healthy
CAR-1285,City,2022,4,69075,Petrol,North,Engine,50,Warning,Mechanical Failure,3/20/2024,Preventive,922.96,3,Center Delta,Healthy
CAR-1239,Crossover,2021,5,90806,Diesel,North,Tyre,51,Warning,Tyre Damage,8/4/2025,Corrective,260.14,18,Center Beta,Healthy
CAR-1405,Premium Sedan,2024,2,24647,Diesel,North,Brake,75,Healthy,No Failure,11/16/2024,Preventive,202.8,3,Center Delta,Healthy
CAR-1309,Crossover,2023,3,38678,Diesel,West,Tyre,86,Healthy,No Failure,2/12/2023,Preventive,174.39,3,Center Epsilon,Healthy
CAR-1200,City,2024,2,27211,Petrol,South,Engine,80,Healthy,No Failure,8/2/2025,Preventive,756.31,3,Center Alpha,Healthy
CAR-1392,Crossover,2020,6,70840,Diesel,Central,Transmission,37,Critical,Transmission Fault,7/24/2024,Emergency,1816.2,25,Center Gamma,Under Maintenance
CAR-1463,City,2023,3,49971,Hybrid,Central,Suspension,64,Warning,Suspension Failure,11/12/2025,Corrective,708.41,15,Center Beta,Healthy
CAR-1017,Crossover,2018,8,105225,Petrol,Central,Brake,40,Critical,Brake Wear,7/7/2024,Emergency,550.91,24,Center Gamma,Needs Inspection
CAR-1460,City,2021,5,83060,Hybrid,Central,Battery,32,Critical,Battery Failure,2/12/2025,Emergency,468.58,42,Center Epsilon,Under Maintenance
CAR-1233,Sedan,2022,4,51654,Diesel,East,Tyre,76,Healthy,No Failure,11/8/2025,Preventive,185.6,1,Center Beta,Healthy
CAR-1208,Crossover,2019,7,91208,Petrol,North,Headlight,40,Critical,Lighting Failure,4/10/2023,Emergency,276.95,57,Center Gamma,Under Maintenance
CAR-1103,City,2023,3,32796,Electric,East,Cooling System,65,Warning,Overheating,1/24/2025,Corrective,587.43,17,Center Beta,Healthy
CAR-1182,Sedan,2024,2,27262,Petrol,South,Tyre,95,Healthy,No Failure,11/19/2024,Preventive,134.39,2,Center Epsilon,Healthy
CAR-1117,Premium Sedan,2018,8,137919,Hybrid,Central,Battery,10,Critical,Battery Failure,2/19/2024,Emergency,555.89,24,Center Delta,Needs Inspection
CAR-1437,Hatchback,2020,6,81344,Diesel,North,Brake,41,Critical,Brake Wear,7/6/2025,Emergency,567.86,40,Center Alpha,Under Maintenance
CAR-1441,Premium Sedan,2024,2,38709,Petrol,East,Engine,68,Warning,Mechanical Failure,7/31/2023,Corrective,1562.2,19,Center Alpha,Healthy
CAR-1097,Hatchback,2018,8,121975,Hybrid,East,Battery,35,Critical,Battery Failure,4/7/2023,Corrective,327.87,8,Center Epsilon,Needs Inspection
CAR-1284,City,2018,8,109859,Diesel,South,Brake,34,Critical,Brake Wear,11/3/2023,Emergency,539.64,64,Center Delta,Under Maintenance
CAR-1007,Sedan,2023,3,41856,Petrol,West,Engine,82,Healthy,No Failure,7/19/2024,Preventive,774.11,3,Center Delta,Healthy
CAR-1168,Premium Sedan,2019,7,98144,Hybrid,North,Tyre,44,Critical,Tyre Damage,10/15/2024,Emergency,373.46,30,Center Epsilon,Under Maintenance
CAR-1450,Sedan,2020,6,67121,Petrol,North,Tyre,30,Critical,Tyre Damage,3/22/2025,Emergency,422.13,41,Center Gamma,Under Maintenance
CAR-1360,City,2018,8,138212,Petrol,West,Engine,10,Critical,Mechanical Failure,7/31/2024,Emergency,2147.68,59,Center Epsilon,Under Maintenance
CAR-1370,Hatchback,2020,6,89668,Petrol,West,Brake,31,Critical,Brake Wear,12/16/2024,Emergency,687.56,45,Center Delta,Under Maintenance
CAR-1131,Hatchback,2021,5,50800,Diesel,Central,Battery,67,Warning,Battery Failure,9/24/2024,Corrective,346.58,11,Center Delta,Healthy
CAR-1303,City,2019,7,80937,Diesel,Central,Transmission,38,Critical,Transmission Fault,3/8/2025,Emergency,2408.06,35,Center Gamma,Under Maintenance
CAR-1145,City,2024,2,37228,Electric,North,Battery,68,Warning,Battery Failure,6/22/2023,Corrective,230.85,15,Center Epsilon,Healthy
CAR-1250,Premium Sedan,2023,3,52344,Diesel,South,Headlight,78,Healthy,No Failure,7/9/2024,Preventive,103.95,2,Center Epsilon,Healthy
CAR-1151,Hatchback,2020,6,104509,Diesel,West,Engine,53,Warning,Mechanical Failure,1/25/2024,Preventive,745.23,3,Center Delta,Healthy
CAR-1264,Premium Sedan,2021,5,50273,Diesel,East,Tyre,71,Warning,Tyre Damage,12/22/2025,Preventive,131.45,2,Center Epsilon,Healthy
CAR-1273,City,2019,7,84060,Diesel,North,Brake,41,Critical,Brake Wear,7/19/2024,Emergency,632.34,46,Center Alpha,Under Maintenance
CAR-1143,Hatchback,2024,2,25165,Electric,Central,Brake,100,Healthy,No Failure,10/24/2023,Preventive,269.91,1,Center Gamma,Healthy
CAR-1208,Crossover,2019,7,108148,Petrol,North,Tyre,24,Critical,Tyre Damage,1/15/2024,Emergency,409.59,20,Center Epsilon,Needs Inspection
CAR-1335,Sedan,2022,4,60788,Petrol,East,Transmission,79,Healthy,No Failure,9/11/2024,Preventive,1132.09,2,Center Delta,Healthy
CAR-1318,Hatchback,2018,8,76485,Petrol,Central,Suspension,58,Warning,Suspension Failure,8/10/2023,Corrective,887.98,10,Center Gamma,Healthy
CAR-1349,City,2022,4,69409,Petrol,North,Engine,86,Healthy,No Failure,3/13/2024,Preventive,1002.44,2,Center Epsilon,Healthy
CAR-1012,Crossover,2024,2,27967,Hybrid,Central,Transmission,100,Healthy,No Failure,4/20/2025,Preventive,1087.02,3,Center Beta,Healthy
CAR-1047,Premium Sedan,2024,2,23429,Electric,Central,Brake,89,Healthy,No Failure,4/16/2024,Preventive,283.4,1,Center Epsilon,Healthy
CAR-1241,Sedan,2021,5,62536,Diesel,South,Headlight,48,Warning,Lighting Failure,10/18/2024,Corrective,132.19,23,Center Alpha,Healthy
CAR-1491,Crossover,2021,5,49445,Petrol,East,Brake,75,Healthy,No Failure,12/23/2024,Preventive,295.13,2,Center Epsilon,Healthy
CAR-1448,Compact,2020,6,68422,Electric,South,Brake,58,Warning,Brake Wear,6/26/2025,Preventive,217.65,3,Center Gamma,Healthy
CAR-1281,Hatchback,2024,2,27537,Diesel,West,Battery,67,Warning,Battery Failure,1/9/2025,Corrective,315.55,23,Center Beta,Healthy
CAR-1102,City,2018,8,102039,Petrol,Central,Brake,10,Critical,Brake Wear,6/16/2025,Emergency,562.26,40,Center Gamma,Under Maintenance
CAR-1284,City,2018,8,120025,Diesel,South,Engine,59,Warning,Mechanical Failure,4/5/2024,Corrective,1059.97,21,Center Delta,Healthy
CAR-1382,Crossover,2018,8,93493,Electric,West,Suspension,24,Critical,Suspension Failure,4/19/2023,Emergency,1349.15,27,Center Alpha,Under Maintenance
CAR-1162,Hatchback,2023,3,39129,Hybrid,Central,Engine,54,Warning,Mechanical Failure,1/31/2023,Corrective,1247.72,22,Center Delta,Healthy
CAR-1154,Premium Sedan,2024,2,26232,Diesel,Central,Suspension,79,Healthy,No Failure,9/24/2025,Preventive,471.8,1,Center Gamma,Healthy
CAR-1193,Hatchback,2021,5,51123,Petrol,North,Transmission,61,Warning,Transmission Fault,6/5/2023,Corrective,1764.9,12,Center Gamma,Healthy
CAR-1068,Compact,2022,4,55995,Electric,West,Tyre,71,Warning,Tyre Damage,7/27/2025,Corrective,290.17,20,Center Delta,Healthy
CAR-1170,Premium Sedan,2019,7,77205,Petrol,West,Headlight,41,Critical,Lighting Failure,11/7/2025,Emergency,266.11,33,Center Epsilon,Under Maintenance
CAR-1047,Premium Sedan,2024,2,43727,Electric,Central,Cooling System,85,Healthy,No Failure,9/6/2025,Preventive,316.5,2,Center Beta,Healthy
CAR-1138,Sedan,2024,2,19670,Electric,East,Cooling System,93,Healthy,No Failure,11/15/2023,Preventive,293.61,3,Center Beta,Healthy
CAR-1035,Crossover,2020,6,77748,Hybrid,North,Suspension,35,Critical,Suspension Failure,4/16/2024,Emergency,911.18,30,Center Beta,Under Maintenance
CAR-1165,Hatchback,2022,4,52776,Diesel,East,Battery,56,Warning,Battery Failure,4/9/2023,Preventive,224.68,3,Center Gamma,Healthy
CAR-1331,Crossover,2024,2,30708,Electric,North,Tyre,71,Warning,Tyre Damage,8/22/2024,Preventive,179.12,3,Center Gamma,Healthy
CAR-1222,City,2021,5,53518,Diesel,East,Headlight,49,Warning,Lighting Failure,8/18/2024,Preventive,93.42,3,Center Gamma,Healthy
CAR-1477,Hatchback,2020,6,99567,Electric,Central,Engine,17,Critical,Mechanical Failure,9/11/2025,Corrective,1617.89,7,Center Delta,Needs Inspection
CAR-1059,Premium Sedan,2019,7,78377,Diesel,Central,Tyre,60,Warning,Tyre Damage,11/6/2023,Corrective,283.31,18,Center Delta,Healthy
CAR-1214,City,2024,2,37003,Petrol,South,Brake,49,Warning,Brake Wear,8/3/2024,Corrective,362.23,13,Center Alpha,Healthy
CAR-1078,Premium Sedan,2021,5,49475,Diesel,Central,Engine,64,Warning,Mechanical Failure,4/30/2024,Preventive,687.94,2,Center Epsilon,Healthy
CAR-1096,Premium Sedan,2024,2,23742,Hybrid,West,Tyre,98,Healthy,No Failure,12/23/2024,Preventive,154.86,3,Center Epsilon,Healthy
CAR-1496,Compact,2021,5,80112,Petrol,Central,Headlight,44,Critical,Lighting Failure,8/28/2024,Emergency,243.48,64,Center Delta,Under Maintenance
CAR-1138,Sedan,2024,2,26525,Electric,East,Engine,67,Warning,Mechanical Failure,2/27/2023,Corrective,1637.24,22,Center Alpha,Healthy
CAR-1187,City,2021,5,51372,Petrol,North,Tyre,56,Warning,Tyre Damage,6/24/2025,Corrective,227.57,23,Center Beta,Healthy
CAR-1236,Hatchback,2023,3,29098,Diesel,South,Tyre,55,Warning,Tyre Damage,10/31/2023,Preventive,160.31,3,Center Alpha,Healthy
CAR-1426,Compact,2021,5,80733,Hybrid,Central,Brake,54,Warning,Brake Wear,10/11/2025,Preventive,264.69,2,Center Epsilon,Healthy
CAR-1289,Premium Sedan,2022,4,60120,Electric,South,Transmission,72,Warning,Transmission Fault,3/25/2024,Preventive,1091,3,Center Delta,Healthy
CAR-1341,Premium Sedan,2024,2,38627,Electric,West,Engine,58,Warning,Wear,10/20/2024,Preventive,655.64,3,Center Alpha,Healthy
CAR-1386,Compact,2024,2,42372,Hybrid,South,Suspension,99,Healthy,No Failure,8/3/2025,Preventive,555.46,1,Center Alpha,Healthy
CAR-1053,City,2020,6,65383,Hybrid,East,Suspension,62,Warning,Suspension Failure,8/5/2025,Corrective,604.02,22,Center Delta,Healthy
CAR-1092,Compact,2021,5,51329,Petrol,South,Engine,87,Healthy,No Failure,9/11/2025,Preventive,945.86,1,Center Gamma,Healthy
CAR-1437,Hatchback,2020,6,76003,Diesel,North,Tyre,37,Critical,Tyre Damage,6/2/2023,Emergency,348.3,68,Center Delta,Under Maintenance
CAR-1454,Compact,2019,7,88660,Petrol,North,Engine,43,Critical,Overheating,10/2/2024,Emergency,2592.45,19,Center Gamma,Needs Inspection
CAR-1273,City,2019,7,58999,Diesel,North,Engine,31,Critical,Mechanical Failure,1/22/2024,Emergency,1959.21,47,Center Epsilon,Under Maintenance
CAR-1288,Sedan,2021,5,89386,Petrol,West,Suspension,39,Critical,Suspension Failure,12/15/2025,Emergency,1105.68,52,Center Epsilon,Under Maintenance
CAR-1166,Crossover,2019,7,70127,Petrol,West,Suspension,41,Critical,Suspension Failure,1/30/2025,Emergency,1240.97,37,Center Beta,Under Maintenance
CAR-1095,Premium Sedan,2022,4,63963,Diesel,West,Brake,67,Warning,Brake Wear,12/24/2023,Corrective,391.54,12,Center Delta,Healthy
CAR-1316,City,2019,7,78665,Electric,North,Headlight,41,Critical,Lighting Failure,1/29/2024,Emergency,225.17,61,Center Beta,Under Maintenance
CAR-1133,Sedan,2022,4,63855,Hybrid,West,Battery,79,Healthy,No Failure,11/19/2025,Preventive,200.01,2,Center Epsilon,Healthy
CAR-1393,Hatchback,2024,2,41969,Hybrid,North,Brake,77,Healthy,No Failure,3/6/2025,Preventive,254.14,2,Center Gamma,Healthy
CAR-1079,Compact,2019,7,82270,Petrol,West,Tyre,54,Warning,Tyre Damage,4/20/2023,Preventive,175.85,3,Center Gamma,Healthy
CAR-1060,Premium Sedan,2019,7,116246,Electric,West,Battery,43,Critical,Battery Failure,7/3/2023,Corrective,354.34,17,Center Delta,Needs Inspection
CAR-1088,Hatchback,2024,2,32858,Petrol,South,Brake,62,Warning,Brake Wear,3/31/2023,Corrective,387.08,18,Center Alpha,Healthy
CAR-1074,Crossover,2018,8,135720,Petrol,South,Engine,33,Critical,Overheating,9/13/2024,Emergency,2073.09,27,Center Gamma,Under Maintenance
CAR-1105,Premium Sedan,2018,8,132701,Electric,East,Tyre,32,Critical,Tyre Damage,7/30/2023,Corrective,226.36,15,Center Epsilon,Needs Inspection
CAR-1346,Sedan,2019,7,82451,Hybrid,East,Brake,19,Critical,Brake Wear,8/25/2025,Emergency,501.02,36,Center Epsilon,Under Maintenance
CAR-1145,City,2024,2,28171,Electric,North,Suspension,91,Healthy,No Failure,6/14/2025,Preventive,486.8,1,Center Beta,Healthy
CAR-1011,Sedan,2021,5,56468,Petrol,South,Suspension,52,Warning,Suspension Failure,1/27/2025,Corrective,578.6,15,Center Beta,Healthy
CAR-1406,City,2019,7,131087,Diesel,Central,Battery,35,Critical,Battery Failure,8/24/2024,Emergency,459.04,40,Center Epsilon,Under Maintenance
CAR-1294,City,2023,3,33965,Petrol,South,Transmission,69,Warning,Transmission Fault,5/9/2023,Corrective,1211.16,17,Center Epsilon,Healthy
CAR-1399,Hatchback,2019,7,115022,Petrol,West,Cooling System,33,Critical,Overheating,11/3/2025,Emergency,735.97,54,Center Beta,Under Maintenance
CAR-1457,Compact,2022,4,45195,Electric,North,Engine,55,Warning,Overheating,5/30/2024,Corrective,1119.16,6,Center Beta,Healthy
CAR-1260,City,2020,6,72672,Diesel,East,Tyre,45,Warning,Tyre Damage,9/21/2024,Corrective,262.87,20,Center Beta,Healthy
CAR-1359,Premium Sedan,2018,8,128607,Diesel,North,Headlight,10,Critical,Lighting Failure,11/8/2023,Emergency,230.85,45,Center Epsilon,Under Maintenance
CAR-1484,City,2024,2,17003,Diesel,North,Battery,85,Healthy,No Failure,7/11/2025,Preventive,161.82,2,Center Beta,Healthy
CAR-1166,Crossover,2019,7,101004,Petrol,West,Tyre,33,Critical,Tyre Damage,7/20/2025,Corrective,242.29,8,Center Alpha,Needs Inspection
CAR-1419,Hatchback,2022,4,68707,Diesel,East,Transmission,88,Healthy,No Failure,1/19/2025,Preventive,726.52,3,Center Alpha,Healthy
CAR-1029,Sedan,2020,6,91762,Electric,North,Brake,56,Warning,Brake Wear,3/29/2025,Corrective,435.88,17,Center Alpha,Healthy
CAR-1036,Crossover,2022,4,66626,Diesel,Central,Cooling System,54,Warning,Overheating,12/15/2024,Preventive,337.41,2,Center Alpha,Healthy
CAR-1048,City,2023,3,24808,Petrol,South,Headlight,99,Healthy,No Failure,2/25/2025,Preventive,118.48,2,Center Epsilon,Healthy
CAR-1429,Sedan,2023,3,33394,Petrol,West,Tyre,76,Healthy,No Failure,8/22/2025,Preventive,180.94,2,Center Gamma,Healthy
CAR-1110,Sedan,2018,8,140442,Diesel,South,Cooling System,28,Critical,Overheating,7/13/2024,Corrective,618.83,14,Center Gamma,Needs Inspection
CAR-1212,Hatchback,2024,2,30378,Petrol,South,Battery,61,Warning,Battery Failure,11/18/2024,Preventive,171.09,1,Center Alpha,Healthy
CAR-1457,Compact,2022,4,50982,Electric,North,Brake,61,Warning,Brake Wear,2/29/2024,Corrective,322.73,22,Center Epsilon,Healthy
CAR-1435,Premium Sedan,2020,6,80585,Petrol,North,Headlight,39,Critical,Lighting Failure,5/19/2023,Emergency,237.05,36,Center Gamma,Under Maintenance
CAR-1101,City,2018,8,126506,Electric,West,Engine,10,Critical,Mechanical Failure,10/7/2025,Emergency,1684.39,62,Center Delta,Under Maintenance
CAR-1232,Sedan,2022,4,40723,Diesel,East,Engine,54,Warning,Mechanical Failure,4/5/2025,Corrective,1116.75,10,Center Gamma,Healthy
CAR-1029,Sedan,2020,6,109165,Electric,North,Transmission,66,Warning,Transmission Fault,10/9/2024,Corrective,1764.99,11,Center Beta,Healthy
CAR-1017,Crossover,2018,8,114189,Petrol,Central,Suspension,26,Critical,Suspension Failure,12/22/2024,Emergency,1307.44,35,Center Gamma,Under Maintenance
CAR-1328,Crossover,2024,2,30714,Diesel,East,Battery,99,Healthy,No Failure,9/22/2024,Preventive,232.8,2,Center Gamma,Healthy
CAR-1131,Hatchback,2021,5,58773,Diesel,Central,Cooling System,67,Warning,Overheating,2/19/2024,Corrective,569.49,17,Center Epsilon,Healthy
CAR-1383,Compact,2024,2,34938,Electric,South,Engine,72,Warning,Overheating,6/30/2023,Preventive,662.53,1,Center Epsilon,Healthy
CAR-1060,Premium Sedan,2019,7,54060,Electric,West,Tyre,65,Warning,Tyre Damage,7/20/2025,Corrective,192.74,9,Center Alpha,Healthy
CAR-1089,Hatchback,2024,2,29105,Diesel,North,Engine,89,Healthy,No Failure,11/27/2025,Preventive,831.27,1,Center Beta,Healthy
CAR-1456,Hatchback,2020,6,100497,Hybrid,Central,Brake,34,Critical,Brake Wear,1/24/2023,Emergency,787.66,37,Center Alpha,Under Maintenance
CAR-1306,Crossover,2022,4,48501,Diesel,North,Cooling System,55,Warning,Overheating,8/15/2025,Preventive,316.06,3,Center Gamma,Healthy
CAR-1314,City,2020,6,84307,Electric,Central,Battery,28,Critical,Battery Failure,9/1/2025,Emergency,542.76,34,Center Delta,Under Maintenance
CAR-1392,Crossover,2020,6,79779,Diesel,Central,Suspension,34,Critical,Suspension Failure,4/30/2024,Emergency,1154.42,59,Center Beta,Under Maintenance
CAR-1184,City,2018,8,80029,Electric,East,Brake,33,Critical,Brake Wear,3/10/2024,Emergency,809.02,49,Center Alpha,Under Maintenance
CAR-1429,Sedan,2023,3,35071,Petrol,West,Engine,81,Healthy,No Failure,3/18/2023,Preventive,1015.26,3,Center Epsilon,Healthy
CAR-1123,Hatchback,2020,6,88871,Petrol,East,Engine,63,Warning,Mechanical Failure,3/24/2024,Corrective,1481.25,16,Center Alpha,Healthy
CAR-1105,Premium Sedan,2018,8,106506,Electric,East,Battery,20,Critical,Battery Failure,9/25/2024,Emergency,501.35,58,Center Beta,Under Maintenance
CAR-1335,Sedan,2022,4,55087,Petrol,East,Brake,74,Warning,Brake Wear,8/8/2023,Preventive,283.49,2,Center Gamma,Healthy
CAR-1129,City,2021,5,93697,Petrol,Central,Headlight,31,Critical,Lighting Failure,12/10/2025,Emergency,226.72,68,Center Delta,Under Maintenance
CAR-1442,Crossover,2024,2,30644,Diesel,West,Tyre,75,Healthy,No Failure,3/19/2023,Preventive,194.38,1,Center Epsilon,Healthy
CAR-1094,Premium Sedan,2024,2,33896,Electric,Central,Headlight,61,Warning,Lighting Failure,12/7/2023,Corrective,162.92,15,Center Beta,Healthy
CAR-1054,Compact,2024,2,12306,Hybrid,Central,Brake,83,Healthy,No Failure,3/29/2023,Preventive,284.78,2,Center Beta,Healthy
CAR-1016,Crossover,2019,7,107979,Electric,Central,Engine,26,Critical,Mechanical Failure,2/10/2023,Emergency,2441.06,57,Center Alpha,Under Maintenance
CAR-1159,Premium Sedan,2021,5,49699,Electric,East,Brake,63,Warning,Brake Wear,9/7/2024,Preventive,318.81,1,Center Gamma,Healthy
CAR-1024,Crossover,2021,5,92307,Diesel,East,Cooling System,46,Warning,Overheating,1/22/2025,Corrective,585.64,22,Center Epsilon,Healthy
CAR-1277,Compact,2018,8,79474,Electric,West,Tyre,51,Warning,Tyre Damage,8/24/2023,Preventive,184.52,3,Center Delta,Healthy
CAR-1192,Crossover,2022,4,60534,Petrol,North,Battery,69,Warning,Battery Failure,7/12/2025,Preventive,165.79,1,Center Delta,Healthy
CAR-1105,Premium Sedan,2018,8,112764,Electric,East,Battery,41,Critical,Battery Failure,4/2/2025,Emergency,455.36,53,Center Epsilon,Under Maintenance
CAR-1404,Hatchback,2020,6,66972,Petrol,Central,Cooling System,64,Warning,Overheating,4/2/2023,Corrective,505.86,10,Center Gamma,Healthy
CAR-1441,Premium Sedan,2024,2,26546,Petrol,East,Cooling System,99,Healthy,No Failure,8/24/2025,Preventive,290.41,1,Center Alpha,Healthy
CAR-1480,Compact,2018,8,71026,Diesel,West,Suspension,56,Warning,Suspension Failure,4/6/2024,Corrective,736.55,8,Center Alpha,Healthy
CAR-1316,City,2019,7,130360,Electric,North,Battery,26,Critical,Battery Failure,6/15/2023,Emergency,547.95,18,Center Alpha,Needs Inspection
CAR-1224,Sedan,2018,8,91083,Diesel,North,Cooling System,28,Critical,Overheating,10/31/2024,Emergency,750.33,35,Center Beta,Under Maintenance
CAR-1167,Premium Sedan,2018,8,103659,Diesel,North,Tyre,26,Critical,Tyre Damage,7/24/2024,Emergency,428.25,62,Center Beta,Under Maintenance
CAR-1149,Crossover,2024,2,42288,Diesel,West,Transmission,88,Healthy,No Failure,5/15/2025,Preventive,965.17,2,Center Alpha,Healthy
CAR-1093,City,2018,8,124194,Hybrid,South,Battery,22,Critical,Battery Failure,5/23/2025,Emergency,562.94,49,Center Gamma,Under Maintenance
CAR-1367,Premium Sedan,2019,7,95561,Petrol,South,Engine,28,Critical,Mechanical Failure,5/12/2023,Emergency,2044,47,Center Alpha,Under Maintenance
CAR-1230,Crossover,2021,5,38238,Electric,West,Brake,70,Warning,Brake Wear,7/9/2023,Corrective,411.84,19,Center Gamma,Healthy
CAR-1173,Crossover,2022,4,68321,Diesel,North,Battery,81,Healthy,No Failure,12/26/2023,Preventive,159.31,1,Center Epsilon,Healthy
CAR-1244,Premium Sedan,2021,5,54016,Petrol,West,Tyre,69,Warning,Tyre Damage,1/12/2025,Preventive,154.08,3,Center Alpha,Healthy
CAR-1141,Compact,2019,7,114308,Petrol,West,Brake,31,Critical,Brake Wear,7/16/2023,Corrective,324.46,12,Center Gamma,Needs Inspection
CAR-1198,Sedan,2019,7,105739,Electric,North,Tyre,29,Critical,Tyre Damage,1/25/2024,Emergency,353.05,28,Center Gamma,Under Maintenance
CAR-1405,Premium Sedan,2024,2,40275,Diesel,North,Battery,69,Warning,Battery Failure,8/22/2023,Preventive,144.86,2,Center Epsilon,Healthy
CAR-1445,Hatchback,2021,5,81276,Diesel,West,Headlight,55,Warning,Lighting Failure,1/30/2023,Corrective,162.5,20,Center Alpha,Healthy
CAR-1260,City,2020,6,76956,Diesel,East,Tyre,47,Warning,Tyre Damage,7/18/2023,Corrective,273.65,21,Center Alpha,Healthy
CAR-1170,Premium Sedan,2019,7,101331,Petrol,West,Suspension,44,Critical,Suspension Failure,1/4/2023,Emergency,1188,71,Center Alpha,Under Maintenance
CAR-1325,Sedan,2019,7,57162,Petrol,North,Tyre,54,Warning,Tyre Damage,8/31/2023,Preventive,126.45,2,Center Epsilon,Healthy
CAR-1204,City,2022,4,71202,Diesel,North,Headlight,69,Warning,Lighting Failure,6/15/2024,Preventive,110.05,2,Center Delta,Healthy
CAR-1164,City,2023,3,43274,Petrol,South,Engine,82,Healthy,No Failure,9/5/2024,Preventive,926.05,3,Center Beta,Healthy
CAR-1128,Sedan,2020,6,55900,Diesel,West,Tyre,77,Healthy,No Failure,11/4/2024,Preventive,190.44,3,Center Alpha,Healthy
CAR-1344,Premium Sedan,2022,4,42632,Electric,Central,Tyre,97,Healthy,No Failure,4/27/2025,Preventive,177.57,2,Center Alpha,Healthy
CAR-1212,Hatchback,2024,2,23162,Petrol,South,Engine,73,Warning,Overheating,8/16/2024,Preventive,1028.54,2,Center Alpha,Healthy
CAR-1173,Crossover,2022,4,67065,Diesel,North,Engine,49,Warning,Overheating,9/2/2024,Preventive,774.25,2,Center Beta,Healthy
CAR-1375,City,2023,3,50304,Electric,Central,Suspension,70,Warning,Suspension Failure,6/26/2023,Preventive,501.91,2,Center Gamma,Healthy
CAR-1332,Hatchback,2023,3,53281,Diesel,West,Engine,90,Healthy,No Failure,7/2/2024,Preventive,864.42,1,Center Gamma,Healthy
CAR-1479,Premium Sedan,2019,7,80648,Petrol,South,Engine,50,Warning,Mechanical Failure,7/31/2024,Corrective,1648.87,8,Center Alpha,Healthy
CAR-1156,Sedan,2018,8,80985,Petrol,East,Engine,56,Warning,Mechanical Failure,12/16/2023,Corrective,1036.86,18,Center Delta,Healthy
CAR-1291,City,2023,3,33993,Electric,South,Brake,56,Warning,Brake Wear,6/21/2023,Corrective,360.12,19,Center Beta,Healthy
CAR-1372,City,2019,7,100545,Petrol,Central,Headlight,41,Critical,Lighting Failure,7/3/2023,Corrective,197.78,17,Center Epsilon,Needs Inspection
CAR-1313,Premium Sedan,2018,8,82426,Diesel,Central,Engine,46,Warning,Overheating,4/6/2025,Preventive,649.7,2,Center Gamma,Healthy
CAR-1233,Sedan,2022,4,43468,Diesel,East,Suspension,71,Warning,Suspension Failure,4/18/2023,Preventive,404.03,2,Center Epsilon,Healthy
CAR-1144,Sedan,2023,3,52800,Diesel,East,Cooling System,58,Warning,Overheating,7/13/2024,Corrective,495.02,7,Center Gamma,Healthy
CAR-1235,Crossover,2022,4,69832,Electric,West,Battery,58,Warning,Battery Failure,3/20/2023,Corrective,269.66,22,Center Epsilon,Healthy
CAR-1382,Crossover,2018,8,147566,Electric,West,Battery,24,Critical,Battery Failure,3/30/2025,Emergency,521.83,34,Center Beta,Under Maintenance
CAR-1281,Hatchback,2024,2,37492,Diesel,West,Headlight,100,Healthy,No Failure,10/1/2024,Preventive,123,2,Center Beta,Healthy
CAR-1197,Premium Sedan,2019,7,64013,Petrol,West,Tyre,75,Healthy,No Failure,1/23/2023,Preventive,138.03,3,Center Gamma,Healthy
CAR-1081,Crossover,2018,8,131395,Diesel,West,Brake,28,Critical,Brake Wear,5/21/2023,Emergency,778.32,68,Center Gamma,Under Maintenance
CAR-1260,City,2020,6,50555,Diesel,East,Battery,64,Warning,Battery Failure,7/9/2024,Corrective,311.39,21,Center Delta,Healthy
CAR-1194,City,2023,3,49776,Diesel,West,Tyre,99,Healthy,No Failure,12/20/2023,Preventive,176.37,2,Center Epsilon,Healthy
CAR-1107,Sedan,2022,4,49838,Electric,South,Transmission,58,Warning,Transmission Fault,1/31/2025,Corrective,1785.95,14,Center Epsilon,Healthy
CAR-1061,Hatchback,2023,3,42451,Electric,South,Transmission,71,Warning,Transmission Fault,12/17/2023,Corrective,1599.53,21,Center Alpha,Healthy
CAR-1349,City,2022,4,75699,Petrol,North,Engine,71,Warning,Overheating,4/22/2024,Corrective,1208.29,13,Center Alpha,Healthy
CAR-1229,Compact,2019,7,63336,Diesel,South,Cooling System,50,Warning,Overheating,5/22/2025,Corrective,389.43,9,Center Gamma,Healthy
CAR-1202,City,2020,6,54304,Hybrid,North,Battery,55,Warning,Battery Failure,5/30/2025,Corrective,332.32,21,Center Beta,Healthy
CAR-1199,Crossover,2020,6,53501,Diesel,South,Brake,60,Warning,Brake Wear,5/31/2025,Preventive,202.46,1,Center Gamma,Healthy
CAR-1363,City,2024,2,40982,Electric,East,Headlight,72,Warning,Lighting Failure,3/5/2025,Corrective,170.15,21,Center Gamma,Healthy
CAR-1226,Compact,2023,3,46474,Petrol,North,Battery,70,Warning,Battery Failure,12/18/2025,Corrective,373.21,10,Center Alpha,Healthy
CAR-1047,Premium Sedan,2024,2,41695,Electric,Central,Suspension,68,Warning,Suspension Failure,5/18/2024,Corrective,677.96,11,Center Delta,Healthy
CAR-1074,Crossover,2018,8,105574,Petrol,South,Tyre,23,Critical,Tyre Damage,3/5/2025,Corrective,300.48,13,Center Alpha,Needs Inspection
CAR-1277,Compact,2018,8,93079,Electric,West,Battery,16,Critical,Battery Failure,7/22/2024,Emergency,362.16,35,Center Epsilon,Under Maintenance
CAR-1228,Premium Sedan,2023,3,50734,Petrol,West,Cooling System,90,Healthy,No Failure,12/24/2024,Preventive,296.17,2,Center Epsilon,Healthy
CAR-1190,Sedan,2024,2,36372,Electric,East,Tyre,79,Healthy,No Failure,3/16/2023,Preventive,181.4,2,Center Epsilon,Healthy
CAR-1056,Compact,2019,7,119227,Hybrid,West,Tyre,34,Critical,Tyre Damage,3/1/2024,Emergency,384.3,69,Center Gamma,Under Maintenance
CAR-1160,Compact,2018,8,141425,Diesel,Central,Suspension,10,Critical,Suspension Failure,6/9/2024,Emergency,1351.54,70,Center Delta,Under Maintenance
CAR-1224,Sedan,2018,8,124892,Diesel,North,Suspension,30,Critical,Suspension Failure,5/1/2023,Emergency,987.73,34,Center Alpha,Under Maintenance
CAR-1006,Sedan,2019,7,127566,Petrol,South,Battery,40,Critical,Battery Failure,4/6/2025,Corrective,332.43,14,Center Alpha,Needs Inspection
CAR-1051,Compact,2020,6,62203,Petrol,South,Engine,43,Critical,Mechanical Failure,2/2/2024,Emergency,2107.19,29,Center Epsilon,Under Maintenance
CAR-1215,Sedan,2018,8,105381,Electric,South,Brake,49,Warning,Brake Wear,3/27/2024,Corrective,357.25,22,Center Delta,Healthy
CAR-1437,Hatchback,2020,6,75479,Diesel,North,Transmission,45,Warning,Transmission Fault,5/28/2023,Preventive,808.96,3,Center Epsilon,Healthy
CAR-1278,City,2021,5,62991,Electric,Central,Brake,42,Critical,Brake Wear,1/30/2023,Emergency,724.54,29,Center Alpha,Under Maintenance
CAR-1385,Compact,2024,2,33122,Hybrid,Central,Headlight,76,Healthy,No Failure,9/20/2025,Preventive,84.64,1,Center Alpha,Healthy
CAR-1228,Premium Sedan,2023,3,33736,Petrol,West,Headlight,76,Healthy,No Failure,7/2/2024,Preventive,115.32,2,Center Alpha,Healthy
CAR-1418,Crossover,2022,4,49171,Diesel,West,Suspension,87,Healthy,No Failure,4/13/2023,Preventive,544.25,2,Center Gamma,Healthy
CAR-1324,Sedan,2018,8,101498,Petrol,North,Brake,37,Critical,Brake Wear,12/27/2025,Corrective,324.45,13,Center Delta,Needs Inspection
CAR-1347,Premium Sedan,2020,6,87878,Petrol,West,Cooling System,56,Warning,Overheating,1/15/2023,Corrective,436.16,7,Center Gamma,Healthy
CAR-1106,Sedan,2023,3,43135,Electric,East,Headlight,87,Healthy,No Failure,7/5/2025,Preventive,119.78,3,Center Gamma,Healthy
CAR-1335,Sedan,2022,4,67988,Petrol,East,Battery,57,Warning,Battery Failure,9/4/2024,Corrective,237.31,11,Center Delta,Healthy
CAR-1205,Compact,2019,7,71767,Diesel,North,Battery,52,Warning,Battery Failure,1/27/2023,Preventive,233.89,3,Center Epsilon,Healthy
CAR-1049,Premium Sedan,2019,7,77762,Electric,North,Cooling System,19,Critical,Overheating,10/2/2023,Emergency,794.84,68,Center Alpha,Under Maintenance
CAR-1257,Premium Sedan,2020,6,99167,Petrol,West,Engine,35,Critical,Overheating,9/14/2023,Emergency,2127.53,35,Center Alpha,Under Maintenance
CAR-1264,Premium Sedan,2021,5,88279,Diesel,East,Tyre,36,Critical,Tyre Damage,7/17/2023,Emergency,437.67,18,Center Delta,Needs Inspection
CAR-1008,Sedan,2022,4,51650,Diesel,East,Engine,68,Warning,Wear,11/14/2023,Corrective,1326.43,16,Center Beta,Healthy
CAR-1397,Compact,2023,3,38583,Petrol,West,Brake,64,Warning,Brake Wear,11/9/2025,Corrective,408.46,12,Center Beta,Healthy
CAR-1464,Compact,2022,4,75653,Hybrid,North,Battery,76,Healthy,No Failure,3/21/2025,Preventive,166.42,3,Center Beta,Healthy
CAR-1227,Hatchback,2022,4,54265,Petrol,South,Engine,63,Warning,Mechanical Failure,11/7/2024,Corrective,1456.29,17,Center Delta,Healthy
CAR-1311,Hatchback,2019,7,84114,Hybrid,West,Tyre,39,Critical,Tyre Damage,10/3/2025,Emergency,408.89,44,Center Beta,Under Maintenance
CAR-1305,Compact,2022,4,37849,Diesel,Central,Brake,78,Healthy,No Failure,1/2/2025,Preventive,271.91,1,Center Beta,Healthy
CAR-1498,Hatchback,2024,2,22597,Petrol,East,Engine,75,Healthy,No Failure,1/13/2024,Preventive,1008.9,3,Center Delta,Healthy
CAR-1065,Premium Sedan,2024,2,23477,Electric,North,Suspension,65,Warning,Suspension Failure,1/7/2025,Corrective,642.6,20,Center Gamma,Healthy
CAR-1054,Compact,2024,2,33939,Hybrid,Central,Engine,66,Warning,Mechanical Failure,12/5/2025,Corrective,1090.33,13,Center Beta,Healthy
CAR-1382,Crossover,2018,8,80321,Electric,West,Headlight,31,Critical,Lighting Failure,7/2/2025,Emergency,211.09,31,Center Beta,Under Maintenance
CAR-1319,Premium Sedan,2023,3,41538,Diesel,North,Engine,81,Healthy,No Failure,11/15/2025,Preventive,722.14,2,Center Beta,Healthy
CAR-1464,Compact,2022,4,30085,Hybrid,North,Headlight,98,Healthy,No Failure,9/27/2024,Preventive,113.46,3,Center Beta,Healthy
CAR-1459,Crossover,2019,7,104875,Diesel,South,Cooling System,35,Critical,Overheating,6/30/2025,Emergency,785.75,49,Center Gamma,Under Maintenance
CAR-1294,City,2023,3,35694,Petrol,South,Tyre,67,Warning,Tyre Damage,1/15/2024,Corrective,292.14,17,Center Beta,Healthy
CAR-1037,Sedan,2021,5,59570,Petrol,East,Transmission,57,Warning,Transmission Fault,4/14/2025,Corrective,1481.72,8,Center Delta,Healthy
CAR-1150,Hatchback,2022,4,54342,Diesel,East,Battery,49,Warning,Battery Failure,1/18/2023,Corrective,257.49,15,Center Delta,Healthy
CAR-1497,Compact,2024,2,25975,Diesel,Central,Brake,87,Healthy,No Failure,8/25/2025,Preventive,321.18,1,Center Epsilon,Healthy
CAR-1118,City,2024,2,23638,Diesel,Central,Transmission,100,Healthy,No Failure,10/1/2024,Preventive,877.03,1,Center Delta,Healthy
CAR-1305,Compact,2022,4,32553,Diesel,Central,Engine,89,Healthy,No Failure,8/26/2023,Preventive,660.58,3,Center Beta,Healthy
CAR-1021,City,2024,2,23211,Diesel,Central,Tyre,90,Healthy,No Failure,4/5/2024,Preventive,147.25,1,Center Gamma,Healthy
CAR-1320,Sedan,2020,6,105410,Diesel,West,Headlight,21,Critical,Lighting Failure,8/23/2024,Emergency,285.09,67,Center Alpha,Under Maintenance
CAR-1133,Sedan,2022,4,59820,Hybrid,West,Battery,74,Warning,Battery Failure,12/29/2025,Preventive,178.4,1,Center Delta,Healthy
CAR-1313,Premium Sedan,2018,8,125285,Diesel,Central,Headlight,10,Critical,Lighting Failure,7/22/2023,Emergency,213.19,64,Center Beta,Under Maintenance
CAR-1308,Compact,2018,8,76849,Diesel,South,Suspension,26,Critical,Suspension Failure,5/7/2025,Corrective,764.44,19,Center Gamma,Needs Inspection
CAR-1393,Hatchback,2024,2,28142,Hybrid,North,Engine,58,Warning,Overheating,2/6/2025,Corrective,1036.15,22,Center Alpha,Healthy
CAR-1213,City,2018,8,117799,Petrol,South,Brake,10,Critical,Brake Wear,3/18/2025,Emergency,518.63,51,Center Beta,Under Maintenance
CAR-1209,Compact,2021,5,61225,Hybrid,Central,Brake,87,Healthy,No Failure,7/17/2024,Preventive,298.11,2,Center Delta,Healthy
CAR-1289,Premium Sedan,2022,4,71260,Electric,South,Cooling System,71,Warning,Overheating,5/26/2023,Preventive,243.48,2,Center Delta,Healthy
CAR-1358,Sedan,2023,3,29111,Diesel,North,Tyre,60,Warning,Tyre Damage,7/30/2023,Corrective,271.67,19,Center Epsilon,Healthy
CAR-1401,Compact,2023,3,46652,Diesel,South,Battery,70,Warning,Battery Failure,11/27/2025,Corrective,340,10,Center Delta,Healthy
CAR-1421,Compact,2019,7,91784,Diesel,West,Tyre,41,Critical,Tyre Damage,7/11/2023,Emergency,316.83,45,Center Gamma,Under Maintenance
CAR-1131,Hatchback,2021,5,82525,Diesel,Central,Engine,31,Critical,Mechanical Failure,4/3/2024,Emergency,1770.89,54,Center Epsilon,Under Maintenance
CAR-1184,City,2018,8,130166,Electric,East,Suspension,15,Critical,Suspension Failure,11/15/2024,Emergency,1459.93,23,Center Delta,Needs Inspection
CAR-1320,Sedan,2020,6,77923,Diesel,West,Tyre,62,Warning,Tyre Damage,6/26/2024,Corrective,286.75,21,Center Delta,Healthy
CAR-1323,Premium Sedan,2022,4,46977,Petrol,East,Cooling System,78,Healthy,No Failure,11/11/2024,Preventive,264.45,3,Center Epsilon,Healthy
CAR-1480,Compact,2018,8,82504,Diesel,West,Tyre,16,Critical,Tyre Damage,2/1/2025,Emergency,332.76,38,Center Delta,Under Maintenance
CAR-1155,Hatchback,2021,5,57144,Electric,Central,Brake,40,Critical,Brake Wear,4/13/2023,Corrective,511.5,10,Center Alpha,Needs Inspection
CAR-1234,City,2024,2,24507,Petrol,West,Suspension,73,Warning,Suspension Failure,11/6/2025,Corrective,643.05,17,Center Beta,Healthy
CAR-1228,Premium Sedan,2023,3,21695,Petrol,West,Headlight,70,Warning,Lighting Failure,12/22/2025,Preventive,122.33,2,Center Delta,Healthy
CAR-1321,City,2020,6,65143,Electric,South,Tyre,60,Warning,Tyre Damage,4/3/2024,Corrective,208.87,19,Center Gamma,Healthy
CAR-1118,City,2024,2,23518,Diesel,Central,Battery,74,Warning,Battery Failure,3/10/2024,Corrective,300.54,6,Center Delta,Healthy
CAR-1374,Compact,2018,8,96725,Hybrid,East,Tyre,29,Critical,Tyre Damage,10/18/2023,Corrective,222.94,12,Center Alpha,Needs Inspection
CAR-1047,Premium Sedan,2024,2,22268,Electric,Central,Suspension,100,Healthy,No Failure,12/25/2025,Preventive,370.95,3,Center Epsilon,Healthy
CAR-1476,Crossover,2022,4,57296,Electric,East,Transmission,47,Warning,Transmission Fault,8/25/2025,Preventive,841.56,1,Center Alpha,Healthy
CAR-1110,Sedan,2018,8,134402,Diesel,South,Battery,10,Critical,Battery Failure,3/11/2023,Corrective,238.57,19,Center Alpha,Needs Inspection
CAR-1109,Sedan,2020,6,105074,Petrol,South,Headlight,32,Critical,Lighting Failure,4/21/2023,Emergency,252,19,Center Alpha,Needs Inspection
CAR-1229,Compact,2019,7,105443,Diesel,South,Cooling System,53,Warning,Overheating,9/11/2023,Corrective,477.31,16,Center Alpha,Healthy
CAR-1225,Crossover,2018,8,92019,Petrol,North,Battery,69,Warning,Battery Failure,12/8/2024,Corrective,330.64,9,Center Alpha,Healthy
CAR-1165,Hatchback,2022,4,42831,Diesel,East,Transmission,83,Healthy,No Failure,1/6/2024,Preventive,809.48,1,Center Alpha,Healthy
CAR-1184,City,2018,8,117561,Electric,East,Cooling System,79,Healthy,No Failure,10/17/2024,Preventive,332.42,2,Center Epsilon,Healthy
CAR-1349,City,2022,4,67222,Petrol,North,Cooling System,45,Warning,Overheating,7/6/2023,Preventive,246.19,3,Center Delta,Healthy
CAR-1212,Hatchback,2024,2,40776,Petrol,South,Tyre,90,Healthy,No Failure,11/16/2023,Preventive,194.42,2,Center Gamma,Healthy
CAR-1488,Hatchback,2022,4,70345,Diesel,Central,Headlight,19,Critical,Lighting Failure,6/13/2023,Corrective,207.19,13,Center Epsilon,Needs Inspection
CAR-1268,Crossover,2021,5,76763,Diesel,East,Battery,74,Warning,Battery Failure,10/14/2025,Corrective,356.36,18,Center Alpha,Healthy
CAR-1167,Premium Sedan,2018,8,121867,Diesel,North,Battery,44,Critical,Battery Failure,6/7/2023,Emergency,392.69,28,Center Delta,Under Maintenance
CAR-1271,Premium Sedan,2019,7,108380,Hybrid,North,Engine,32,Critical,Mechanical Failure,4/8/2023,Emergency,2353.07,37,Center Beta,Under Maintenance
CAR-1358,Sedan,2023,3,52806,Diesel,North,Transmission,72,Warning,Transmission Fault,12/13/2025,Corrective,1787.29,15,Center Beta,Healthy
CAR-1009,Hatchback,2021,5,81662,Electric,Central,Engine,61,Warning,Mechanical Failure,12/18/2025,Corrective,1054.23,19,Center Delta,Healthy
CAR-1333,Sedan,2021,5,88014,Electric,West,Brake,29,Critical,Brake Wear,9/11/2025,Emergency,523.61,51,Center Epsilon,Under Maintenance
CAR-1171,Premium Sedan,2019,7,66322,Petrol,West,Battery,66,Warning,Battery Failure,5/30/2023,Preventive,183.36,1,Center Beta,Healthy
CAR-1212,Hatchback,2024,2,17138,Petrol,South,Headlight,63,Warning,Lighting Failure,1/15/2024,Corrective,199.62,7,Center Delta,Healthy
CAR-1228,Premium Sedan,2023,3,32847,Petrol,West,Battery,74,Warning,Battery Failure,1/31/2025,Corrective,291.48,13,Center Delta,Healthy
CAR-1477,Hatchback,2020,6,59874,Electric,Central,Tyre,67,Warning,Tyre Damage,2/14/2024,Preventive,193.1,2,Center Gamma,Healthy
CAR-1226,Compact,2023,3,36921,Petrol,North,Engine,100,Healthy,No Failure,8/9/2023,Preventive,715.59,2,Center Gamma,Healthy
CAR-1234,City,2024,2,19936,Petrol,West,Battery,100,Healthy,No Failure,11/20/2023,Preventive,205.22,1,Center Epsilon,Healthy
CAR-1228,Premium Sedan,2023,3,29252,Petrol,West,Engine,90,Healthy,No Failure,12/31/2024,Preventive,718.94,2,Center Epsilon,Healthy
CAR-1316,City,2019,7,120376,Electric,North,Tyre,47,Warning,Tyre Damage,1/8/2023,Preventive,162.96,2,Center Delta,Healthy
CAR-1245,Sedan,2018,8,79037,Petrol,West,Tyre,43,Critical,Tyre Damage,9/30/2024,Corrective,257.7,9,Center Gamma,Needs Inspection
CAR-1068,Compact,2022,4,58530,Electric,West,Tyre,76,Healthy,No Failure,8/3/2023,Preventive,151.61,1,Center Gamma,Healthy
CAR-1422,Compact,2018,8,87945,Diesel,North,Tyre,10,Critical,Tyre Damage,10/16/2023,Corrective,280.59,7,Center Gamma,Needs Inspection
CAR-1269,Compact,2021,5,67199,Electric,Central,Tyre,60,Warning,Tyre Damage,11/4/2024,Corrective,261.02,22,Center Beta,Healthy
CAR-1497,Compact,2024,2,37421,Diesel,Central,Transmission,95,Healthy,No Failure,7/6/2025,Preventive,899.5,3,Center Alpha,Healthy
CAR-1261,Compact,2021,5,58090,Petrol,Central,Cooling System,71,Warning,Overheating,4/7/2024,Preventive,369.63,3,Center Gamma,Healthy
CAR-1257,Premium Sedan,2020,6,75539,Petrol,West,Suspension,48,Warning,Suspension Failure,1/28/2024,Corrective,652.86,23,Center Delta,Healthy
CAR-1043,Sedan,2021,5,51564,Petrol,East,Battery,75,Healthy,No Failure,6/16/2025,Preventive,168.75,1,Center Delta,Healthy
CAR-1143,Hatchback,2024,2,33613,Electric,Central,Cooling System,83,Healthy,No Failure,1/7/2024,Preventive,258.9,3,Center Beta,Healthy
CAR-1331,Crossover,2024,2,39460,Electric,North,Tyre,60,Warning,Tyre Damage,4/17/2024,Corrective,239.43,7,Center Gamma,Healthy
CAR-1155,Hatchback,2021,5,46196,Electric,Central,Suspension,59,Warning,Suspension Failure,12/9/2024,Corrective,814.5,6,Center Delta,Healthy
CAR-1125,Premium Sedan,2024,2,21581,Petrol,East,Cooling System,93,Healthy,No Failure,4/16/2025,Preventive,265.22,3,Center Epsilon,Healthy
CAR-1227,Hatchback,2022,4,61993,Petrol,South,Tyre,87,Healthy,No Failure,7/26/2025,Preventive,174.46,1,Center Beta,Healthy
CAR-1104,City,2021,5,92301,Electric,North,Tyre,48,Warning,Tyre Damage,8/12/2024,Preventive,173.06,3,Center Beta,Healthy
CAR-1316,City,2019,7,55343,Electric,North,Brake,60,Warning,Brake Wear,10/10/2025,Corrective,479.98,21,Center Alpha,Healthy
CAR-1044,Hatchback,2022,4,64845,Diesel,West,Headlight,79,Healthy,No Failure,9/24/2023,Preventive,105.66,1,Center Beta,Healthy
CAR-1410,Sedan,2018,8,149361,Diesel,South,Battery,10,Critical,Battery Failure,12/11/2024,Corrective,327.28,8,Center Epsilon,Needs Inspection
CAR-1450,Sedan,2020,6,54781,Petrol,North,Transmission,100,Healthy,No Failure,7/22/2024,Preventive,1008.45,1,Center Alpha,Healthy
CAR-1043,Sedan,2021,5,71575,Petrol,East,Engine,58,Warning,Wear,11/25/2023,Preventive,794.68,1,Center Delta,Healthy
CAR-1189,Crossover,2021,5,51130,Petrol,North,Headlight,60,Warning,Lighting Failure,8/11/2025,Preventive,82.24,1,Center Delta,Healthy
CAR-1223,City,2018,8,93468,Hybrid,East,Tyre,68,Warning,Tyre Damage,7/8/2023,Corrective,248.53,23,Center Delta,Healthy
CAR-1479,Premium Sedan,2019,7,97586,Petrol,South,Tyre,45,Warning,Tyre Damage,3/1/2024,Preventive,130.26,2,Center Beta,Healthy
CAR-1060,Premium Sedan,2019,7,104500,Electric,West,Brake,37,Critical,Brake Wear,3/20/2023,Emergency,572.51,33,Center Delta,Under Maintenance
CAR-1364,Crossover,2024,2,23077,Diesel,Central,Cooling System,62,Warning,Overheating,6/21/2024,Corrective,623.06,12,Center Epsilon,Healthy
CAR-1102,City,2018,8,104109,Petrol,Central,Transmission,40,Critical,Transmission Fault,9/23/2023,Emergency,2043.42,47,Center Alpha,Under Maintenance
CAR-1175,Compact,2023,3,28563,Hybrid,Central,Engine,72,Warning,Mechanical Failure,12/28/2023,Preventive,680.49,2,Center Epsilon,Healthy
CAR-1230,Crossover,2021,5,47172,Electric,West,Cooling System,55,Warning,Overheating,12/27/2023,Corrective,581.56,7,Center Alpha,Healthy
CAR-1362,Hatchback,2021,5,89138,Diesel,West,Transmission,69,Warning,Transmission Fault,6/30/2023,Corrective,1688.7,7,Center Gamma,Healthy
CAR-1265,City,2021,5,70598,Electric,West,Tyre,55,Warning,Tyre Damage,8/24/2023,Corrective,196.45,22,Center Epsilon,Healthy
CAR-1129,City,2021,5,54077,Petrol,Central,Cooling System,33,Critical,Overheating,8/18/2025,Emergency,921.07,19,Center Alpha,Needs Inspection
CAR-1096,Premium Sedan,2024,2,21230,Hybrid,West,Battery,94,Healthy,No Failure,12/12/2023,Preventive,161.89,3,Center Gamma,Healthy
CAR-1301,City,2019,7,107023,Petrol,West,Tyre,39,Critical,Tyre Damage,7/16/2025,Corrective,280.36,18,Center Epsilon,Needs Inspection
CAR-1278,City,2021,5,69602,Electric,Central,Suspension,51,Warning,Suspension Failure,4/10/2024,Preventive,526.77,1,Center Epsilon,Healthy
CAR-1446,Compact,2021,5,58220,Petrol,East,Battery,70,Warning,Battery Failure,3/11/2023,Corrective,371.95,18,Center Alpha,Healthy
CAR-1437,Hatchback,2020,6,72499,Diesel,North,Battery,41,Critical,Battery Failure,12/16/2025,Emergency,447.67,23,Center Alpha,Needs Inspection
CAR-1170,Premium Sedan,2019,7,91298,Petrol,West,Headlight,42,Critical,Lighting Failure,9/5/2024,Emergency,322.36,37,Center Alpha,Under Maintenance
CAR-1111,City,2021,5,49431,Hybrid,Central,Headlight,46,Warning,Lighting Failure,10/28/2025,Corrective,204.81,18,Center Delta,Healthy
CAR-1141,Compact,2019,7,91345,Petrol,West,Engine,39,Critical,Wear,9/29/2023,Emergency,1612.02,69,Center Delta,Under Maintenance
CAR-1395,Compact,2021,5,82284,Diesel,South,Transmission,77,Healthy,No Failure,2/7/2025,Preventive,1167.39,1,Center Epsilon,Healthy
CAR-1191,City,2020,6,83198,Petrol,East,Cooling System,42,Critical,Overheating,10/4/2025,Emergency,627.15,61,Center Epsilon,Under Maintenance
CAR-1193,Hatchback,2021,5,46119,Petrol,North,Engine,68,Warning,Wear,3/23/2023,Corrective,1165.96,20,Center Alpha,Healthy
CAR-1187,City,2021,5,49004,Petrol,North,Engine,92,Healthy,No Failure,12/20/2024,Preventive,654.56,2,Center Gamma,Healthy
CAR-1297,Premium Sedan,2022,4,62669,Petrol,East,Headlight,45,Warning,Lighting Failure,4/7/2023,Corrective,163.8,20,Center Gamma,Healthy
CAR-1223,City,2018,8,117758,Hybrid,East,Headlight,21,Critical,Lighting Failure,5/10/2024,Emergency,239.12,33,Center Beta,Under Maintenance
CAR-1243,City,2020,6,61771,Electric,South,Transmission,78,Healthy,No Failure,2/26/2023,Preventive,949.23,1,Center Epsilon,Healthy
CAR-1059,Premium Sedan,2019,7,91613,Diesel,Central,Engine,36,Critical,Wear,9/11/2023,Emergency,2246.04,33,Center Delta,Under Maintenance
CAR-1039,Premium Sedan,2018,8,73237,Petrol,North,Suspension,37,Critical,Suspension Failure,6/14/2025,Emergency,1252.06,69,Center Epsilon,Under Maintenance
CAR-1249,Premium Sedan,2018,8,80862,Hybrid,East,Brake,17,Critical,Brake Wear,7/21/2024,Corrective,519.73,10,Center Epsilon,Needs Inspection
CAR-1110,Sedan,2018,8,90275,Diesel,South,Engine,41,Critical,Mechanical Failure,7/27/2024,Corrective,1321.76,10,Center Delta,Needs Inspection
CAR-1470,City,2019,7,65190,Electric,South,Tyre,46,Warning,Tyre Damage,10/30/2025,Preventive,151.44,3,Center Gamma,Healthy
CAR-1408,Crossover,2018,8,74747,Diesel,South,Tyre,62,Warning,Tyre Damage,8/13/2024,Corrective,268.74,14,Center Epsilon,Healthy
CAR-1293,Sedan,2022,4,49022,Hybrid,South,Tyre,100,Healthy,No Failure,7/30/2023,Preventive,163.49,3,Center Gamma,Healthy
CAR-1025,Hatchback,2020,6,92685,Petrol,South,Brake,31,Critical,Brake Wear,4/29/2023,Emergency,668.74,28,Center Alpha,Under Maintenance
CAR-1181,City,2018,8,136393,Petrol,Central,Brake,15,Critical,Brake Wear,2/1/2025,Emergency,576.68,46,Center Beta,Under Maintenance
CAR-1060,Premium Sedan,2019,7,69817,Electric,West,Engine,47,Warning,Mechanical Failure,4/22/2024,Corrective,1071.06,23,Center Delta,Healthy
CAR-1220,Crossover,2018,8,96489,Hybrid,East,Battery,18,Critical,Battery Failure,2/23/2024,Emergency,519.94,18,Center Delta,Needs Inspection
CAR-1133,Sedan,2022,4,75422,Hybrid,West,Transmission,43,Critical,Transmission Fault,12/16/2023,Emergency,2457.56,28,Center Beta,Under Maintenance
CAR-1421,Compact,2019,7,90071,Diesel,West,Battery,36,Critical,Battery Failure,4/5/2023,Corrective,245.35,15,Center Delta,Needs Inspection
CAR-1300,Crossover,2019,7,127814,Diesel,Central,Transmission,10,Critical,Transmission Fault,11/28/2025,Emergency,2866.76,18,Center Alpha,Needs Inspection
CAR-1282,Hatchback,2018,8,133238,Electric,West,Cooling System,50,Warning,Overheating,1/11/2023,Corrective,564.23,18,Center Gamma,Healthy
CAR-1182,Sedan,2024,2,27693,Petrol,South,Transmission,89,Healthy,No Failure,5/16/2024,Preventive,796.12,1,Center Gamma,Healthy
CAR-1265,City,2021,5,60474,Electric,West,Suspension,75,Healthy,No Failure,2/13/2025,Preventive,486.83,3,Center Gamma,Healthy
CAR-1189,Crossover,2021,5,75163,Petrol,North,Tyre,54,Warning,Tyre Damage,2/6/2023,Preventive,122.16,2,Center Delta,Healthy
CAR-1310,Sedan,2018,8,104463,Petrol,South,Engine,27,Critical,Wear,4/23/2023,Emergency,1687,29,Center Delta,Under Maintenance
CAR-1091,Hatchback,2022,4,44127,Electric,East,Transmission,79,Healthy,No Failure,11/25/2024,Preventive,1118.72,1,Center Epsilon,Healthy
CAR-1356,Hatchback,2022,4,67425,Hybrid,West,Headlight,76,Healthy,No Failure,9/14/2023,Preventive,120.48,1,Center Gamma,Healthy
CAR-1357,Crossover,2021,5,75944,Petrol,Central,Engine,36,Critical,Mechanical Failure,7/10/2025,Corrective,1144.34,19,Center Delta,Needs Inspection
CAR-1442,Crossover,2024,2,33729,Diesel,West,Headlight,100,Healthy,No Failure,3/19/2023,Preventive,105.76,1,Center Delta,Healthy
CAR-1041,Sedan,2019,7,64607,Petrol,South,Engine,55,Warning,Mechanical Failure,9/18/2024,Corrective,1151.26,10,Center Beta,Healthy
CAR-1251,Sedan,2024,2,21827,Electric,East,Tyre,88,Healthy,No Failure,11/28/2023,Preventive,143.21,2,Center Delta,Healthy
CAR-1168,Premium Sedan,2019,7,65911,Hybrid,North,Brake,36,Critical,Brake Wear,4/19/2025,Emergency,573.74,25,Center Epsilon,Under Maintenance
CAR-1237,Premium Sedan,2022,4,65061,Petrol,South,Cooling System,69,Warning,Overheating,9/15/2023,Preventive,298.95,1,Center Delta,Healthy
CAR-1138,Sedan,2024,2,39887,Electric,East,Brake,100,Healthy,No Failure,12/24/2025,Preventive,250.91,2,Center Alpha,Healthy
CAR-1087,Crossover,2018,8,117168,Petrol,North,Transmission,16,Critical,Transmission Fault,6/6/2025,Corrective,1412.67,13,Center Delta,Needs Inspection
CAR-1089,Hatchback,2024,2,27798,Diesel,North,Transmission,72,Warning,Transmission Fault,11/20/2023,Corrective,1371.41,7,Center Gamma,Healthy
CAR-1091,Hatchback,2022,4,65116,Electric,East,Headlight,41,Critical,Lighting Failure,2/6/2024,Emergency,215.89,59,Center Epsilon,Under Maintenance
CAR-1454,Compact,2019,7,77596,Petrol,North,Engine,73,Warning,Mechanical Failure,12/4/2024,Corrective,1564.08,20,Center Beta,Healthy
CAR-1249,Premium Sedan,2018,8,91536,Hybrid,East,Tyre,64,Warning,Tyre Damage,5/16/2025,Corrective,284.28,19,Center Gamma,Healthy
CAR-1029,Sedan,2020,6,83202,Electric,North,Headlight,32,Critical,Lighting Failure,10/5/2024,Emergency,301.77,18,Center Delta,Needs Inspection
CAR-1019,Premium Sedan,2022,4,30836,Electric,South,Cooling System,57,Warning,Overheating,6/2/2023,Corrective,611.52,10,Center Epsilon,Healthy
CAR-1145,City,2024,2,40637,Electric,North,Brake,91,Healthy,No Failure,12/17/2023,Preventive,221.57,2,Center Beta,Healthy
CAR-1134,City,2021,5,46788,Diesel,East,Engine,74,Warning,Mechanical Failure,7/3/2023,Corrective,1329.07,19,Center Beta,Healthy
CAR-1248,Sedan,2018,8,91589,Petrol,Central,Battery,39,Critical,Battery Failure,10/13/2024,Emergency,508.37,37,Center Epsilon,Under Maintenance
CAR-1072,Compact,2022,4,50454,Electric,South,Tyre,62,Warning,Tyre Damage,10/17/2023,Corrective,303.32,13,Center Alpha,Healthy
CAR-1205,Compact,2019,7,84875,Diesel,North,Tyre,79,Healthy,No Failure,10/22/2025,Preventive,154.98,3,Center Alpha,Healthy
CAR-1490,Crossover,2019,7,79734,Electric,West,Headlight,54,Warning,Lighting Failure,10/10/2024,Corrective,200.86,6,Center Gamma,Healthy
CAR-1188,Sedan,2023,3,36724,Petrol,West,Cooling System,95,Healthy,No Failure,11/7/2025,Preventive,356.6,2,Center Epsilon,Healthy
CAR-1043,Sedan,2021,5,43378,Petrol,East,Engine,52,Warning,Mechanical Failure,9/12/2024,Corrective,1531.47,14,Center Delta,Healthy
CAR-1369,Premium Sedan,2023,3,46389,Hybrid,Central,Transmission,73,Warning,Transmission Fault,9/20/2025,Corrective,1153.22,23,Center Alpha,Healthy
CAR-1360,City,2018,8,127952,Petrol,West,Engine,11,Critical,Mechanical Failure,9/21/2023,Corrective,1652.75,6,Center Alpha,Needs Inspection
CAR-1262,City,2019,7,75194,Diesel,North,Engine,43,Critical,Mechanical Failure,9/30/2025,Emergency,1933.66,39,Center Alpha,Under Maintenance
CAR-1436,Premium Sedan,2020,6,82068,Diesel,Central,Engine,21,Critical,Wear,8/22/2025,Emergency,1676.93,30,Center Beta,Under Maintenance
CAR-1115,Compact,2020,6,80506,Diesel,Central,Headlight,43,Critical,Lighting Failure,6/22/2024,Emergency,202.5,19,Center Delta,Needs Inspection
CAR-1177,City,2022,4,59943,Petrol,South,Engine,68,Warning,Mechanical Failure,9/11/2023,Corrective,1228.25,10,Center Gamma,Healthy
CAR-1005,Compact,2019,7,69136,Petrol,East,Brake,36,Critical,Brake Wear,9/3/2023,Emergency,665.28,67,Center Epsilon,Under Maintenance
CAR-1175,Compact,2023,3,30302,Hybrid,Central,Headlight,70,Warning,Lighting Failure,6/17/2023,Preventive,89.29,3,Center Beta,Healthy
CAR-1262,City,2019,7,97029,Diesel,North,Battery,42,Critical,Battery Failure,1/7/2023,Corrective,241.34,16,Center Alpha,Needs Inspection
CAR-1205,Compact,2019,7,67745,Diesel,North,Tyre,51,Warning,Tyre Damage,3/30/2025,Preventive,171.66,1,Center Epsilon,Healthy
CAR-1193,Hatchback,2021,5,70969,Petrol,North,Brake,85,Healthy,No Failure,1/17/2024,Preventive,207.99,3,Center Beta,Healthy
CAR-1451,City,2022,4,51248,Hybrid,East,Tyre,57,Warning,Tyre Damage,6/27/2025,Preventive,143.21,1,Center Epsilon,Healthy
CAR-1213,City,2018,8,100910,Petrol,South,Tyre,56,Warning,Tyre Damage,8/3/2023,Corrective,206.8,13,Center Gamma,Healthy
CAR-1331,Crossover,2024,2,32487,Electric,North,Tyre,100,Healthy,No Failure,12/24/2025,Preventive,162.43,1,Center Alpha,Healthy
CAR-1357,Crossover,2021,5,71540,Petrol,Central,Transmission,81,Healthy,No Failure,1/21/2025,Preventive,1116.05,3,Center Epsilon,Healthy
CAR-1322,City,2018,8,126886,Petrol,North,Engine,23,Critical,Overheating,11/9/2024,Emergency,1752.99,43,Center Beta,Under Maintenance
CAR-1059,Premium Sedan,2019,7,128615,Diesel,Central,Tyre,26,Critical,Tyre Damage,7/16/2024,Emergency,417.45,59,Center Alpha,Under Maintenance
CAR-1041,Sedan,2019,7,109437,Petrol,South,Battery,65,Warning,Battery Failure,3/11/2025,Corrective,366.89,15,Center Epsilon,Healthy
CAR-1333,Sedan,2021,5,54495,Electric,West,Engine,71,Warning,Wear,7/20/2023,Preventive,865.28,3,Center Beta,Healthy
CAR-1328,Crossover,2024,2,18397,Diesel,East,Engine,76,Healthy,No Failure,1/17/2024,Preventive,886.62,3,Center Delta,Healthy
CAR-1034,Crossover,2020,6,66334,Petrol,East,Headlight,63,Warning,Lighting Failure,10/1/2024,Corrective,161.16,23,Center Alpha,Healthy
CAR-1333,Sedan,2021,5,90263,Electric,West,Battery,42,Critical,Battery Failure,6/27/2025,Corrective,324.94,13,Center Delta,Needs Inspection
CAR-1268,Crossover,2021,5,76774,Diesel,East,Tyre,51,Warning,Tyre Damage,3/26/2025,Corrective,301.09,21,Center Beta,Healthy
CAR-1461,Premium Sedan,2019,7,65359,Hybrid,East,Suspension,63,Warning,Suspension Failure,8/21/2024,Preventive,386.01,3,Center Gamma,Healthy
CAR-1296,Crossover,2020,6,73151,Electric,South,Battery,81,Healthy,No Failure,4/21/2023,Preventive,159.41,1,Center Delta,Healthy
CAR-1232,Sedan,2022,4,45102,Diesel,East,Suspension,61,Warning,Suspension Failure,3/19/2025,Preventive,413.09,2,Center Epsilon,Healthy
CAR-1192,Crossover,2022,4,48254,Petrol,North,Transmission,46,Warning,Transmission Fault,6/9/2024,Corrective,1613.75,9,Center Epsilon,Healthy
CAR-1025,Hatchback,2020,6,108932,Petrol,South,Brake,34,Critical,Brake Wear,4/9/2024,Emergency,692.47,47,Center Alpha,Under Maintenance
CAR-1291,City,2023,3,28253,Electric,South,Brake,75,Healthy,No Failure,2/16/2025,Preventive,260.71,1,Center Delta,Healthy
CAR-1020,Hatchback,2021,5,50336,Petrol,Central,Engine,60,Warning,Mechanical Failure,7/7/2023,Preventive,1035.95,2,Center Epsilon,Healthy
CAR-1363,City,2024,2,30613,Electric,East,Tyre,67,Warning,Tyre Damage,12/11/2024,Preventive,151.23,1,Center Gamma,Healthy
CAR-1061,Hatchback,2023,3,27256,Electric,South,Tyre,78,Healthy,No Failure,7/25/2024,Preventive,152.1,2,Center Beta,Healthy
CAR-1074,Crossover,2018,8,101001,Petrol,South,Battery,20,Critical,Battery Failure,2/13/2023,Corrective,361.88,22,Center Gamma,Needs Inspection
CAR-1271,Premium Sedan,2019,7,115721,Hybrid,North,Tyre,16,Critical,Tyre Damage,7/28/2023,Emergency,451.94,33,Center Delta,Under Maintenance
CAR-1462,Hatchback,2022,4,67306,Diesel,West,Brake,61,Warning,Brake Wear,9/22/2023,Corrective,343.46,13,Center Epsilon,Healthy
CAR-1278,City,2021,5,56026,Electric,Central,Engine,59,Warning,Mechanical Failure,4/1/2025,Corrective,1337.97,14,Center Alpha,Healthy
CAR-1226,Compact,2023,3,32075,Petrol,North,Headlight,52,Warning,Lighting Failure,8/5/2024,Corrective,155.01,20,Center Alpha,Healthy
CAR-1134,City,2021,5,76117,Diesel,East,Brake,54,Warning,Brake Wear,5/17/2025,Corrective,431.4,16,Center Epsilon,Healthy
CAR-1461,Premium Sedan,2019,7,87053,Hybrid,East,Transmission,27,Critical,Transmission Fault,10/9/2024,Emergency,2240.49,43,Center Epsilon,Under Maintenance
CAR-1189,Crossover,2021,5,78443,Petrol,North,Tyre,60,Warning,Tyre Damage,2/4/2025,Corrective,192.02,16,Center Beta,Healthy
CAR-1410,Sedan,2018,8,137236,Diesel,South,Tyre,38,Critical,Tyre Damage,3/17/2024,Corrective,272.03,23,Center Epsilon,Needs Inspection
CAR-1007,Sedan,2023,3,52946,Petrol,West,Battery,64,Warning,Battery Failure,7/31/2025,Preventive,152.13,1,Center Beta,Healthy
CAR-1280,Premium Sedan,2023,3,43951,Hybrid,West,Suspension,86,Healthy,No Failure,2/26/2023,Preventive,546.68,3,Center Alpha,Healthy
CAR-1138,Sedan,2024,2,20595,Electric,East,Suspension,90,Healthy,No Failure,3/3/2023,Preventive,419.94,2,Center Delta,Healthy
CAR-1247,Hatchback,2024,2,19046,Electric,North,Engine,92,Healthy,No Failure,7/10/2024,Preventive,932.87,2,Center Delta,Healthy
CAR-1221,Hatchback,2024,2,23938,Diesel,Central,Suspension,64,Warning,Suspension Failure,8/17/2024,Corrective,827.2,9,Center Epsilon,Healthy
CAR-1175,Compact,2023,3,52069,Hybrid,Central,Headlight,51,Warning,Lighting Failure,12/14/2023,Corrective,183.07,13,Center Delta,Healthy
CAR-1280,Premium Sedan,2023,3,39544,Hybrid,West,Suspension,94,Healthy,No Failure,3/16/2023,Preventive,366.31,3,Center Alpha,Healthy
CAR-1000,Premium Sedan,2018,8,76100,Hybrid,South,Tyre,41,Critical,Tyre Damage,7/22/2023,Emergency,365.35,22,Center Beta,Needs Inspection
CAR-1471,Hatchback,2023,3,39649,Petrol,East,Suspension,100,Healthy,No Failure,5/15/2024,Preventive,361.7,1,Center Gamma,Healthy
CAR-1120,Compact,2023,3,24931,Diesel,West,Tyre,68,Warning,Tyre Damage,7/17/2025,Preventive,176.61,3,Center Beta,Healthy
CAR-1148,Premium Sedan,2020,6,89127,Petrol,South,Headlight,83,Healthy,No Failure,8/17/2024,Preventive,114.3,3,Center Epsilon,Healthy
CAR-1079,Compact,2019,7,80436,Petrol,West,Suspension,15,Critical,Suspension Failure,8/14/2024,Corrective,800.51,9,Center Delta,Needs Inspection
CAR-1095,Premium Sedan,2022,4,40252,Diesel,West,Engine,48,Warning,Mechanical Failure,5/20/2025,Preventive,725.84,2,Center Delta,Healthy
CAR-1282,Hatchback,2018,8,109879,Electric,West,Tyre,52,Warning,Tyre Damage,9/16/2025,Preventive,183.47,2,Center Gamma,Healthy
CAR-1307,Compact,2024,2,20713,Petrol,East,Engine,100,Healthy,No Failure,7/7/2024,Preventive,945.5,3,Center Epsilon,Healthy
CAR-1385,Compact,2024,2,38226,Hybrid,Central,Battery,49,Warning,Battery Failure,3/29/2025,Corrective,257.36,16,Center Alpha,Healthy
CAR-1019,Premium Sedan,2022,4,62741,Electric,South,Brake,67,Warning,Brake Wear,5/13/2024,Corrective,349.81,12,Center Delta,Healthy
CAR-1388,City,2022,4,52974,Diesel,East,Suspension,91,Healthy,No Failure,11/19/2024,Preventive,449.27,3,Center Beta,Healthy
CAR-1339,Crossover,2020,6,69807,Electric,Central,Engine,35,Critical,Overheating,7/5/2024,Emergency,2054.29,51,Center Delta,Under Maintenance
CAR-1285,City,2022,4,38011,Petrol,North,Suspension,78,Healthy,No Failure,11/16/2023,Preventive,431.44,3,Center Gamma,Healthy
CAR-1241,Sedan,2021,5,88722,Diesel,South,Suspension,36,Critical,Suspension Failure,2/24/2025,Emergency,1362.45,60,Center Epsilon,Under Maintenance
CAR-1486,Crossover,2020,6,74617,Hybrid,Central,Battery,76,Healthy,No Failure,11/29/2025,Preventive,163.68,1,Center Alpha,Healthy
CAR-1306,Crossover,2022,4,67076,Diesel,North,Suspension,59,Warning,Suspension Failure,9/15/2023,Corrective,857.65,23,Center Gamma,Healthy
CAR-1333,Sedan,2021,5,77924,Electric,West,Engine,74,Warning,Overheating,12/10/2025,Corrective,1443.35,10,Center Alpha,Healthy
CAR-1462,Hatchback,2022,4,53206,Diesel,West,Engine,71,Warning,Overheating,5/9/2025,Corrective,1208.01,11,Center Delta,Healthy
CAR-1425,Premium Sedan,2021,5,86314,Diesel,Central,Engine,36,Critical,Overheating,5/22/2023,Emergency,2554.07,30,Center Delta,Under Maintenance
CAR-1348,Sedan,2018,8,102560,Hybrid,North,Engine,18,Critical,Mechanical Failure,8/26/2024,Emergency,2004.55,21,Center Gamma,Needs Inspection
CAR-1197,Premium Sedan,2019,7,71841,Petrol,West,Battery,54,Warning,Battery Failure,5/7/2024,Preventive,212.6,1,Center Beta,Healthy
CAR-1307,Compact,2024,2,38783,Petrol,East,Suspension,87,Healthy,No Failure,8/2/2024,Preventive,394.5,1,Center Delta,Healthy
CAR-1133,Sedan,2022,4,62477,Hybrid,West,Engine,48,Warning,Wear,8/13/2023,Corrective,1329.06,19,Center Gamma,Healthy
CAR-1285,City,2022,4,59938,Petrol,North,Headlight,57,Warning,Lighting Failure,6/21/2024,Preventive,122.94,1,Center Delta,Healthy
CAR-1388,City,2022,4,52702,Diesel,East,Battery,64,Warning,Battery Failure,10/12/2023,Corrective,268.49,8,Center Delta,Healthy
CAR-1433,Hatchback,2023,3,56033,Petrol,North,Engine,86,Healthy,No Failure,5/18/2023,Preventive,986.39,1,Center Epsilon,Healthy
CAR-1099,Hatchback,2018,8,123636,Petrol,West,Battery,22,Critical,Battery Failure,2/25/2025,Emergency,442.3,56,Center Alpha,Under Maintenance
CAR-1054,Compact,2024,2,31479,Hybrid,Central,Battery,80,Healthy,No Failure,7/6/2025,Preventive,169.97,3,Center Delta,Healthy
CAR-1151,Hatchback,2020,6,85007,Diesel,West,Cooling System,35,Critical,Overheating,9/28/2024,Corrective,482.33,21,Center Gamma,Needs Inspection
CAR-1241,Sedan,2021,5,63498,Diesel,South,Engine,42,Critical,Mechanical Failure,5/18/2024,Emergency,1629.81,59,Center Beta,Under Maintenance
CAR-1142,Premium Sedan,2019,7,82014,Petrol,South,Suspension,43,Critical,Suspension Failure,5/9/2025,Corrective,763.05,9,Center Alpha,Needs Inspection
CAR-1253,Sedan,2018,8,110916,Electric,Central,Cooling System,28,Critical,Overheating,2/8/2024,Emergency,726.98,18,Center Delta,Needs Inspection
CAR-1083,Crossover,2018,8,93453,Petrol,West,Engine,20,Critical,Wear,7/23/2024,Emergency,2335.3,70,Center Beta,Under Maintenance
CAR-1124,Sedan,2019,7,96973,Diesel,East,Cooling System,54,Warning,Overheating,12/6/2024,Corrective,403.42,17,Center Gamma,Healthy
CAR-1326,Crossover,2018,8,114604,Electric,West,Tyre,49,Warning,Tyre Damage,9/11/2023,Corrective,300.06,21,Center Delta,Healthy
CAR-1487,Premium Sedan,2024,2,23820,Hybrid,South,Headlight,85,Healthy,No Failure,5/8/2023,Preventive,98.75,2,Center Alpha,Healthy
CAR-1261,Compact,2021,5,88587,Petrol,Central,Engine,36,Critical,Wear,10/8/2025,Corrective,1150.35,21,Center Beta,Needs Inspection
CAR-1484,City,2024,2,17089,Diesel,North,Brake,86,Healthy,No Failure,7/11/2025,Preventive,216.57,1,Center Alpha,Healthy
CAR-1002,Sedan,2023,3,37246,Electric,North,Brake,61,Warning,Brake Wear,3/14/2024,Preventive,297.96,3,Center Delta,Healthy
CAR-1434,Premium Sedan,2020,6,77117,Petrol,North,Engine,58,Warning,Mechanical Failure,7/12/2025,Corrective,1045.05,10,Center Alpha,Healthy
CAR-1467,Compact,2022,4,61780,Diesel,North,Tyre,96,Healthy,No Failure,8/12/2025,Preventive,169.84,1,Center Beta,Healthy
CAR-1393,Hatchback,2024,2,32566,Hybrid,North,Cooling System,89,Healthy,No Failure,6/1/2024,Preventive,282.81,3,Center Delta,Healthy
CAR-1062,Sedan,2019,7,87615,Electric,Central,Brake,33,Critical,Brake Wear,12/5/2023,Emergency,645.54,50,Center Delta,Under Maintenance
CAR-1228,Premium Sedan,2023,3,33917,Petrol,West,Headlight,57,Warning,Lighting Failure,3/17/2023,Corrective,162.03,9,Center Delta,Healthy
CAR-1203,Crossover,2022,4,65147,Hybrid,South,Battery,86,Healthy,No Failure,9/17/2023,Preventive,150.22,3,Center Delta,Healthy
CAR-1103,City,2023,3,55824,Electric,East,Brake,78,Healthy,No Failure,2/8/2023,Preventive,272.99,1,Center Epsilon,Healthy
CAR-1470,City,2019,7,125531,Electric,South,Tyre,30,Critical,Tyre Damage,11/14/2023,Emergency,455.04,29,Center Epsilon,Under Maintenance
CAR-1268,Crossover,2021,5,85290,Diesel,East,Tyre,62,Warning,Tyre Damage,9/22/2025,Corrective,258.59,8,Center Gamma,Healthy
CAR-1189,Crossover,2021,5,98488,Petrol,North,Tyre,20,Critical,Tyre Damage,4/12/2025,Corrective,227.91,21,Center Alpha,Needs Inspection
CAR-1463,City,2023,3,27407,Hybrid,Central,Tyre,67,Warning,Tyre Damage,2/4/2023,Corrective,206.84,10,Center Epsilon,Healthy
CAR-1396,Sedan,2019,7,104313,Petrol,West,Tyre,49,Warning,Tyre Damage,7/4/2025,Preventive,185.32,1,Center Beta,Healthy
CAR-1297,Premium Sedan,2022,4,32308,Petrol,East,Tyre,67,Warning,Tyre Damage,11/13/2025,Corrective,264.75,6,Center Beta,Healthy
CAR-1083,Crossover,2018,8,65001,Petrol,West,Transmission,52,Warning,Transmission Fault,9/17/2025,Preventive,868.88,1,Center Delta,Healthy
CAR-1121,City,2024,2,28293,Diesel,South,Cooling System,57,Warning,Overheating,4/18/2025,Corrective,390.66,21,Center Epsilon,Healthy
CAR-1409,Premium Sedan,2023,3,58290,Petrol,North,Tyre,68,Warning,Tyre Damage,5/2/2024,Preventive,155.73,2,Center Alpha,Healthy
CAR-1391,Sedan,2020,6,71984,Petrol,South,Suspension,42,Critical,Suspension Failure,1/29/2023,Emergency,1409.2,58,Center Delta,Under Maintenance
CAR-1422,Compact,2018,8,127904,Diesel,North,Suspension,13,Critical,Suspension Failure,4/21/2025,Emergency,1395.63,58,Center Delta,Under Maintenance
CAR-1155,Hatchback,2021,5,78605,Electric,Central,Engine,58,Warning,Mechanical Failure,5/2/2023,Corrective,1274.18,19,Center Beta,Healthy
CAR-1169,Premium Sedan,2020,6,68965,Petrol,West,Cooling System,70,Warning,Overheating,4/17/2024,Preventive,282.21,3,Center Delta,Healthy
CAR-1169,Premium Sedan,2020,6,106623,Petrol,West,Brake,35,Critical,Brake Wear,10/12/2025,Emergency,747.61,26,Center Delta,Under Maintenance
CAR-1416,City,2020,6,63329,Diesel,South,Tyre,71,Warning,Tyre Damage,10/12/2025,Preventive,146,1,Center Beta,Healthy
CAR-1038,Premium Sedan,2020,6,99238,Diesel,Central,Cooling System,33,Critical,Overheating,12/14/2024,Corrective,416.87,8,Center Gamma,Needs Inspection
CAR-1138,Sedan,2024,2,43487,Electric,East,Battery,82,Healthy,No Failure,8/14/2023,Preventive,199.14,2,Center Gamma,Healthy
CAR-1099,Hatchback,2018,8,114713,Petrol,West,Tyre,49,Warning,Tyre Damage,9/16/2025,Corrective,292.76,8,Center Beta,Healthy
CAR-1118,City,2024,2,37522,Diesel,Central,Engine,68,Warning,Mechanical Failure,6/5/2025,Corrective,1433.82,22,Center Gamma,Healthy
CAR-1434,Premium Sedan,2020,6,102595,Petrol,North,Headlight,46,Warning,Lighting Failure,2/29/2024,Corrective,133.11,12,Center Gamma,Healthy
CAR-1008,Sedan,2022,4,72196,Diesel,East,Tyre,83,Healthy,No Failure,11/24/2023,Preventive,134.57,1,Center Beta,Healthy
CAR-1418,Crossover,2022,4,49075,Diesel,West,Engine,49,Warning,Wear,3/6/2025,Corrective,1429.06,9,Center Epsilon,Healthy
CAR-1347,Premium Sedan,2020,6,108311,Petrol,West,Transmission,37,Critical,Transmission Fault,11/26/2023,Emergency,2328.29,32,Center Gamma,Under Maintenance
CAR-1240,Crossover,2022,4,54574,Diesel,West,Battery,76,Healthy,No Failure,12/19/2024,Preventive,174.59,2,Center Beta,Healthy
CAR-1357,Crossover,2021,5,90873,Petrol,Central,Headlight,49,Warning,Lighting Failure,1/5/2025,Corrective,162.64,6,Center Gamma,Healthy
CAR-1137,Crossover,2018,8,123464,Hybrid,East,Battery,23,Critical,Battery Failure,7/9/2024,Emergency,494.87,43,Center Delta,Under Maintenance
CAR-1230,Crossover,2021,5,73753,Electric,West,Battery,57,Warning,Battery Failure,10/20/2025,Preventive,178.56,3,Center Gamma,Healthy
CAR-1369,Premium Sedan,2023,3,37063,Hybrid,Central,Brake,71,Warning,Brake Wear,3/22/2024,Preventive,202.37,3,Center Beta,Healthy
CAR-1257,Premium Sedan,2020,6,116074,Petrol,West,Headlight,24,Critical,Lighting Failure,9/26/2023,Emergency,303.07,49,Center Epsilon,Under Maintenance
CAR-1478,Sedan,2018,8,79364,Diesel,South,Tyre,71,Warning,Tyre Damage,7/24/2025,Corrective,265.14,20,Center Alpha,Healthy
CAR-1076,Compact,2022,4,60072,Hybrid,West,Suspension,83,Healthy,No Failure,2/12/2024,Preventive,570.15,1,Center Alpha,Healthy
CAR-1296,Crossover,2020,6,76703,Electric,South,Transmission,46,Warning,Transmission Fault,9/22/2024,Corrective,1703.38,13,Center Gamma,Healthy
CAR-1159,Premium Sedan,2021,5,79842,Electric,East,Headlight,69,Warning,Lighting Failure,12/21/2023,Preventive,92.54,2,Center Gamma,Healthy
CAR-1291,City,2023,3,40188,Electric,South,Brake,100,Healthy,No Failure,11/29/2024,Preventive,265.81,2,Center Alpha,Healthy
CAR-1193,Hatchback,2021,5,46516,Petrol,North,Suspension,85,Healthy,No Failure,9/18/2025,Preventive,478.29,1,Center Alpha,Healthy
CAR-1202,City,2020,6,58882,Hybrid,North,Engine,83,Healthy,No Failure,9/23/2023,Preventive,943.12,3,Center Delta,Healthy
CAR-1204,City,2022,4,42535,Diesel,North,Suspension,70,Warning,Suspension Failure,10/27/2025,Preventive,569.63,1,Center Alpha,Healthy
CAR-1178,Crossover,2018,8,82830,Diesel,East,Battery,18,Critical,Battery Failure,2/18/2025,Corrective,343.23,13,Center Beta,Needs Inspection
CAR-1282,Hatchback,2018,8,108337,Electric,West,Brake,21,Critical,Brake Wear,3/25/2023,Emergency,770,36,Center Delta,Under Maintenance
CAR-1251,Sedan,2024,2,17674,Electric,East,Tyre,65,Warning,Tyre Damage,1/11/2024,Corrective,204.03,12,Center Alpha,Healthy
CAR-1126,Crossover,2022,4,47801,Petrol,North,Transmission,74,Warning,Transmission Fault,11/24/2023,Preventive,818.44,1,Center Beta,Healthy
CAR-1123,Hatchback,2020,6,98438,Petrol,East,Engine,66,Warning,Mechanical Failure,5/23/2023,Corrective,1132.32,8,Center Alpha,Healthy
CAR-1248,Sedan,2018,8,139670,Petrol,Central,Battery,44,Critical,Battery Failure,7/31/2025,Emergency,407.41,25,Center Gamma,Under Maintenance
CAR-1147,Hatchback,2022,4,63341,Diesel,West,Headlight,62,Warning,Lighting Failure,7/26/2025,Corrective,180.36,21,Center Delta,Healthy
CAR-1484,City,2024,2,40036,Diesel,North,Tyre,77,Healthy,No Failure,9/19/2024,Preventive,149,1,Center Alpha,Healthy
CAR-1088,Hatchback,2024,2,20682,Petrol,South,Suspension,65,Warning,Suspension Failure,7/28/2025,Corrective,914.82,7,Center Gamma,Healthy
CAR-1073,Premium Sedan,2021,5,79752,Electric,North,Suspension,50,Warning,Suspension Failure,1/24/2023,Preventive,465.76,2,Center Beta,Healthy
CAR-1383,Compact,2024,2,31770,Electric,South,Battery,87,Healthy,No Failure,3/23/2023,Preventive,193.72,1,Center Beta,Healthy
CAR-1308,Compact,2018,8,66204,Diesel,South,Brake,46,Warning,Brake Wear,12/22/2023,Corrective,327.05,21,Center Delta,Healthy
CAR-1143,Hatchback,2024,2,26915,Electric,Central,Engine,89,Healthy,No Failure,4/16/2025,Preventive,1039.35,3,Center Alpha,Healthy
CAR-1170,Premium Sedan,2019,7,115705,Petrol,West,Brake,35,Critical,Brake Wear,11/27/2025,Emergency,791.21,23,Center Beta,Needs Inspection
CAR-1261,Compact,2021,5,71044,Petrol,Central,Cooling System,52,Warning,Overheating,5/28/2024,Corrective,558.02,10,Center Alpha,Healthy
CAR-1200,City,2024,2,17174,Petrol,South,Battery,84,Healthy,No Failure,4/19/2024,Preventive,202.87,3,Center Delta,Healthy
CAR-1350,City,2023,3,60524,Diesel,West,Tyre,77,Healthy,No Failure,9/25/2023,Preventive,158.19,2,Center Alpha,Healthy
CAR-1289,Premium Sedan,2022,4,55525,Electric,South,Battery,59,Warning,Battery Failure,11/3/2023,Corrective,318.46,21,Center Beta,Healthy
CAR-1005,Compact,2019,7,110487,Petrol,East,Brake,43,Critical,Brake Wear,3/23/2025,Emergency,784.51,38,Center Gamma,Under Maintenance
CAR-1071,Crossover,2020,6,108082,Diesel,East,Battery,45,Warning,Battery Failure,6/19/2025,Corrective,232.16,20,Center Epsilon,Healthy
CAR-1009,Hatchback,2021,5,85096,Electric,Central,Brake,69,Warning,Brake Wear,7/28/2024,Preventive,279.49,1,Center Beta,Healthy
CAR-1033,Premium Sedan,2022,4,67371,Petrol,East,Brake,39,Critical,Brake Wear,7/19/2024,Emergency,538.74,59,Center Beta,Under Maintenance
CAR-1024,Crossover,2021,5,59168,Diesel,East,Battery,65,Warning,Battery Failure,1/20/2025,Preventive,195.73,3,Center Beta,Healthy
CAR-1142,Premium Sedan,2019,7,114432,Petrol,South,Headlight,43,Critical,Lighting Failure,2/11/2025,Emergency,247.03,65,Center Epsilon,Under Maintenance
CAR-1119,Premium Sedan,2021,5,57688,Diesel,East,Headlight,43,Critical,Lighting Failure,5/11/2023,Corrective,202.15,9,Center Epsilon,Needs Inspection
CAR-1183,Crossover,2024,2,31752,Petrol,South,Battery,81,Healthy,No Failure,10/20/2024,Preventive,209.38,2,Center Delta,Healthy
CAR-1059,Premium Sedan,2019,7,81193,Diesel,Central,Engine,40,Critical,Overheating,2/9/2023,Emergency,2512.77,47,Center Beta,Under Maintenance
CAR-1365,Hatchback,2019,7,109782,Diesel,West,Engine,46,Warning,Mechanical Failure,11/24/2025,Preventive,754.94,2,Center Epsilon,Healthy
CAR-1377,Crossover,2022,4,51964,Diesel,East,Transmission,54,Warning,Transmission Fault,9/12/2025,Preventive,785.03,1,Center Gamma,Healthy
CAR-1231,Premium Sedan,2022,4,65497,Petrol,West,Headlight,81,Healthy,No Failure,1/28/2023,Preventive,112.87,1,Center Gamma,Healthy
CAR-1227,Hatchback,2022,4,42388,Petrol,South,Tyre,55,Warning,Tyre Damage,3/19/2025,Corrective,203.82,17,Center Alpha,Healthy
CAR-1144,Sedan,2023,3,51785,Diesel,East,Engine,58,Warning,Mechanical Failure,4/8/2023,Corrective,1421.2,6,Center Beta,Healthy
CAR-1452,Sedan,2019,7,102684,Petrol,Central,Headlight,46,Warning,Lighting Failure,5/22/2024,Corrective,139.18,13,Center Delta,Healthy
CAR-1322,City,2018,8,125955,Petrol,North,Suspension,24,Critical,Suspension Failure,7/19/2023,Emergency,1160.41,29,Center Beta,Under Maintenance
CAR-1382,Crossover,2018,8,72147,Electric,West,Engine,56,Warning,Mechanical Failure,6/2/2025,Preventive,995.65,2,Center Delta,Healthy
CAR-1015,Premium Sedan,2020,6,48236,Petrol,West,Battery,73,Warning,Battery Failure,4/1/2024,Preventive,179,1,Center Alpha,Healthy
CAR-1226,Compact,2023,3,48132,Petrol,North,Brake,90,Healthy,No Failure,8/10/2023,Preventive,268.16,1,Center Alpha,Healthy
CAR-1062,Sedan,2019,7,110966,Electric,Central,Tyre,67,Warning,Tyre Damage,3/10/2023,Corrective,274.53,20,Center Delta,Healthy
CAR-1031,Compact,2018,8,134601,Diesel,West,Battery,49,Warning,Battery Failure,10/18/2023,Preventive,168.82,1,Center Gamma,Healthy
CAR-1320,Sedan,2020,6,64129,Diesel,West,Battery,86,Healthy,No Failure,10/31/2025,Preventive,192.93,2,Center Gamma,Healthy
CAR-1232,Sedan,2022,4,56016,Diesel,East,Battery,62,Warning,Battery Failure,7/15/2025,Preventive,147.84,3,Center Beta,Healthy
CAR-1298,Crossover,2024,2,43703,Diesel,East,Transmission,81,Healthy,No Failure,3/6/2024,Preventive,1100.39,2,Center Delta,Healthy
CAR-1215,Sedan,2018,8,68438,Electric,South,Battery,59,Warning,Battery Failure,12/18/2025,Corrective,358.19,11,Center Beta,Healthy
CAR-1044,Hatchback,2022,4,71198,Diesel,West,Tyre,48,Warning,Tyre Damage,6/7/2024,Corrective,291.33,12,Center Alpha,Healthy
CAR-1357,Crossover,2021,5,74259,Petrol,Central,Battery,60,Warning,Battery Failure,10/15/2023,Corrective,347.12,10,Center Alpha,Healthy
CAR-1126,Crossover,2022,4,46683,Petrol,North,Engine,60,Warning,Overheating,7/30/2025,Corrective,1423.7,16,Center Beta,Healthy
CAR-1422,Compact,2018,8,64440,Diesel,North,Headlight,36,Critical,Lighting Failure,3/19/2025,Emergency,282.54,29,Center Alpha,Under Maintenance
CAR-1245,Sedan,2018,8,82826,Petrol,West,Brake,33,Critical,Brake Wear,6/21/2024,Emergency,776.85,59,Center Delta,Under Maintenance
CAR-1292,Premium Sedan,2020,6,84578,Petrol,West,Brake,37,Critical,Brake Wear,10/18/2024,Emergency,548.29,64,Center Delta,Under Maintenance
CAR-1348,Sedan,2018,8,86317,Hybrid,North,Battery,57,Warning,Battery Failure,12/25/2024,Corrective,369.87,7,Center Delta,Healthy
CAR-1055,Hatchback,2018,8,120220,Diesel,South,Engine,20,Critical,Overheating,11/29/2025,Emergency,2038.34,20,Center Gamma,Needs Inspection
CAR-1112,Sedan,2021,5,61131,Petrol,West,Cooling System,52,Warning,Overheating,10/3/2023,Preventive,368.64,1,Center Beta,Healthy
CAR-1241,Sedan,2021,5,74611,Diesel,South,Transmission,47,Warning,Transmission Fault,1/31/2025,Corrective,1870.81,15,Center Alpha,Healthy
CAR-1214,City,2024,2,19441,Petrol,South,Engine,73,Warning,Mechanical Failure,6/21/2024,Preventive,694.96,1,Center Beta,Healthy
CAR-1220,Crossover,2018,8,140865,Hybrid,East,Engine,24,Critical,Mechanical Failure,2/4/2025,Emergency,2084.52,63,Center Alpha,Under Maintenance
CAR-1377,Crossover,2022,4,43585,Diesel,East,Tyre,59,Warning,Tyre Damage,8/11/2023,Corrective,300.64,7,Center Epsilon,Healthy
CAR-1182,Sedan,2024,2,32432,Petrol,South,Transmission,99,Healthy,No Failure,11/16/2023,Preventive,1008.55,3,Center Beta,Healthy
CAR-1370,Hatchback,2020,6,86404,Petrol,West,Brake,60,Warning,Brake Wear,6/11/2024,Corrective,418.55,23,Center Delta,Healthy
CAR-1199,Crossover,2020,6,108541,Diesel,South,Cooling System,54,Warning,Overheating,11/29/2023,Corrective,622.09,8,Center Beta,Healthy
CAR-1049,Premium Sedan,2019,7,94771,Electric,North,Transmission,41,Critical,Transmission Fault,11/21/2024,Emergency,1822.6,46,Center Epsilon,Under Maintenance
CAR-1464,Compact,2022,4,62985,Hybrid,North,Tyre,69,Warning,Tyre Damage,7/18/2025,Corrective,221.53,11,Center Gamma,Healthy
CAR-1298,Crossover,2024,2,23506,Diesel,East,Tyre,100,Healthy,No Failure,7/22/2024,Preventive,134.45,1,Center Alpha,Healthy
CAR-1297,Premium Sedan,2022,4,64368,Petrol,East,Suspension,43,Critical,Suspension Failure,12/13/2025,Corrective,759.98,9,Center Alpha,Needs Inspection
CAR-1151,Hatchback,2020,6,80662,Diesel,West,Battery,43,Critical,Battery Failure,10/14/2023,Emergency,555.07,48,Center Beta,Under Maintenance
CAR-1217,Compact,2022,4,55946,Petrol,South,Cooling System,48,Warning,Overheating,10/4/2023,Corrective,587.73,6,Center Alpha,Healthy
CAR-1092,Compact,2021,5,90706,Petrol,South,Suspension,33,Critical,Suspension Failure,4/14/2023,Emergency,1055.94,48,Center Gamma,Under Maintenance
CAR-1387,Compact,2022,4,63648,Diesel,East,Brake,68,Warning,Brake Wear,4/20/2025,Preventive,213.94,1,Center Epsilon,Healthy
CAR-1496,Compact,2021,5,82740,Petrol,Central,Brake,36,Critical,Brake Wear,12/13/2024,Emergency,797.49,70,Center Beta,Under Maintenance
CAR-1265,City,2021,5,88837,Electric,West,Engine,54,Warning,Mechanical Failure,4/3/2023,Corrective,1568.43,10,Center Epsilon,Healthy
CAR-1354,Hatchback,2020,6,78678,Electric,Central,Cooling System,70,Warning,Overheating,11/1/2023,Preventive,328.84,3,Center Gamma,Healthy
CAR-1156,Sedan,2018,8,143672,Petrol,East,Headlight,67,Warning,Lighting Failure,1/18/2025,Preventive,97.78,1,Center Delta,Healthy
CAR-1054,Compact,2024,2,21593,Hybrid,Central,Cooling System,76,Healthy,No Failure,3/3/2023,Preventive,340.2,2,Center Beta,Healthy
CAR-1492,Crossover,2018,8,120187,Hybrid,South,Tyre,44,Critical,Tyre Damage,1/10/2023,Corrective,276.31,18,Center Alpha,Needs Inspection
CAR-1122,Crossover,2021,5,49173,Petrol,West,Suspension,72,Warning,Suspension Failure,5/4/2023,Preventive,394.44,2,Center Beta,Healthy
CAR-1129,City,2021,5,84296,Petrol,Central,Tyre,66,Warning,Tyre Damage,1/1/2024,Corrective,233.2,16,Center Delta,Healthy
CAR-1457,Compact,2022,4,50488,Electric,North,Battery,79,Healthy,No Failure,10/16/2025,Preventive,174.64,3,Center Gamma,Healthy
CAR-1327,Crossover,2020,6,87671,Petrol,South,Tyre,52,Warning,Tyre Damage,5/11/2025,Corrective,195.43,14,Center Beta,Healthy
CAR-1406,City,2019,7,66340,Diesel,Central,Transmission,83,Healthy,No Failure,10/14/2023,Preventive,958.34,3,Center Gamma,Healthy
CAR-1149,Crossover,2024,2,27066,Diesel,West,Tyre,94,Healthy,No Failure,8/27/2023,Preventive,178.8,1,Center Epsilon,Healthy
CAR-1051,Compact,2020,6,101488,Petrol,South,Transmission,17,Critical,Transmission Fault,7/4/2024,Emergency,2336.46,33,Center Gamma,Under Maintenance
CAR-1441,Premium Sedan,2024,2,16590,Petrol,East,Engine,99,Healthy,No Failure,5/1/2025,Preventive,997.93,3,Center Gamma,Healthy
CAR-1173,Crossover,2022,4,77733,Diesel,North,Battery,97,Healthy,No Failure,2/1/2024,Preventive,214.4,1,Center Gamma,Healthy
CAR-1395,Compact,2021,5,50492,Diesel,South,Suspension,61,Warning,Suspension Failure,4/28/2025,Corrective,842.8,7,Center Gamma,Healthy
CAR-1250,Premium Sedan,2023,3,46610,Diesel,South,Brake,77,Healthy,No Failure,8/24/2023,Preventive,254.95,1,Center Delta,Healthy
CAR-1099,Hatchback,2018,8,95742,Petrol,West,Transmission,53,Warning,Transmission Fault,3/2/2024,Preventive,927.37,3,Center Epsilon,Healthy
CAR-1475,Hatchback,2019,7,83277,Hybrid,North,Transmission,24,Critical,Transmission Fault,5/4/2025,Corrective,1743.07,10,Center Beta,Needs Inspection
CAR-1355,Crossover,2022,4,69919,Electric,Central,Tyre,45,Warning,Tyre Damage,4/27/2023,Corrective,236.32,12,Center Gamma,Healthy
CAR-1307,Compact,2024,2,35563,Petrol,East,Suspension,77,Healthy,No Failure,8/6/2024,Preventive,487.03,2,Center Alpha,Healthy
CAR-1370,Hatchback,2020,6,61028,Petrol,West,Brake,67,Warning,Brake Wear,5/24/2024,Corrective,363.44,10,Center Epsilon,Healthy
CAR-1139,City,2022,4,69632,Electric,North,Transmission,62,Warning,Transmission Fault,12/23/2024,Preventive,892.88,2,Center Beta,Healthy
CAR-1010,Premium Sedan,2019,7,87604,Electric,South,Headlight,71,Warning,Lighting Failure,7/23/2024,Corrective,189.37,10,Center Alpha,Healthy
CAR-1303,City,2019,7,83498,Diesel,Central,Transmission,10,Critical,Transmission Fault,1/20/2024,Corrective,1412.11,9,Center Epsilon,Needs Inspection
CAR-1417,Compact,2018,8,93746,Electric,North,Battery,23,Critical,Battery Failure,3/7/2023,Emergency,481.6,40,Center Beta,Under Maintenance
CAR-1461,Premium Sedan,2019,7,95787,Hybrid,East,Transmission,55,Warning,Transmission Fault,2/15/2025,Corrective,1534.92,7,Center Alpha,Healthy
CAR-1300,Crossover,2019,7,103272,Diesel,Central,Suspension,39,Critical,Suspension Failure,4/20/2023,Emergency,1278.86,54,Center Delta,Under Maintenance
CAR-1130,Sedan,2018,8,133000,Electric,Central,Transmission,20,Critical,Transmission Fault,5/25/2024,Emergency,2363.34,32,Center Epsilon,Under Maintenance
CAR-1359,Premium Sedan,2018,8,107160,Diesel,North,Engine,28,Critical,Overheating,10/23/2024,Emergency,1860.22,19,Center Gamma,Needs Inspection
CAR-1177,City,2022,4,42139,Petrol,South,Tyre,73,Warning,Tyre Damage,6/4/2025,Corrective,310.18,13,Center Gamma,Healthy
CAR-1083,Crossover,2018,8,119597,Petrol,West,Tyre,29,Critical,Tyre Damage,12/4/2025,Emergency,425.87,36,Center Delta,Under Maintenance
CAR-1263,Sedan,2023,3,47347,Hybrid,East,Transmission,82,Healthy,No Failure,12/22/2024,Preventive,853.99,3,Center Delta,Healthy
CAR-1106,Sedan,2023,3,39608,Electric,East,Transmission,47,Warning,Transmission Fault,7/12/2025,Corrective,1319.01,22,Center Alpha,Healthy
CAR-1163,Crossover,2024,2,45375,Petrol,West,Brake,72,Warning,Brake Wear,12/7/2023,Preventive,207.73,2,Center Beta,Healthy
CAR-1382,Crossover,2018,8,78243,Electric,West,Cooling System,42,Critical,Overheating,4/18/2025,Corrective,515.6,20,Center Gamma,Needs Inspection
CAR-1277,Compact,2018,8,89769,Electric,West,Headlight,15,Critical,Lighting Failure,12/11/2025,Emergency,248.44,52,Center Gamma,Under Maintenance
CAR-1441,Premium Sedan,2024,2,31573,Petrol,East,Suspension,89,Healthy,No Failure,5/7/2024,Preventive,520.19,3,Center Gamma,Healthy
CAR-1287,Sedan,2022,4,56444,Petrol,North,Engine,76,Healthy,No Failure,1/28/2025,Preventive,764.06,3,Center Delta,Healthy
CAR-1198,Sedan,2019,7,63272,Electric,North,Brake,56,Warning,Brake Wear,5/7/2023,Corrective,463.51,13,Center Alpha,Healthy
CAR-1156,Sedan,2018,8,65453,Petrol,East,Brake,43,Critical,Brake Wear,1/29/2025,Corrective,397.3,22,Center Alpha,Needs Inspection
CAR-1386,Compact,2024,2,40290,Hybrid,South,Brake,71,Warning,Brake Wear,8/29/2024,Preventive,256.17,2,Center Epsilon,Healthy
CAR-1427,Crossover,2022,4,67945,Petrol,North,Brake,83,Healthy,No Failure,9/18/2023,Preventive,323.37,2,Center Alpha,Healthy
CAR-1279,Crossover,2020,6,59321,Petrol,West,Battery,44,Critical,Battery Failure,10/28/2025,Corrective,343.25,13,Center Epsilon,Needs Inspection
CAR-1085,Premium Sedan,2021,5,87959,Petrol,North,Engine,48,Warning,Mechanical Failure,8/9/2023,Corrective,1528.65,8,Center Alpha,Healthy
CAR-1157,Sedan,2019,7,104216,Diesel,South,Engine,63,Warning,Mechanical Failure,3/8/2024,Preventive,991,3,Center Alpha,Healthy
CAR-1383,Compact,2024,2,29721,Electric,South,Battery,74,Warning,Battery Failure,5/31/2023,Corrective,302.89,22,Center Delta,Healthy
CAR-1288,Sedan,2021,5,56008,Petrol,West,Suspension,63,Warning,Suspension Failure,12/27/2025,Preventive,412.14,3,Center Delta,Healthy
CAR-1027,City,2021,5,70795,Diesel,Central,Suspension,53,Warning,Suspension Failure,8/26/2023,Corrective,833.64,17,Center Alpha,Healthy
CAR-1245,Sedan,2018,8,125827,Petrol,West,Cooling System,22,Critical,Overheating,5/8/2024,Emergency,916.12,27,Center Delta,Under Maintenance
CAR-1194,City,2023,3,32743,Diesel,West,Engine,79,Healthy,No Failure,11/21/2023,Preventive,922.35,3,Center Gamma,Healthy
CAR-1105,Premium Sedan,2018,8,142444,Electric,East,Transmission,18,Critical,Transmission Fault,9/20/2025,Corrective,1378.02,18,Center Alpha,Needs Inspection
CAR-1034,Crossover,2020,6,93035,Petrol,East,Engine,60,Warning,Wear,12/9/2023,Corrective,1643.94,22,Center Epsilon,Healthy
CAR-1178,Crossover,2018,8,122012,Diesel,East,Transmission,41,Critical,Transmission Fault,10/22/2023,Emergency,2854.74,50,Center Delta,Under Maintenance
CAR-1074,Crossover,2018,8,131249,Petrol,South,Transmission,27,Critical,Transmission Fault,6/25/2023,Emergency,2064.4,70,Center Gamma,Under Maintenance
CAR-1287,Sedan,2022,4,67563,Petrol,North,Headlight,71,Warning,Lighting Failure,6/13/2023,Preventive,102.69,3,Center Gamma,Healthy
CAR-1390,City,2019,7,71367,Diesel,North,Battery,68,Warning,Battery Failure,5/27/2023,Corrective,327.74,13,Center Delta,Healthy
CAR-1393,Hatchback,2024,2,22263,Hybrid,North,Tyre,100,Healthy,No Failure,10/1/2023,Preventive,162.52,3,Center Gamma,Healthy
CAR-1494,Hatchback,2020,6,111351,Diesel,East,Engine,10,Critical,Mechanical Failure,9/30/2024,Emergency,2102.15,64,Center Beta,Under Maintenance
CAR-1057,Premium Sedan,2022,4,42902,Petrol,South,Battery,70,Warning,Battery Failure,1/16/2025,Corrective,230.83,21,Center Beta,Healthy
CAR-1129,City,2021,5,51565,Petrol,Central,Headlight,64,Warning,Lighting Failure,1/8/2024,Preventive,120.92,2,Center Epsilon,Healthy
CAR-1496,Compact,2021,5,93067,Petrol,Central,Brake,58,Warning,Brake Wear,9/20/2024,Corrective,509.22,11,Center Beta,Healthy
CAR-1446,Compact,2021,5,42060,Petrol,East,Transmission,59,Warning,Transmission Fault,1/2/2024,Corrective,1531.43,11,Center Alpha,Healthy
CAR-1491,Crossover,2021,5,62802,Petrol,East,Tyre,50,Warning,Tyre Damage,3/2/2024,Preventive,191.06,2,Center Epsilon,Healthy
CAR-1001,Hatchback,2023,3,38093,Petrol,North,Engine,71,Warning,Mechanical Failure,3/29/2023,Corrective,1423.3,17,Center Beta,Healthy
CAR-1419,Hatchback,2022,4,65300,Diesel,East,Headlight,58,Warning,Lighting Failure,6/18/2025,Preventive,113.24,1,Center Delta,Healthy
CAR-1132,Crossover,2020,6,101273,Petrol,East,Battery,41,Critical,Battery Failure,10/13/2025,Emergency,534.05,30,Center Beta,Under Maintenance
CAR-1386,Compact,2024,2,29033,Hybrid,South,Tyre,82,Healthy,No Failure,2/28/2025,Preventive,130.08,2,Center Gamma,Healthy
CAR-1336,Sedan,2024,2,20930,Hybrid,South,Battery,73,Warning,Battery Failure,4/28/2025,Corrective,274.56,21,Center Alpha,Healthy
CAR-1499,Premium Sedan,2024,2,26067,Hybrid,Central,Battery,99,Healthy,No Failure,5/13/2024,Preventive,187.95,3,Center Epsilon,Healthy
CAR-1090,Compact,2023,3,34490,Diesel,South,Suspension,89,Healthy,No Failure,9/15/2024,Preventive,380.8,1,Center Gamma,Healthy
CAR-1252,Premium Sedan,2024,2,27986,Hybrid,West,Engine,87,Healthy,No Failure,5/20/2025,Preventive,996.06,2,Center Gamma,Healthy
CAR-1045,City,2022,4,49696,Hybrid,Central,Transmission,60,Warning,Transmission Fault,9/8/2024,Preventive,984.96,3,Center Alpha,Healthy
CAR-1189,Crossover,2021,5,74710,Petrol,North,Transmission,41,Critical,Transmission Fault,11/30/2024,Emergency,2071,21,Center Beta,Needs Inspection
CAR-1140,Compact,2022,4,76547,Electric,South,Transmission,42,Critical,Transmission Fault,3/16/2025,Emergency,2310.49,62,Center Delta,Under Maintenance
CAR-1030,Sedan,2021,5,93858,Diesel,East,Headlight,44,Critical,Lighting Failure,7/17/2024,Emergency,205.32,68,Center Beta,Under Maintenance
CAR-1148,Premium Sedan,2020,6,92294,Petrol,South,Tyre,45,Warning,Tyre Damage,7/16/2024,Preventive,157.19,1,Center Delta,Healthy
CAR-1035,Crossover,2020,6,76692,Hybrid,North,Tyre,48,Warning,Tyre Damage,10/15/2023,Preventive,170.08,2,Center Epsilon,Healthy
CAR-1011,Sedan,2021,5,94448,Petrol,South,Tyre,23,Critical,Tyre Damage,1/28/2024,Emergency,433.13,31,Center Alpha,Under Maintenance
CAR-1283,Sedan,2018,8,120860,Hybrid,West,Tyre,10,Critical,Tyre Damage,5/17/2024,Corrective,305.32,17,Center Delta,Needs Inspection
CAR-1149,Crossover,2024,2,24609,Diesel,West,Tyre,61,Warning,Tyre Damage,2/3/2023,Corrective,261.96,10,Center Alpha,Healthy
CAR-1415,Sedan,2019,7,81648,Diesel,North,Cooling System,43,Critical,Overheating,6/5/2024,Emergency,612.08,25,Center Epsilon,Under Maintenance
CAR-1274,Premium Sedan,2021,5,61721,Petrol,Central,Suspension,38,Critical,Suspension Failure,7/13/2024,Emergency,1355.75,32,Center Gamma,Under Maintenance
CAR-1144,Sedan,2023,3,48384,Diesel,East,Brake,51,Warning,Brake Wear,8/30/2023,Preventive,200.51,2,Center Beta,Healthy
CAR-1449,Crossover,2020,6,62180,Diesel,Central,Engine,43,Critical,Overheating,1/11/2023,Corrective,1426.71,18,Center Gamma,Needs Inspection
CAR-1470,City,2019,7,77995,Electric,South,Brake,43,Critical,Brake Wear,12/29/2024,Corrective,375.05,18,Center Delta,Needs Inspection
CAR-1025,Hatchback,2020,6,68478,Petrol,South,Cooling System,62,Warning,Overheating,5/29/2024,Corrective,600.06,15,Center Beta,Healthy
CAR-1101,City,2018,8,123296,Electric,West,Cooling System,10,Critical,Overheating,5/20/2025,Emergency,939.08,18,Center Epsilon,Needs Inspection
CAR-1033,Premium Sedan,2022,4,48688,Petrol,East,Brake,60,Warning,Brake Wear,2/28/2024,Corrective,502.76,14,Center Beta,Healthy
CAR-1155,Hatchback,2021,5,75613,Electric,Central,Cooling System,57,Warning,Overheating,7/4/2023,Corrective,493.71,11,Center Gamma,Healthy
CAR-1109,Sedan,2020,6,77918,Petrol,South,Battery,44,Critical,Battery Failure,10/29/2025,Emergency,418.2,30,Center Gamma,Under Maintenance
CAR-1046,Compact,2021,5,88160,Petrol,East,Battery,59,Warning,Battery Failure,10/19/2024,Preventive,148.99,1,Center Alpha,Healthy
CAR-1392,Crossover,2020,6,96825,Diesel,Central,Battery,27,Critical,Battery Failure,8/22/2025,Corrective,241.08,11,Center Delta,Needs Inspection
CAR-1290,Crossover,2022,4,55647,Petrol,Central,Engine,55,Warning,Mechanical Failure,2/10/2025,Preventive,928.49,3,Center Delta,Healthy
CAR-1383,Compact,2024,2,36177,Electric,South,Engine,65,Warning,Mechanical Failure,4/30/2023,Corrective,1517.7,8,Center Delta,Healthy
CAR-1469,Crossover,2021,5,69203,Petrol,West,Suspension,40,Critical,Suspension Failure,8/2/2025,Emergency,915.5,68,Center Beta,Under Maintenance
CAR-1193,Hatchback,2021,5,78842,Petrol,North,Brake,32,Critical,Brake Wear,10/23/2024,Emergency,596.36,55,Center Gamma,Under Maintenance
CAR-1431,Hatchback,2019,7,117216,Petrol,South,Suspension,22,Critical,Suspension Failure,6/3/2025,Corrective,749.03,23,Center Alpha,Needs Inspection
CAR-1145,City,2024,2,30849,Electric,North,Battery,79,Healthy,No Failure,10/5/2023,Preventive,221.64,1,Center Epsilon,Healthy
CAR-1409,Premium Sedan,2023,3,50284,Petrol,North,Tyre,73,Warning,Tyre Damage,6/15/2024,Preventive,163.46,2,Center Delta,Healthy
CAR-1267,Compact,2019,7,77748,Hybrid,East,Engine,31,Critical,Mechanical Failure,12/19/2023,Emergency,1674.41,58,Center Delta,Under Maintenance
CAR-1375,City,2023,3,48790,Electric,Central,Battery,74,Warning,Battery Failure,9/8/2023,Corrective,320.59,14,Center Gamma,Healthy
CAR-1046,Compact,2021,5,87003,Petrol,East,Battery,55,Warning,Battery Failure,8/26/2024,Preventive,191.17,3,Center Beta,Healthy
CAR-1289,Premium Sedan,2022,4,57248,Electric,South,Suspension,79,Healthy,No Failure,6/19/2024,Preventive,393.6,1,Center Delta,Healthy
CAR-1173,Crossover,2022,4,69949,Diesel,North,Headlight,88,Healthy,No Failure,11/2/2025,Preventive,104.18,3,Center Epsilon,Healthy
CAR-1314,City,2020,6,68624,Electric,Central,Engine,31,Critical,Wear,9/21/2024,Emergency,2026.16,60,Center Beta,Under Maintenance
CAR-1339,Crossover,2020,6,78817,Electric,Central,Tyre,40,Critical,Tyre Damage,1/26/2023,Emergency,423.19,23,Center Alpha,Needs Inspection
CAR-1449,Crossover,2020,6,85234,Diesel,Central,Brake,46,Warning,Brake Wear,10/27/2023,Corrective,397.31,21,Center Beta,Healthy
CAR-1257,Premium Sedan,2020,6,84593,Petrol,West,Battery,44,Critical,Battery Failure,6/22/2025,Corrective,325.1,16,Center Beta,Needs Inspection
CAR-1388,City,2022,4,42552,Diesel,East,Cooling System,91,Healthy,No Failure,11/23/2023,Preventive,299.88,3,Center Gamma,Healthy
CAR-1135,Hatchback,2022,4,55937,Electric,North,Tyre,55,Warning,Tyre Damage,2/15/2025,Corrective,288.65,19,Center Delta,Healthy
CAR-1213,City,2018,8,114105,Petrol,South,Tyre,16,Critical,Tyre Damage,11/25/2023,Emergency,312.42,49,Center Delta,Under Maintenance
CAR-1411,Premium Sedan,2024,2,18377,Diesel,East,Engine,67,Warning,Mechanical Failure,5/27/2024,Preventive,788.06,3,Center Alpha,Healthy
CAR-1112,Sedan,2021,5,86701,Petrol,West,Battery,36,Critical,Battery Failure,11/9/2023,Emergency,536.73,71,Center Gamma,Under Maintenance
CAR-1345,Hatchback,2019,7,82068,Diesel,West,Engine,48,Warning,Wear,2/28/2024,Preventive,786.47,1,Center Gamma,Healthy
CAR-1413,Compact,2023,3,35527,Diesel,South,Brake,73,Warning,Brake Wear,10/3/2025,Corrective,334.47,16,Center Alpha,Healthy
CAR-1305,Compact,2022,4,62945,Diesel,Central,Tyre,50,Warning,Tyre Damage,2/26/2023,Preventive,129.8,2,Center Epsilon,Healthy
CAR-1426,Compact,2021,5,56528,Hybrid,Central,Cooling System,51,Warning,Overheating,11/4/2024,Preventive,349.64,2,Center Epsilon,Healthy
CAR-1401,Compact,2023,3,45193,Diesel,South,Battery,69,Warning,Battery Failure,10/12/2024,Corrective,255.53,19,Center Gamma,Healthy
CAR-1343,Hatchback,2022,4,64962,Hybrid,North,Tyre,71,Warning,Tyre Damage,11/23/2023,Preventive,151.43,1,Center Delta,Healthy
CAR-1243,City,2020,6,57762,Electric,South,Tyre,90,Healthy,No Failure,11/23/2024,Preventive,168.83,1,Center Delta,Healthy
CAR-1425,Premium Sedan,2021,5,41467,Diesel,Central,Tyre,86,Healthy,No Failure,8/4/2025,Preventive,133.99,1,Center Delta,Healthy
CAR-1079,Compact,2019,7,114493,Petrol,West,Suspension,26,Critical,Suspension Failure,10/10/2025,Emergency,934.09,56,Center Delta,Under Maintenance
CAR-1011,Sedan,2021,5,88663,Petrol,South,Headlight,60,Warning,Lighting Failure,3/16/2023,Preventive,119.66,1,Center Beta,Healthy
CAR-1197,Premium Sedan,2019,7,91202,Petrol,West,Battery,10,Critical,Battery Failure,2/7/2023,Emergency,419.34,69,Center Gamma,Under Maintenance
CAR-1167,Premium Sedan,2018,8,85950,Diesel,North,Battery,16,Critical,Battery Failure,11/15/2023,Emergency,401.55,45,Center Epsilon,Under Maintenance
CAR-1082,Premium Sedan,2020,6,107981,Diesel,South,Brake,40,Critical,Brake Wear,11/24/2025,Corrective,477.54,15,Center Epsilon,Needs Inspection
CAR-1282,Hatchback,2018,8,87056,Electric,West,Engine,28,Critical,Mechanical Failure,10/1/2023,Emergency,1750.12,60,Center Alpha,Under Maintenance
CAR-1321,City,2020,6,103079,Electric,South,Engine,61,Warning,Wear,7/22/2023,Preventive,1012,2,Center Beta,Healthy
CAR-1083,Crossover,2018,8,79672,Petrol,West,Brake,48,Warning,Brake Wear,3/23/2025,Corrective,356.1,13,Center Beta,Healthy
CAR-1197,Premium Sedan,2019,7,102672,Petrol,West,Cooling System,34,Critical,Overheating,5/14/2025,Emergency,743.27,46,Center Epsilon,Under Maintenance
CAR-1468,Crossover,2018,8,89258,Electric,East,Cooling System,12,Critical,Overheating,7/7/2025,Emergency,641.8,44,Center Beta,Under Maintenance
CAR-1036,Crossover,2022,4,61508,Diesel,Central,Battery,74,Warning,Battery Failure,8/18/2023,Corrective,291.46,6,Center Epsilon,Healthy
CAR-1339,Crossover,2020,6,64240,Electric,Central,Brake,54,Warning,Brake Wear,11/28/2023,Corrective,344.68,18,Center Beta,Healthy
CAR-1285,City,2022,4,65689,Petrol,North,Brake,53,Warning,Brake Wear,4/16/2024,Corrective,422.5,17,Center Delta,Healthy
CAR-1181,City,2018,8,129520,Petrol,Central,Battery,27,Critical,Battery Failure,10/1/2024,Emergency,383.11,19,Center Beta,Needs Inspection
CAR-1481,Sedan,2024,2,39041,Diesel,Central,Battery,72,Warning,Battery Failure,3/17/2023,Preventive,155.79,3,Center Epsilon,Healthy
CAR-1167,Premium Sedan,2018,8,118486,Diesel,North,Tyre,10,Critical,Tyre Damage,6/12/2025,Emergency,364.09,18,Center Epsilon,Needs Inspection
CAR-1156,Sedan,2018,8,123047,Petrol,East,Transmission,40,Critical,Transmission Fault,4/18/2023,Corrective,1173.71,7,Center Gamma,Needs Inspection
CAR-1176,Premium Sedan,2020,6,65634,Electric,Central,Headlight,36,Critical,Lighting Failure,6/22/2025,Corrective,141.54,18,Center Epsilon,Needs Inspection
CAR-1018,Compact,2022,4,40207,Diesel,North,Battery,51,Warning,Battery Failure,6/28/2023,Preventive,219.18,3,Center Beta,Healthy
CAR-1452,Sedan,2019,7,71929,Petrol,Central,Tyre,58,Warning,Tyre Damage,8/3/2025,Corrective,223.97,10,Center Alpha,Healthy
CAR-1189,Crossover,2021,5,50175,Petrol,North,Engine,70,Warning,Mechanical Failure,1/12/2023,Corrective,1315.51,17,Center Epsilon,Healthy
CAR-1084,Crossover,2020,6,110934,Diesel,East,Engine,40,Critical,Mechanical Failure,4/14/2025,Emergency,2447.84,63,Center Epsilon,Under Maintenance
CAR-1015,Premium Sedan,2020,6,78489,Petrol,West,Cooling System,67,Warning,Overheating,8/6/2025,Preventive,352.46,1,Center Gamma,Healthy
CAR-1464,Compact,2022,4,70624,Hybrid,North,Brake,66,Warning,Brake Wear,10/14/2024,Corrective,508.78,22,Center Gamma,Healthy
CAR-1244,Premium Sedan,2021,5,81286,Petrol,West,Headlight,59,Warning,Lighting Failure,9/19/2023,Preventive,111.59,2,Center Beta,Healthy
CAR-1412,Compact,2021,5,77148,Hybrid,South,Engine,44,Critical,Mechanical Failure,2/6/2023,Corrective,1164.78,21,Center Beta,Needs Inspection
CAR-1101,City,2018,8,103979,Electric,West,Brake,48,Warning,Brake Wear,12/30/2023,Corrective,387.97,11,Center Epsilon,Healthy
CAR-1307,Compact,2024,2,30676,Petrol,East,Brake,98,Healthy,No Failure,5/2/2023,Preventive,249.51,2,Center Alpha,Healthy
CAR-1436,Premium Sedan,2020,6,49470,Diesel,Central,Cooling System,41,Critical,Overheating,3/2/2025,Emergency,862.67,43,Center Delta,Under Maintenance
CAR-1315,Premium Sedan,2022,4,39982,Diesel,Central,Tyre,51,Warning,Tyre Damage,1/25/2024,Corrective,242.28,13,Center Beta,Healthy
CAR-1471,Hatchback,2023,3,47078,Petrol,East,Battery,51,Warning,Battery Failure,8/2/2023,Preventive,219.44,3,Center Beta,Healthy
CAR-1218,Compact,2021,5,69648,Petrol,West,Engine,58,Warning,Mechanical Failure,6/30/2025,Preventive,964.13,3,Center Alpha,Healthy
CAR-1329,Crossover,2018,8,84607,Diesel,Central,Battery,54,Warning,Battery Failure,8/17/2023,Corrective,292.53,21,Center Gamma,Healthy
CAR-1452,Sedan,2019,7,101591,Petrol,Central,Brake,20,Critical,Brake Wear,7/30/2025,Emergency,772.52,39,Center Gamma,Under Maintenance
CAR-1457,Compact,2022,4,45373,Electric,North,Tyre,63,Warning,Tyre Damage,9/18/2025,Preventive,178.58,1,Center Gamma,Healthy
CAR-1041,Sedan,2019,7,73476,Petrol,South,Engine,37,Critical,Overheating,2/5/2024,Emergency,1975.74,55,Center Alpha,Under Maintenance
CAR-1247,Hatchback,2024,2,33528,Electric,North,Suspension,87,Healthy,No Failure,7/2/2025,Preventive,462.65,2,Center Alpha,Healthy
CAR-1378,Compact,2023,3,33663,Petrol,Central,Tyre,81,Healthy,No Failure,2/13/2024,Preventive,141.93,1,Center Beta,Healthy
CAR-1248,Sedan,2018,8,99772,Petrol,Central,Tyre,66,Warning,Tyre Damage,3/17/2023,Corrective,231.99,22,Center Alpha,Healthy
CAR-1027,City,2021,5,83701,Diesel,Central,Engine,53,Warning,Mechanical Failure,7/1/2023,Preventive,998.79,3,Center Beta,Healthy
CAR-1065,Premium Sedan,2024,2,29392,Electric,North,Tyre,100,Healthy,No Failure,10/31/2024,Preventive,134.78,3,Center Beta,Healthy
CAR-1089,Hatchback,2024,2,29740,Diesel,North,Brake,66,Warning,Brake Wear,4/14/2025,Corrective,433.91,17,Center Epsilon,Healthy
CAR-1355,Crossover,2022,4,42518,Electric,Central,Battery,78,Healthy,No Failure,4/3/2024,Preventive,162.92,3,Center Epsilon,Healthy
CAR-1228,Premium Sedan,2023,3,42719,Petrol,West,Tyre,60,Warning,Tyre Damage,4/28/2024,Corrective,237.1,21,Center Delta,Healthy
CAR-1437,Hatchback,2020,6,83263,Diesel,North,Suspension,56,Warning,Suspension Failure,10/7/2023,Corrective,892.22,8,Center Gamma,Healthy
CAR-1229,Compact,2019,7,83303,Diesel,South,Battery,57,Warning,Battery Failure,3/1/2023,Preventive,165.42,3,Center Epsilon,Healthy
CAR-1134,City,2021,5,64709,Diesel,East,Suspension,66,Warning,Suspension Failure,2/15/2024,Preventive,385.48,1,Center Gamma,Healthy
CAR-1385,Compact,2024,2,25010,Hybrid,Central,Engine,73,Warning,Mechanical Failure,7/12/2025,Corrective,1248.13,23,Center Delta,Healthy
CAR-1122,Crossover,2021,5,47291,Petrol,West,Tyre,70,Warning,Tyre Damage,1/1/2025,Preventive,185.69,1,Center Gamma,Healthy
CAR-1384,Sedan,2024,2,36497,Diesel,West,Headlight,56,Warning,Lighting Failure,11/26/2024,Preventive,97.62,1,Center Beta,Healthy
CAR-1336,Sedan,2024,2,40835,Hybrid,South,Tyre,55,Warning,Tyre Damage,3/17/2024,Corrective,235.67,10,Center Alpha,Healthy
CAR-1297,Premium Sedan,2022,4,63592,Petrol,East,Engine,58,Warning,Wear,7/10/2023,Preventive,793.88,2,Center Beta,Healthy
CAR-1278,City,2021,5,79329,Electric,Central,Transmission,44,Critical,Transmission Fault,4/7/2024,Emergency,2608.07,27,Center Alpha,Under Maintenance
CAR-1433,Hatchback,2023,3,44615,Petrol,North,Brake,67,Warning,Brake Wear,4/5/2024,Preventive,234.52,1,Center Alpha,Healthy
CAR-1069,Crossover,2019,7,97098,Petrol,Central,Tyre,21,Critical,Tyre Damage,9/2/2025,Corrective,223.47,19,Center Gamma,Needs Inspection
CAR-1131,Hatchback,2021,5,58803,Diesel,Central,Headlight,55,Warning,Lighting Failure,1/25/2024,Preventive,80.76,3,Center Delta,Healthy
CAR-1359,Premium Sedan,2018,8,65902,Diesel,North,Suspension,27,Critical,Suspension Failure,4/13/2024,Emergency,1319.76,36,Center Gamma,Under Maintenance
CAR-1113,Hatchback,2022,4,46698,Diesel,North,Headlight,60,Warning,Lighting Failure,6/28/2024,Corrective,189.59,7,Center Epsilon,Healthy
CAR-1110,Sedan,2018,8,108757,Diesel,South,Suspension,21,Critical,Suspension Failure,6/24/2023,Emergency,936.89,44,Center Alpha,Under Maintenance
CAR-1342,City,2022,4,55015,Diesel,North,Brake,76,Healthy,No Failure,3/30/2024,Preventive,314.39,1,Center Delta,Healthy
CAR-1214,City,2024,2,40401,Petrol,South,Battery,92,Healthy,No Failure,2/4/2023,Preventive,201.33,1,Center Alpha,Healthy
CAR-1174,Sedan,2022,4,73932,Petrol,West,Headlight,62,Warning,Lighting Failure,8/10/2025,Corrective,172.85,11,Center Beta,Healthy
CAR-1027,City,2021,5,72188,Diesel,Central,Transmission,36,Critical,Transmission Fault,6/23/2025,Corrective,1246.26,10,Center Beta,Needs Inspection
CAR-1014,Compact,2019,7,94207,Petrol,Central,Transmission,52,Warning,Transmission Fault,11/27/2025,Preventive,1089.23,3,Center Gamma,Healthy
CAR-1391,Sedan,2020,6,49862,Petrol,South,Suspension,83,Healthy,No Failure,6/15/2023,Preventive,440.85,1,Center Epsilon,Healthy
CAR-1478,Sedan,2018,8,74446,Diesel,South,Suspension,41,Critical,Suspension Failure,5/2/2024,Emergency,1439.16,22,Center Epsilon,Needs Inspection
CAR-1222,City,2021,5,72576,Diesel,East,Tyre,30,Critical,Tyre Damage,3/17/2023,Emergency,428.33,51,Center Alpha,Under Maintenance
CAR-1081,Crossover,2018,8,135146,Diesel,West,Suspension,10,Critical,Suspension Failure,12/7/2025,Corrective,920.26,17,Center Delta,Needs Inspection
CAR-1338,Hatchback,2023,3,52913,Petrol,South,Brake,63,Warning,Brake Wear,11/21/2023,Corrective,433.79,13,Center Beta,Healthy
CAR-1304,Hatchback,2020,6,79806,Electric,South,Tyre,56,Warning,Tyre Damage,6/3/2025,Corrective,298.02,6,Center Beta,Healthy
CAR-1432,City,2022,4,43959,Petrol,North,Suspension,51,Warning,Suspension Failure,4/13/2025,Preventive,392.78,3,Center Beta,Healthy
CAR-1162,Hatchback,2023,3,50581,Hybrid,Central,Battery,79,Healthy,No Failure,7/12/2023,Preventive,199.23,2,Center Gamma,Healthy
CAR-1029,Sedan,2020,6,54794,Electric,North,Battery,46,Warning,Battery Failure,3/14/2023,Preventive,194.47,3,Center Delta,Healthy
CAR-1187,City,2021,5,52520,Petrol,North,Brake,63,Warning,Brake Wear,5/17/2024,Preventive,280.5,3,Center Beta,Healthy
CAR-1055,Hatchback,2018,8,127054,Diesel,South,Engine,27,Critical,Mechanical Failure,4/26/2023,Emergency,2312.47,22,Center Gamma,Needs Inspection
CAR-1230,Crossover,2021,5,60463,Electric,West,Tyre,52,Warning,Tyre Damage,5/6/2025,Preventive,178.12,2,Center Delta,Healthy
CAR-1326,Crossover,2018,8,128345,Electric,West,Headlight,17,Critical,Lighting Failure,9/23/2025,Emergency,222.48,19,Center Alpha,Needs Inspection
CAR-1435,Premium Sedan,2020,6,99741,Petrol,North,Battery,45,Warning,Battery Failure,7/2/2025,Preventive,198.4,3,Center Beta,Healthy
CAR-1476,Crossover,2022,4,31075,Electric,East,Suspension,81,Healthy,No Failure,9/12/2023,Preventive,361.78,3,Center Delta,Healthy
CAR-1486,Crossover,2020,6,80315,Hybrid,Central,Engine,54,Warning,Mechanical Failure,10/10/2024,Corrective,1158.38,17,Center Alpha,Healthy
CAR-1319,Premium Sedan,2023,3,33574,Diesel,North,Cooling System,87,Healthy,No Failure,8/10/2025,Preventive,380.88,1,Center Delta,Healthy
CAR-1386,Compact,2024,2,34083,Hybrid,South,Suspension,100,Healthy,No Failure,6/4/2023,Preventive,525.66,1,Center Gamma,Healthy
CAR-1091,Hatchback,2022,4,53448,Electric,East,Tyre,70,Warning,Tyre Damage,12/30/2023,Preventive,123.43,3,Center Beta,Healthy
CAR-1213,City,2018,8,113206,Petrol,South,Transmission,38,Critical,Transmission Fault,3/2/2025,Corrective,1495.11,8,Center Gamma,Needs Inspection
CAR-1302,Sedan,2023,3,30471,Diesel,East,Tyre,98,Healthy,No Failure,6/17/2024,Preventive,134.41,2,Center Epsilon,Healthy
CAR-1352,Premium Sedan,2023,3,38983,Diesel,North,Tyre,84,Healthy,No Failure,3/20/2025,Preventive,163.17,3,Center Delta,Healthy
CAR-1037,Sedan,2021,5,84491,Petrol,East,Headlight,42,Critical,Lighting Failure,7/30/2023,Emergency,252.14,67,Center Delta,Under Maintenance
CAR-1480,Compact,2018,8,102764,Diesel,West,Engine,25,Critical,Mechanical Failure,12/2/2025,Emergency,2086.17,68,Center Beta,Under Maintenance
CAR-1296,Crossover,2020,6,94043,Electric,South,Brake,10,Critical,Brake Wear,12/19/2024,Emergency,535.14,63,Center Beta,Under Maintenance
CAR-1067,Premium Sedan,2019,7,121076,Hybrid,South,Battery,34,Critical,Battery Failure,8/23/2024,Emergency,582.73,25,Center Epsilon,Under Maintenance
CAR-1066,Compact,2021,5,77574,Petrol,North,Cooling System,49,Warning,Overheating,2/6/2024,Corrective,405.87,16,Center Beta,Healthy
CAR-1259,City,2018,8,120102,Diesel,South,Tyre,10,Critical,Tyre Damage,11/28/2025,Emergency,364.12,59,Center Beta,Under Maintenance
CAR-1106,Sedan,2023,3,48240,Electric,East,Headlight,70,Warning,Lighting Failure,2/9/2024,Corrective,171.75,19,Center Delta,Healthy
CAR-1486,Crossover,2020,6,93256,Hybrid,Central,Tyre,47,Warning,Tyre Damage,12/11/2023,Preventive,146.04,2,Center Epsilon,Healthy
CAR-1148,Premium Sedan,2020,6,91185,Petrol,South,Suspension,59,Warning,Suspension Failure,9/13/2024,Corrective,911.59,13,Center Epsilon,Healthy
CAR-1405,Premium Sedan,2024,2,17526,Diesel,North,Headlight,77,Healthy,No Failure,5/10/2023,Preventive,112.6,3,Center Gamma,Healthy
CAR-1478,Sedan,2018,8,70851,Diesel,South,Engine,54,Warning,Overheating,1/18/2023,Preventive,988.26,1,Center Epsilon,Healthy
CAR-1395,Compact,2021,5,44774,Diesel,South,Tyre,41,Critical,Tyre Damage,10/3/2025,Emergency,390.05,31,Center Gamma,Under Maintenance
CAR-1190,Sedan,2024,2,27257,Electric,East,Tyre,98,Healthy,No Failure,10/25/2024,Preventive,127.95,2,Center Gamma,Healthy
CAR-1377,Crossover,2022,4,42817,Diesel,East,Suspension,62,Warning,Suspension Failure,3/16/2025,Corrective,814.61,15,Center Beta,Healthy
CAR-1303,City,2019,7,110497,Diesel,Central,Tyre,52,Warning,Tyre Damage,7/26/2023,Preventive,162.37,3,Center Epsilon,Healthy
CAR-1172,Crossover,2022,4,38875,Electric,North,Engine,67,Warning,Mechanical Failure,10/15/2023,Preventive,703.24,3,Center Beta,Healthy
CAR-1125,Premium Sedan,2024,2,15400,Petrol,East,Battery,75,Healthy,No Failure,1/6/2024,Preventive,162.34,3,Center Epsilon,Healthy
CAR-1428,Crossover,2019,7,72770,Petrol,South,Tyre,39,Critical,Tyre Damage,1/16/2025,Emergency,470.48,48,Center Beta,Under Maintenance
CAR-1015,Premium Sedan,2020,6,77072,Petrol,West,Brake,61,Warning,Brake Wear,6/22/2024,Corrective,321.41,16,Center Beta,Healthy
CAR-1117,Premium Sedan,2018,8,81138,Hybrid,Central,Engine,31,Critical,Wear,8/25/2023,Emergency,2541.44,53,Center Epsilon,Under Maintenance
CAR-1044,Hatchback,2022,4,56536,Diesel,West,Headlight,39,Critical,Lighting Failure,8/4/2024,Corrective,188.26,14,Center Gamma,Needs Inspection
CAR-1348,Sedan,2018,8,101131,Hybrid,North,Battery,18,Critical,Battery Failure,6/17/2024,Emergency,542.55,60,Center Alpha,Under Maintenance
CAR-1493,Premium Sedan,2018,8,121630,Hybrid,West,Headlight,29,Critical,Lighting Failure,9/29/2024,Emergency,269.93,53,Center Beta,Under Maintenance
CAR-1258,Premium Sedan,2024,2,26169,Petrol,South,Brake,78,Healthy,No Failure,9/19/2023,Preventive,314.94,1,Center Gamma,Healthy
CAR-1478,Sedan,2018,8,67572,Diesel,South,Tyre,32,Critical,Tyre Damage,4/10/2024,Corrective,252.23,21,Center Delta,Needs Inspection
CAR-1208,Crossover,2019,7,115915,Petrol,North,Battery,25,Critical,Battery Failure,5/30/2023,Emergency,378.53,37,Center Beta,Under Maintenance
CAR-1237,Premium Sedan,2022,4,71586,Petrol,South,Suspension,68,Warning,Suspension Failure,6/16/2025,Corrective,916.15,7,Center Gamma,Healthy
CAR-1297,Premium Sedan,2022,4,34144,Petrol,East,Headlight,97,Healthy,No Failure,7/14/2025,Preventive,113.94,1,Center Beta,Healthy
CAR-1149,Crossover,2024,2,34623,Diesel,West,Battery,100,Healthy,No Failure,3/9/2025,Preventive,167.18,1,Center Delta,Healthy
CAR-1237,Premium Sedan,2022,4,37315,Petrol,South,Battery,68,Warning,Battery Failure,10/23/2023,Preventive,199.48,1,Center Delta,Healthy
CAR-1090,Compact,2023,3,40852,Diesel,South,Tyre,71,Warning,Tyre Damage,7/20/2025,Corrective,237.64,15,Center Beta,Healthy
CAR-1006,Sedan,2019,7,106618,Petrol,South,Transmission,63,Warning,Transmission Fault,1/14/2025,Corrective,1283.77,22,Center Delta,Healthy
CAR-1456,Hatchback,2020,6,59802,Hybrid,Central,Transmission,46,Warning,Transmission Fault,12/28/2024,Corrective,1704.14,19,Center Gamma,Healthy
CAR-1338,Hatchback,2023,3,28117,Petrol,South,Brake,100,Healthy,No Failure,5/10/2025,Preventive,231.22,2,Center Beta,Healthy
CAR-1073,Premium Sedan,2021,5,42829,Electric,North,Tyre,54,Warning,Tyre Damage,9/28/2025,Corrective,234.77,13,Center Gamma,Healthy
CAR-1050,Crossover,2022,4,58757,Petrol,East,Tyre,63,Warning,Tyre Damage,5/9/2023,Preventive,166.57,3,Center Delta,Healthy
CAR-1331,Crossover,2024,2,27007,Electric,North,Brake,59,Warning,Brake Wear,10/25/2023,Preventive,319.15,1,Center Epsilon,Healthy
CAR-1090,Compact,2023,3,26049,Diesel,South,Headlight,68,Warning,Lighting Failure,7/9/2023,Preventive,111.5,3,Center Gamma,Healthy
CAR-1383,Compact,2024,2,39196,Electric,South,Battery,64,Warning,Battery Failure,1/8/2023,Corrective,255.34,12,Center Epsilon,Healthy
CAR-1079,Compact,2019,7,105749,Petrol,West,Tyre,18,Critical,Tyre Damage,12/20/2024,Emergency,467.92,29,Center Delta,Under Maintenance
CAR-1225,Crossover,2018,8,117406,Petrol,North,Brake,21,Critical,Brake Wear,11/17/2025,Corrective,503.27,20,Center Alpha,Needs Inspection
CAR-1086,City,2019,7,87134,Petrol,West,Battery,37,Critical,Battery Failure,6/3/2024,Corrective,329.28,13,Center Epsilon,Needs Inspection
CAR-1127,Sedan,2022,4,64990,Diesel,West,Brake,73,Warning,Brake Wear,3/6/2025,Corrective,396.68,13,Center Gamma,Healthy
CAR-1215,Sedan,2018,8,132234,Electric,South,Engine,38,Critical,Wear,2/17/2025,Emergency,1898.16,20,Center Epsilon,Needs Inspection
CAR-1233,Sedan,2022,4,54442,Diesel,East,Suspension,88,Healthy,No Failure,8/10/2024,Preventive,466.93,1,Center Epsilon,Healthy
CAR-1217,Compact,2022,4,75048,Petrol,South,Engine,62,Warning,Mechanical Failure,9/5/2024,Corrective,1065.5,15,Center Epsilon,Healthy
CAR-1485,Hatchback,2023,3,39205,Diesel,West,Tyre,81,Healthy,No Failure,3/19/2025,Preventive,124.24,3,Center Gamma,Healthy
CAR-1378,Compact,2023,3,23612,Petrol,Central,Brake,74,Warning,Brake Wear,9/6/2023,Preventive,214.63,2,Center Epsilon,Healthy
CAR-1399,Hatchback,2019,7,130086,Petrol,West,Battery,10,Critical,Battery Failure,10/19/2023,Corrective,308.96,21,Center Epsilon,Needs Inspection
CAR-1079,Compact,2019,7,77025,Petrol,West,Cooling System,53,Warning,Overheating,1/22/2024,Preventive,367.87,2,Center Delta,Healthy
CAR-1192,Crossover,2022,4,28493,Petrol,North,Headlight,93,Healthy,No Failure,8/13/2023,Preventive,105.58,2,Center Epsilon,Healthy
CAR-1387,Compact,2022,4,54272,Diesel,East,Suspension,43,Critical,Suspension Failure,1/22/2024,Emergency,1310.9,35,Center Beta,Under Maintenance
CAR-1042,Hatchback,2020,6,76039,Petrol,West,Brake,40,Critical,Brake Wear,3/25/2024,Emergency,508.26,45,Center Delta,Under Maintenance
CAR-1326,Crossover,2018,8,78628,Electric,West,Battery,38,Critical,Battery Failure,12/15/2023,Emergency,442.46,41,Center Gamma,Under Maintenance
CAR-1125,Premium Sedan,2024,2,35011,Petrol,East,Brake,94,Healthy,No Failure,3/3/2025,Preventive,227.5,2,Center Alpha,Healthy
CAR-1352,Premium Sedan,2023,3,48839,Diesel,North,Headlight,47,Warning,Lighting Failure,7/8/2023,Corrective,180.81,21,Center Beta,Healthy
CAR-1257,Premium Sedan,2020,6,107943,Petrol,West,Tyre,50,Warning,Tyre Damage,8/17/2023,Preventive,149.88,2,Center Epsilon,Healthy
CAR-1351,Premium Sedan,2018,8,81213,Petrol,West,Battery,43,Critical,Battery Failure,4/9/2023,Emergency,373.7,52,Center Epsilon,Under Maintenance
CAR-1387,Compact,2022,4,39892,Diesel,East,Engine,75,Healthy,No Failure,11/25/2023,Preventive,732.63,3,Center Beta,Healthy
CAR-1416,City,2020,6,88801,Diesel,South,Tyre,30,Critical,Tyre Damage,8/21/2025,Emergency,480.59,63,Center Gamma,Under Maintenance
CAR-1141,Compact,2019,7,80607,Petrol,West,Battery,62,Warning,Battery Failure,5/4/2024,Preventive,182.91,1,Center Epsilon,Healthy
CAR-1368,City,2023,3,40390,Petrol,North,Cooling System,81,Healthy,No Failure,3/1/2025,Preventive,386.5,1,Center Delta,Healthy
CAR-1055,Hatchback,2018,8,144906,Diesel,South,Engine,11,Critical,Mechanical Failure,5/22/2025,Emergency,2289.72,63,Center Gamma,Under Maintenance
CAR-1478,Sedan,2018,8,145826,Diesel,South,Battery,10,Critical,Battery Failure,6/12/2024,Emergency,386.67,55,Center Beta,Under Maintenance
CAR-1044,Hatchback,2022,4,57868,Diesel,West,Transmission,71,Warning,Transmission Fault,7/9/2025,Preventive,773.04,2,Center Gamma,Healthy
CAR-1264,Premium Sedan,2021,5,48928,Diesel,East,Engine,69,Warning,Mechanical Failure,9/16/2025,Corrective,1044.36,21,Center Alpha,Healthy
CAR-1430,Premium Sedan,2022,4,63700,Hybrid,South,Tyre,57,Warning,Tyre Damage,12/16/2025,Corrective,276.03,9,Center Delta,Healthy
CAR-1408,Crossover,2018,8,90157,Diesel,South,Cooling System,34,Critical,Overheating,1/26/2025,Emergency,797.05,58,Center Epsilon,Under Maintenance
CAR-1355,Crossover,2022,4,33019,Electric,Central,Tyre,57,Warning,Tyre Damage,3/11/2025,Corrective,223.71,12,Center Delta,Healthy
CAR-1028,City,2019,7,83589,Diesel,Central,Transmission,60,Warning,Transmission Fault,1/17/2025,Preventive,992.99,3,Center Epsilon,Healthy
CAR-1451,City,2022,4,61029,Hybrid,East,Cooling System,84,Healthy,No Failure,3/18/2025,Preventive,368,2,Center Beta,Healthy
CAR-1004,Hatchback,2024,2,32494,Electric,East,Transmission,83,Healthy,No Failure,9/5/2024,Preventive,1126.8,1,Center Delta,Healthy
CAR-1308,Compact,2018,8,80964,Diesel,South,Battery,23,Critical,Battery Failure,6/17/2025,Corrective,355.42,13,Center Alpha,Needs Inspection
CAR-1164,City,2023,3,39247,Petrol,South,Cooling System,58,Warning,Overheating,2/17/2025,Preventive,355.86,1,Center Delta,Healthy
CAR-1153,Hatchback,2019,7,112790,Diesel,North,Battery,10,Critical,Battery Failure,3/16/2024,Corrective,252.95,15,Center Gamma,Needs Inspection
CAR-1284,City,2018,8,119707,Diesel,South,Transmission,29,Critical,Transmission Fault,9/10/2023,Emergency,2458.44,57,Center Delta,Under Maintenance
CAR-1306,Crossover,2022,4,58377,Diesel,North,Transmission,84,Healthy,No Failure,11/4/2024,Preventive,1135.73,2,Center Beta,Healthy
CAR-1133,Sedan,2022,4,36558,Hybrid,West,Headlight,37,Critical,Lighting Failure,4/5/2023,Emergency,236.87,50,Center Epsilon,Under Maintenance
CAR-1484,City,2024,2,15380,Diesel,North,Battery,100,Healthy,No Failure,1/8/2025,Preventive,184.11,1,Center Beta,Healthy
CAR-1235,Crossover,2022,4,61102,Electric,West,Battery,86,Healthy,No Failure,10/15/2023,Preventive,152.77,1,Center Alpha,Healthy
CAR-1289,Premium Sedan,2022,4,57062,Electric,South,Tyre,65,Warning,Tyre Damage,10/22/2025,Corrective,209.37,7,Center Alpha,Healthy
CAR-1161,Compact,2022,4,56465,Electric,West,Tyre,66,Warning,Tyre Damage,6/21/2023,Preventive,174.78,1,Center Gamma,Healthy
CAR-1162,Hatchback,2023,3,43409,Hybrid,Central,Headlight,88,Healthy,No Failure,3/9/2024,Preventive,95.3,1,Center Delta,Healthy
CAR-1013,Hatchback,2019,7,93093,Petrol,West,Headlight,51,Warning,Lighting Failure,8/15/2023,Corrective,149.31,20,Center Delta,Healthy
CAR-1023,Compact,2018,8,72341,Petrol,South,Engine,54,Warning,Mechanical Failure,1/17/2023,Preventive,912.98,1,Center Epsilon,Healthy
CAR-1277,Compact,2018,8,140279,Electric,West,Headlight,19,Critical,Lighting Failure,7/27/2023,Corrective,199.09,6,Center Beta,Needs Inspection
CAR-1188,Sedan,2023,3,26893,Petrol,West,Brake,77,Healthy,No Failure,10/22/2025,Preventive,303.8,2,Center Beta,Healthy
CAR-1053,City,2020,6,89910,Hybrid,East,Transmission,39,Critical,Transmission Fault,11/28/2025,Emergency,2101.14,20,Center Delta,Needs Inspection
CAR-1135,Hatchback,2022,4,45677,Electric,North,Battery,90,Healthy,No Failure,8/11/2025,Preventive,229.08,1,Center Delta,Healthy
CAR-1250,Premium Sedan,2023,3,57499,Diesel,South,Tyre,54,Warning,Tyre Damage,3/29/2025,Preventive,135.91,2,Center Alpha,Healthy
CAR-1481,Sedan,2024,2,26582,Diesel,Central,Battery,95,Healthy,No Failure,12/17/2025,Preventive,194.12,3,Center Epsilon,Healthy
CAR-1252,Premium Sedan,2024,2,27299,Hybrid,West,Suspension,86,Healthy,No Failure,5/11/2023,Preventive,579.94,3,Center Epsilon,Healthy
CAR-1051,Compact,2020,6,110550,Petrol,South,Brake,56,Warning,Brake Wear,11/8/2024,Preventive,226.15,3,Center Delta,Healthy
CAR-1135,Hatchback,2022,4,33194,Electric,North,Headlight,71,Warning,Lighting Failure,11/19/2023,Preventive,123.61,1,Center Epsilon,Healthy
CAR-1082,Premium Sedan,2020,6,74760,Diesel,South,Tyre,49,Warning,Tyre Damage,2/7/2025,Preventive,162.88,3,Center Epsilon,Healthy
CAR-1431,Hatchback,2019,7,102526,Petrol,South,Cooling System,28,Critical,Overheating,11/13/2025,Emergency,834.01,19,Center Gamma,Needs Inspection
CAR-1396,Sedan,2019,7,104291,Petrol,West,Tyre,37,Critical,Tyre Damage,5/26/2025,Corrective,237.53,15,Center Epsilon,Needs Inspection
CAR-1166,Crossover,2019,7,96839,Petrol,West,Brake,38,Critical,Brake Wear,12/4/2025,Emergency,702.57,36,Center Beta,Under Maintenance
CAR-1110,Sedan,2018,8,87818,Diesel,South,Brake,24,Critical,Brake Wear,11/12/2025,Emergency,786.72,62,Center Epsilon,Under Maintenance
CAR-1478,Sedan,2018,8,130960,Diesel,South,Battery,10,Critical,Battery Failure,9/27/2024,Emergency,497.08,57,Center Beta,Under Maintenance
CAR-1259,City,2018,8,73011,Diesel,South,Cooling System,15,Critical,Overheating,1/3/2023,Emergency,954.14,55,Center Gamma,Under Maintenance
CAR-1416,City,2020,6,98018,Diesel,South,Brake,53,Warning,Brake Wear,8/15/2025,Corrective,494.56,11,Center Gamma,Healthy
CAR-1022,Premium Sedan,2019,7,98072,Petrol,East,Brake,29,Critical,Brake Wear,10/14/2024,Emergency,761.36,38,Center Epsilon,Under Maintenance
CAR-1185,Premium Sedan,2022,4,44880,Hybrid,Central,Battery,61,Warning,Battery Failure,8/17/2024,Corrective,241.31,12,Center Alpha,Healthy
CAR-1178,Crossover,2018,8,104663,Diesel,East,Brake,10,Critical,Brake Wear,8/4/2023,Emergency,761.61,26,Center Delta,Under Maintenance
CAR-1100,Hatchback,2023,3,22223,Hybrid,Central,Transmission,83,Healthy,No Failure,10/7/2023,Preventive,1013.97,2,Center Alpha,Healthy
CAR-1240,Crossover,2022,4,68697,Diesel,West,Suspension,63,Warning,Suspension Failure,1/12/2024,Corrective,586.69,10,Center Delta,Healthy
CAR-1014,Compact,2019,7,74777,Petrol,Central,Transmission,76,Healthy,No Failure,7/28/2025,Preventive,794.47,2,Center Alpha,Healthy
CAR-1184,City,2018,8,131306,Electric,East,Battery,24,Critical,Battery Failure,8/16/2025,Emergency,418.81,52,Center Delta,Under Maintenance
CAR-1497,Compact,2024,2,34406,Diesel,Central,Brake,73,Warning,Brake Wear,2/27/2024,Preventive,226.73,3,Center Epsilon,Healthy
CAR-1319,Premium Sedan,2023,3,25050,Diesel,North,Battery,48,Warning,Battery Failure,11/23/2023,Corrective,242.54,10,Center Delta,Healthy
CAR-1351,Premium Sedan,2018,8,104085,Petrol,West,Brake,33,Critical,Brake Wear,5/23/2024,Emergency,581.63,71,Center Alpha,Under Maintenance
CAR-1247,Hatchback,2024,2,36690,Electric,North,Engine,66,Warning,Mechanical Failure,4/23/2024,Preventive,710.83,1,Center Beta,Healthy
CAR-1424,City,2018,8,129831,Diesel,East,Battery,33,Critical,Battery Failure,11/21/2025,Emergency,448.27,56,Center Gamma,Under Maintenance
CAR-1223,City,2018,8,90566,Hybrid,East,Battery,13,Critical,Battery Failure,1/2/2025,Emergency,427.95,45,Center Gamma,Under Maintenance
CAR-1324,Sedan,2018,8,69905,Petrol,North,Transmission,49,Warning,Transmission Fault,1/12/2023,Corrective,1505.2,10,Center Epsilon,Healthy
CAR-1225,Crossover,2018,8,94092,Petrol,North,Transmission,26,Critical,Transmission Fault,7/15/2023,Corrective,1831.64,14,Center Epsilon,Needs Inspection
CAR-1481,Sedan,2024,2,36724,Diesel,Central,Tyre,65,Warning,Tyre Damage,9/9/2024,Corrective,209.53,13,Center Alpha,Healthy
CAR-1077,Compact,2018,8,140168,Petrol,Central,Tyre,10,Critical,Tyre Damage,4/9/2023,Emergency,302.62,54,Center Delta,Under Maintenance
CAR-1393,Hatchback,2024,2,30470,Hybrid,North,Suspension,75,Healthy,No Failure,9/7/2023,Preventive,453.3,3,Center Beta,Healthy
CAR-1225,Crossover,2018,8,147867,Petrol,North,Cooling System,10,Critical,Overheating,11/25/2024,Emergency,627.18,36,Center Alpha,Under Maintenance
CAR-1134,City,2021,5,44594,Diesel,East,Battery,63,Warning,Battery Failure,12/2/2024,Corrective,322.74,20,Center Beta,Healthy
CAR-1418,Crossover,2022,4,48978,Diesel,West,Battery,70,Warning,Battery Failure,11/6/2024,Corrective,296.73,7,Center Epsilon,Healthy
CAR-1243,City,2020,6,79624,Electric,South,Battery,97,Healthy,No Failure,7/6/2023,Preventive,171.09,1,Center Beta,Healthy
CAR-1349,City,2022,4,64543,Petrol,North,Tyre,36,Critical,Tyre Damage,3/31/2023,Emergency,313.99,66,Center Epsilon,Under Maintenance
CAR-1447,Premium Sedan,2018,8,75139,Hybrid,South,Brake,45,Warning,Brake Wear,8/11/2023,Corrective,476.63,7,Center Delta,Healthy
CAR-1125,Premium Sedan,2024,2,18005,Petrol,East,Transmission,78,Healthy,No Failure,4/16/2025,Preventive,871.58,1,Center Gamma,Healthy
CAR-1440,Hatchback,2024,2,44867,Petrol,North,Cooling System,49,Warning,Overheating,9/11/2024,Preventive,326.65,1,Center Delta,Healthy
CAR-1299,Sedan,2018,8,92338,Hybrid,South,Suspension,48,Warning,Suspension Failure,5/20/2024,Preventive,441.95,1,Center Epsilon,Healthy
CAR-1007,Sedan,2023,3,49292,Petrol,West,Brake,71,Warning,Brake Wear,5/2/2025,Corrective,404.86,21,Center Alpha,Healthy
CAR-1021,City,2024,2,36777,Diesel,Central,Engine,81,Healthy,No Failure,7/12/2025,Preventive,971,3,Center Alpha,Healthy
CAR-1247,Hatchback,2024,2,43697,Electric,North,Engine,100,Healthy,No Failure,8/3/2024,Preventive,663.14,2,Center Delta,Healthy
CAR-1293,Sedan,2022,4,68572,Hybrid,South,Suspension,67,Warning,Suspension Failure,7/2/2024,Preventive,491.35,3,Center Gamma,Healthy
CAR-1012,Crossover,2024,2,33359,Hybrid,Central,Engine,89,Healthy,No Failure,2/21/2025,Preventive,852.89,2,Center Epsilon,Healthy
CAR-1014,Compact,2019,7,59462,Petrol,Central,Transmission,79,Healthy,No Failure,7/25/2024,Preventive,992.06,3,Center Beta,Healthy
CAR-1173,Crossover,2022,4,41513,Diesel,North,Battery,80,Healthy,No Failure,7/7/2024,Preventive,210.97,3,Center Epsilon,Healthy
CAR-1051,Compact,2020,6,57276,Petrol,South,Tyre,73,Warning,Tyre Damage,2/16/2024,Preventive,177.27,3,Center Delta,Healthy
CAR-1344,Premium Sedan,2022,4,52990,Electric,Central,Battery,67,Warning,Battery Failure,9/23/2025,Corrective,255.68,13,Center Alpha,Healthy
CAR-1431,Hatchback,2019,7,117441,Petrol,South,Cooling System,28,Critical,Overheating,4/14/2025,Emergency,678.07,50,Center Beta,Under Maintenance
CAR-1075,Hatchback,2022,4,64525,Diesel,West,Tyre,86,Healthy,No Failure,1/6/2025,Preventive,175.27,2,Center Alpha,Healthy
CAR-1448,Compact,2020,6,94835,Electric,South,Engine,48,Warning,Mechanical Failure,6/27/2025,Corrective,1373.05,23,Center Delta,Healthy
CAR-1387,Compact,2022,4,71230,Diesel,East,Transmission,52,Warning,Transmission Fault,3/2/2023,Corrective,1479.2,21,Center Delta,Healthy
CAR-1154,Premium Sedan,2024,2,24736,Diesel,Central,Transmission,75,Healthy,No Failure,1/11/2025,Preventive,999.62,3,Center Delta,Healthy
CAR-1444,Premium Sedan,2023,3,32601,Petrol,Central,Battery,81,Healthy,No Failure,8/6/2025,Preventive,204.14,3,Center Delta,Healthy
CAR-1364,Crossover,2024,2,35888,Diesel,Central,Transmission,80,Healthy,No Failure,1/21/2023,Preventive,732.69,2,Center Delta,Healthy
CAR-1368,City,2023,3,38917,Petrol,North,Tyre,64,Warning,Tyre Damage,1/31/2024,Preventive,168.82,2,Center Delta,Healthy
CAR-1453,Premium Sedan,2022,4,38331,Petrol,East,Tyre,82,Healthy,No Failure,5/24/2025,Preventive,179.66,3,Center Delta,Healthy
CAR-1135,Hatchback,2022,4,39095,Electric,North,Headlight,80,Healthy,No Failure,5/27/2025,Preventive,117.78,1,Center Gamma,Healthy
CAR-1008,Sedan,2022,4,74493,Diesel,East,Suspension,48,Warning,Suspension Failure,3/26/2024,Corrective,738.12,10,Center Alpha,Healthy
CAR-1199,Crossover,2020,6,82795,Diesel,South,Transmission,41,Critical,Transmission Fault,9/15/2024,Corrective,1395.66,19,Center Alpha,Needs Inspection
CAR-1349,City,2022,4,53794,Petrol,North,Brake,81,Healthy,No Failure,10/5/2023,Preventive,250.12,3,Center Gamma,Healthy
CAR-1224,Sedan,2018,8,105034,Diesel,North,Battery,45,Warning,Battery Failure,10/12/2024,Corrective,337.02,7,Center Beta,Healthy
CAR-1273,City,2019,7,128901,Diesel,North,Engine,30,Critical,Mechanical Failure,9/11/2024,Emergency,2125.76,48,Center Gamma,Under Maintenance
CAR-1399,Hatchback,2019,7,105775,Petrol,West,Cooling System,65,Warning,Overheating,5/6/2023,Corrective,595.43,17,Center Beta,Healthy
CAR-1144,Sedan,2023,3,38219,Diesel,East,Engine,100,Healthy,No Failure,9/6/2024,Preventive,961.81,1,Center Gamma,Healthy
CAR-1349,City,2022,4,60758,Petrol,North,Transmission,47,Warning,Transmission Fault,5/27/2023,Preventive,763.72,3,Center Delta,Healthy
CAR-1011,Sedan,2021,5,70818,Petrol,South,Battery,62,Warning,Battery Failure,3/13/2025,Corrective,372.82,8,Center Gamma,Healthy
CAR-1499,Premium Sedan,2024,2,31173,Hybrid,Central,Battery,76,Healthy,No Failure,10/20/2023,Preventive,175.81,1,Center Delta,Healthy
CAR-1395,Compact,2021,5,61920,Diesel,South,Engine,55,Warning,Wear,6/30/2023,Preventive,966.41,3,Center Epsilon,Healthy
CAR-1470,City,2019,7,117769,Electric,South,Suspension,27,Critical,Suspension Failure,10/16/2024,Emergency,1285.96,36,Center Epsilon,Under Maintenance
CAR-1451,City,2022,4,55882,Hybrid,East,Headlight,52,Warning,Lighting Failure,4/1/2025,Corrective,134.43,8,Center Delta,Healthy
CAR-1249,Premium Sedan,2018,8,140197,Hybrid,East,Engine,19,Critical,Mechanical Failure,5/16/2025,Emergency,2148.1,65,Center Delta,Under Maintenance
CAR-1046,Compact,2021,5,79678,Petrol,East,Engine,57,Warning,Mechanical Failure,5/15/2023,Preventive,877.04,2,Center Delta,Healthy
CAR-1272,Compact,2021,5,45403,Petrol,West,Battery,57,Warning,Battery Failure,3/3/2023,Corrective,259.16,19,Center Beta,Healthy
CAR-1374,Compact,2018,8,107116,Hybrid,East,Engine,26,Critical,Mechanical Failure,8/16/2023,Emergency,2265.73,21,Center Gamma,Needs Inspection
CAR-1499,Premium Sedan,2024,2,19992,Hybrid,Central,Engine,87,Healthy,No Failure,7/14/2025,Preventive,830.04,2,Center Epsilon,Healthy
CAR-1232,Sedan,2022,4,66520,Diesel,East,Headlight,72,Warning,Lighting Failure,4/13/2024,Corrective,200.71,8,Center Alpha,Healthy
CAR-1211,City,2022,4,69295,Diesel,South,Transmission,63,Warning,Transmission Fault,2/18/2024,Corrective,1813.66,14,Center Beta,Healthy
CAR-1092,Compact,2021,5,53293,Petrol,South,Cooling System,54,Warning,Overheating,5/19/2023,Preventive,381.12,1,Center Beta,Healthy
CAR-1079,Compact,2019,7,90851,Petrol,West,Cooling System,20,Critical,Overheating,4/29/2025,Corrective,475.36,7,Center Delta,Needs Inspection
CAR-1344,Premium Sedan,2022,4,54656,Electric,Central,Headlight,62,Warning,Lighting Failure,9/9/2025,Corrective,130.42,8,Center Epsilon,Healthy
CAR-1027,City,2021,5,86534,Diesel,Central,Headlight,56,Warning,Lighting Failure,10/25/2024,Preventive,91.65,2,Center Alpha,Healthy
CAR-1490,Crossover,2019,7,96843,Electric,West,Engine,17,Critical,Mechanical Failure,9/16/2024,Emergency,1821.53,45,Center Epsilon,Under Maintenance
CAR-1065,Premium Sedan,2024,2,13767,Electric,North,Suspension,84,Healthy,No Failure,9/23/2025,Preventive,536.75,2,Center Epsilon,Healthy
CAR-1119,Premium Sedan,2021,5,90148,Diesel,East,Tyre,42,Critical,Tyre Damage,5/16/2025,Corrective,286.19,21,Center Beta,Needs Inspection
CAR-1149,Crossover,2024,2,18719,Diesel,West,Engine,82,Healthy,No Failure,8/6/2023,Preventive,952.08,2,Center Alpha,Healthy
CAR-1194,City,2023,3,50005,Diesel,West,Engine,42,Critical,Mechanical Failure,11/24/2024,Emergency,1911.47,29,Center Beta,Under Maintenance
CAR-1169,Premium Sedan,2020,6,78340,Petrol,West,Engine,52,Warning,Wear,10/30/2024,Corrective,1553.92,10,Center Beta,Healthy
CAR-1382,Crossover,2018,8,129867,Electric,West,Cooling System,29,Critical,Overheating,5/17/2025,Corrective,455.71,18,Center Gamma,Needs Inspection
CAR-1331,Crossover,2024,2,34750,Electric,North,Brake,57,Warning,Brake Wear,6/22/2023,Corrective,416.83,9,Center Alpha,Healthy
CAR-1443,Sedan,2020,6,67361,Electric,South,Engine,66,Warning,Overheating,9/26/2024,Corrective,1158.41,17,Center Epsilon,Healthy
CAR-1448,Compact,2020,6,101467,Electric,South,Brake,29,Critical,Brake Wear,8/13/2023,Emergency,679.22,35,Center Alpha,Under Maintenance
CAR-1245,Sedan,2018,8,89604,Petrol,West,Headlight,38,Critical,Lighting Failure,10/9/2024,Corrective,159.69,22,Center Delta,Needs Inspection
CAR-1330,Crossover,2022,4,40692,Diesel,Central,Brake,74,Warning,Brake Wear,7/8/2025,Preventive,308.8,3,Center Alpha,Healthy
CAR-1220,Crossover,2018,8,115920,Hybrid,East,Cooling System,21,Critical,Overheating,9/6/2023,Corrective,409,11,Center Gamma,Needs Inspection
CAR-1339,Crossover,2020,6,58813,Electric,Central,Transmission,45,Warning,Transmission Fault,7/20/2023,Corrective,1158.22,17,Center Beta,Healthy
CAR-1103,City,2023,3,42870,Electric,East,Brake,64,Warning,Brake Wear,6/23/2024,Corrective,478.85,16,Center Beta,Healthy
CAR-1194,City,2023,3,42664,Diesel,West,Tyre,71,Warning,Tyre Damage,4/13/2025,Corrective,281.76,12,Center Beta,Healthy
CAR-1010,Premium Sedan,2019,7,117466,Electric,South,Cooling System,50,Warning,Overheating,5/31/2024,Corrective,473.06,13,Center Beta,Healthy
CAR-1316,City,2019,7,60366,Electric,North,Tyre,83,Healthy,No Failure,7/16/2024,Preventive,175.47,2,Center Alpha,Healthy
CAR-1295,Premium Sedan,2019,7,106192,Hybrid,West,Transmission,40,Critical,Transmission Fault,1/21/2023,Emergency,2728.52,50,Center Gamma,Under Maintenance
CAR-1023,Compact,2018,8,134177,Petrol,South,Battery,25,Critical,Battery Failure,12/29/2025,Corrective,289.53,8,Center Delta,Needs Inspection
CAR-1078,Premium Sedan,2021,5,71385,Diesel,Central,Engine,69,Warning,Mechanical Failure,11/10/2025,Corrective,1335.38,16,Center Delta,Healthy
CAR-1022,Premium Sedan,2019,7,88028,Petrol,East,Battery,28,Critical,Battery Failure,3/24/2025,Emergency,409.43,61,Center Epsilon,Under Maintenance
CAR-1014,Compact,2019,7,100478,Petrol,Central,Engine,40,Critical,Mechanical Failure,3/9/2023,Emergency,2194.07,53,Center Gamma,Under Maintenance
CAR-1182,Sedan,2024,2,19942,Petrol,South,Battery,71,Warning,Battery Failure,5/29/2025,Preventive,224.92,3,Center Gamma,Healthy
CAR-1449,Crossover,2020,6,53264,Diesel,Central,Engine,100,Healthy,No Failure,6/12/2023,Preventive,1025.14,1,Center Beta,Healthy
CAR-1353,Crossover,2018,8,106684,Petrol,East,Suspension,41,Critical,Suspension Failure,2/17/2025,Emergency,1027.55,51,Center Gamma,Under Maintenance
CAR-1356,Hatchback,2022,4,71534,Hybrid,West,Brake,35,Critical,Brake Wear,3/16/2024,Emergency,726.19,66,Center Epsilon,Under Maintenance
CAR-1284,City,2018,8,125928,Diesel,South,Battery,10,Critical,Battery Failure,4/24/2025,Emergency,515.01,71,Center Epsilon,Under Maintenance
CAR-1479,Premium Sedan,2019,7,117870,Petrol,South,Transmission,37,Critical,Transmission Fault,4/8/2024,Emergency,2809.08,46,Center Beta,Under Maintenance
CAR-1329,Crossover,2018,8,117579,Diesel,Central,Tyre,13,Critical,Tyre Damage,10/1/2025,Emergency,416.46,68,Center Delta,Under Maintenance
CAR-1427,Crossover,2022,4,45482,Petrol,North,Transmission,66,Warning,Transmission Fault,11/27/2025,Corrective,1730.63,12,Center Beta,Healthy
CAR-1045,City,2022,4,47647,Hybrid,Central,Brake,63,Warning,Brake Wear,5/29/2025,Preventive,300.2,1,Center Gamma,Healthy
CAR-1362,Hatchback,2021,5,76802,Diesel,West,Brake,54,Warning,Brake Wear,5/14/2023,Preventive,242.97,2,Center Alpha,Healthy
CAR-1097,Hatchback,2018,8,98039,Hybrid,East,Tyre,51,Warning,Tyre Damage,10/17/2023,Corrective,257.61,6,Center Gamma,Healthy
CAR-1419,Hatchback,2022,4,76203,Diesel,East,Battery,58,Warning,Battery Failure,5/19/2023,Preventive,196.38,3,Center Epsilon,Healthy
CAR-1281,Hatchback,2024,2,27795,Diesel,West,Cooling System,76,Healthy,No Failure,6/25/2025,Preventive,289.71,2,Center Alpha,Healthy
CAR-1105,Premium Sedan,2018,8,89659,Electric,East,Engine,48,Warning,Mechanical Failure,2/8/2023,Corrective,1129.99,15,Center Epsilon,Healthy
CAR-1276,City,2022,4,70524,Diesel,Central,Tyre,51,Warning,Tyre Damage,4/17/2024,Corrective,268.44,14,Center Beta,Healthy
CAR-1189,Crossover,2021,5,77093,Petrol,North,Tyre,47,Warning,Tyre Damage,5/7/2025,Preventive,178.47,3,Center Delta,Healthy
CAR-1090,Compact,2023,3,40773,Diesel,South,Headlight,92,Healthy,No Failure,5/6/2024,Preventive,117.27,2,Center Delta,Healthy
CAR-1198,Sedan,2019,7,101021,Electric,North,Headlight,41,Critical,Lighting Failure,5/27/2025,Emergency,274.09,63,Center Beta,Under Maintenance
CAR-1436,Premium Sedan,2020,6,103421,Diesel,Central,Brake,64,Warning,Brake Wear,1/26/2024,Corrective,418.11,14,Center Delta,Healthy
CAR-1080,Compact,2022,4,35015,Diesel,West,Suspension,70,Warning,Suspension Failure,11/24/2024,Corrective,591.76,8,Center Beta,Healthy
CAR-1177,City,2022,4,66711,Petrol,South,Tyre,59,Warning,Tyre Damage,3/27/2023,Corrective,195.1,16,Center Alpha,Healthy
CAR-1493,Premium Sedan,2018,8,82820,Hybrid,West,Battery,59,Warning,Battery Failure,11/1/2023,Corrective,275.58,8,Center Alpha,Healthy
CAR-1258,Premium Sedan,2024,2,22340,Petrol,South,Suspension,85,Healthy,No Failure,9/16/2025,Preventive,559.25,2,Center Epsilon,Healthy
CAR-1246,Crossover,2019,7,86838,Petrol,Central,Tyre,23,Critical,Tyre Damage,6/1/2023,Emergency,379.51,48,Center Delta,Under Maintenance
CAR-1276,City,2022,4,71463,Diesel,Central,Tyre,77,Healthy,No Failure,10/23/2023,Preventive,120.18,3,Center Beta,Healthy
CAR-1340,City,2022,4,42538,Petrol,South,Battery,61,Warning,Battery Failure,11/29/2025,Preventive,212.29,3,Center Beta,Healthy
CAR-1234,City,2024,2,24713,Petrol,West,Battery,89,Healthy,No Failure,8/8/2025,Preventive,228.24,1,Center Alpha,Healthy
CAR-1303,City,2019,7,103302,Diesel,Central,Brake,24,Critical,Brake Wear,9/4/2023,Corrective,473.77,10,Center Alpha,Needs Inspection
CAR-1298,Crossover,2024,2,26285,Diesel,East,Suspension,78,Healthy,No Failure,1/28/2023,Preventive,568.56,2,Center Beta,Healthy
CAR-1383,Compact,2024,2,26585,Electric,South,Headlight,92,Healthy,No Failure,4/12/2023,Preventive,127.64,3,Center Gamma,Healthy
CAR-1464,Compact,2022,4,54827,Hybrid,North,Tyre,49,Warning,Tyre Damage,8/22/2024,Preventive,180.25,1,Center Epsilon,Healthy
CAR-1185,Premium Sedan,2022,4,39969,Hybrid,Central,Engine,67,Warning,Overheating,10/13/2025,Preventive,669.8,1,Center Alpha,Healthy
CAR-1437,Hatchback,2020,6,53488,Diesel,North,Engine,79,Healthy,No Failure,9/1/2025,Preventive,652.66,3,Center Alpha,Healthy
CAR-1464,Compact,2022,4,38552,Hybrid,North,Suspension,87,Healthy,No Failure,9/14/2024,Preventive,425.93,3,Center Alpha,Healthy
CAR-1135,Hatchback,2022,4,49035,Electric,North,Headlight,94,Healthy,No Failure,5/20/2023,Preventive,105.27,2,Center Epsilon,Healthy
CAR-1115,Compact,2020,6,87383,Diesel,Central,Engine,33,Critical,Overheating,12/4/2025,Corrective,1413.19,11,Center Delta,Needs Inspection
CAR-1080,Compact,2022,4,70537,Diesel,West,Transmission,77,Healthy,No Failure,5/12/2023,Preventive,875.52,1,Center Gamma,Healthy
CAR-1467,Compact,2022,4,57292,Diesel,North,Tyre,65,Warning,Tyre Damage,2/14/2025,Preventive,153.61,3,Center Beta,Healthy
CAR-1376,Compact,2021,5,65116,Diesel,Central,Tyre,80,Healthy,No Failure,10/13/2024,Preventive,148.5,1,Center Delta,Healthy
CAR-1487,Premium Sedan,2024,2,16110,Hybrid,South,Brake,76,Healthy,No Failure,12/9/2023,Preventive,201.63,3,Center Alpha,Healthy
CAR-1043,Sedan,2021,5,86448,Petrol,East,Suspension,37,Critical,Suspension Failure,3/19/2024,Emergency,1393.86,66,Center Alpha,Under Maintenance
CAR-1364,Crossover,2024,2,42742,Diesel,Central,Brake,85,Healthy,No Failure,10/20/2025,Preventive,258.24,3,Center Epsilon,Healthy
CAR-1324,Sedan,2018,8,137003,Petrol,North,Headlight,15,Critical,Lighting Failure,6/11/2024,Emergency,274.44,37,Center Epsilon,Under Maintenance
CAR-1163,Crossover,2024,2,33301,Petrol,West,Tyre,84,Healthy,No Failure,8/23/2024,Preventive,154.92,2,Center Gamma,Healthy
CAR-1252,Premium Sedan,2024,2,23483,Hybrid,West,Engine,86,Healthy,No Failure,11/17/2024,Preventive,781.62,2,Center Beta,Healthy
CAR-1259,City,2018,8,86729,Diesel,South,Brake,57,Warning,Brake Wear,4/28/2025,Corrective,469.14,18,Center Gamma,Healthy
CAR-1104,City,2021,5,66795,Electric,North,Engine,69,Warning,Wear,7/4/2024,Corrective,1453.38,23,Center Beta,Healthy
CAR-1194,City,2023,3,48225,Diesel,West,Tyre,94,Healthy,No Failure,8/22/2025,Preventive,157.72,2,Center Alpha,Healthy
CAR-1313,Premium Sedan,2018,8,114811,Diesel,Central,Engine,26,Critical,Wear,2/10/2024,Emergency,2175.03,35,Center Gamma,Under Maintenance
CAR-1004,Hatchback,2024,2,27376,Electric,East,Headlight,76,Healthy,No Failure,6/11/2023,Preventive,94.96,1,Center Delta,Healthy
CAR-1157,Sedan,2019,7,107589,Diesel,South,Battery,59,Warning,Battery Failure,7/24/2024,Corrective,255.06,16,Center Gamma,Healthy
CAR-1197,Premium Sedan,2019,7,76474,Petrol,West,Engine,27,Critical,Wear,8/4/2023,Corrective,1079.29,16,Center Beta,Needs Inspection
CAR-1230,Crossover,2021,5,46326,Electric,West,Transmission,45,Warning,Transmission Fault,11/1/2023,Preventive,956.41,1,Center Alpha,Healthy
CAR-1493,Premium Sedan,2018,8,120342,Hybrid,West,Transmission,53,Warning,Transmission Fault,5/19/2024,Corrective,1701.6,7,Center Alpha,Healthy
CAR-1264,Premium Sedan,2021,5,50173,Diesel,East,Brake,74,Warning,Brake Wear,2/2/2025,Corrective,373.2,7,Center Alpha,Healthy
CAR-1228,Premium Sedan,2023,3,42372,Petrol,West,Headlight,75,Healthy,No Failure,10/14/2024,Preventive,93.01,1,Center Epsilon,Healthy
CAR-1013,Hatchback,2019,7,79379,Petrol,West,Battery,34,Critical,Battery Failure,7/14/2025,Emergency,534.75,63,Center Beta,Under Maintenance
CAR-1014,Compact,2019,7,78004,Petrol,Central,Brake,38,Critical,Brake Wear,1/31/2025,Emergency,504.12,68,Center Gamma,Under Maintenance
CAR-1439,Crossover,2018,8,135640,Petrol,Central,Suspension,33,Critical,Suspension Failure,9/18/2025,Emergency,1454.37,65,Center Delta,Under Maintenance
CAR-1266,City,2022,4,61997,Electric,South,Brake,54,Warning,Brake Wear,7/25/2024,Corrective,438.75,23,Center Beta,Healthy
CAR-1361,Hatchback,2019,7,110817,Petrol,West,Headlight,38,Critical,Lighting Failure,1/29/2025,Emergency,265.81,24,Center Delta,Needs Inspection
CAR-1032,Premium Sedan,2018,8,126479,Diesel,North,Engine,57,Warning,Overheating,10/3/2024,Preventive,865.33,3,Center Beta,Healthy
CAR-1082,Premium Sedan,2020,6,72776,Diesel,South,Cooling System,46,Warning,Overheating,11/26/2025,Corrective,475.95,21,Center Delta,Healthy
CAR-1073,Premium Sedan,2021,5,69965,Electric,North,Cooling System,48,Warning,Overheating,7/18/2025,Corrective,470.71,13,Center Alpha,Healthy
CAR-1312,City,2024,2,34671,Diesel,South,Engine,73,Warning,Overheating,6/14/2025,Corrective,1164.97,10,Center Gamma,Healthy
CAR-1461,Premium Sedan,2019,7,84144,Hybrid,East,Engine,57,Warning,Overheating,10/25/2023,Corrective,1325.92,19,Center Delta,Healthy
CAR-1271,Premium Sedan,2019,7,101306,Hybrid,North,Cooling System,24,Critical,Overheating,7/28/2023,Emergency,704.67,58,Center Beta,Under Maintenance
CAR-1457,Compact,2022,4,56382,Electric,North,Suspension,83,Healthy,No Failure,7/3/2023,Preventive,384.48,3,Center Delta,Healthy
CAR-1250,Premium Sedan,2023,3,43592,Diesel,South,Headlight,85,Healthy,No Failure,2/11/2024,Preventive,126.47,1,Center Epsilon,Healthy
CAR-1274,Premium Sedan,2021,5,69375,Petrol,Central,Cooling System,56,Warning,Overheating,7/23/2024,Preventive,286.08,3,Center Gamma,Healthy
CAR-1020,Hatchback,2021,5,79417,Petrol,Central,Tyre,50,Warning,Tyre Damage,11/17/2024,Preventive,170.77,2,Center Epsilon,Healthy
CAR-1455,Compact,2020,6,89199,Petrol,North,Transmission,49,Warning,Transmission Fault,8/15/2025,Corrective,1655.95,14,Center Alpha,Healthy
CAR-1393,Hatchback,2024,2,40887,Hybrid,North,Cooling System,100,Healthy,No Failure,7/13/2025,Preventive,348.38,1,Center Gamma,Healthy
CAR-1421,Compact,2019,7,77119,Diesel,West,Tyre,19,Critical,Tyre Damage,10/22/2024,Corrective,305.66,6,Center Gamma,Needs Inspection
CAR-1184,City,2018,8,124904,Electric,East,Tyre,10,Critical,Tyre Damage,7/29/2023,Emergency,351.12,65,Center Delta,Under Maintenance
CAR-1123,Hatchback,2020,6,68541,Petrol,East,Transmission,44,Critical,Transmission Fault,3/13/2023,Corrective,1396.15,11,Center Beta,Needs Inspection
CAR-1043,Sedan,2021,5,46334,Petrol,East,Battery,60,Warning,Battery Failure,6/10/2023,Corrective,301.66,12,Center Alpha,Healthy
CAR-1126,Crossover,2022,4,55101,Petrol,North,Tyre,64,Warning,Tyre Damage,9/25/2024,Corrective,210.21,9,Center Epsilon,Healthy
CAR-1032,Premium Sedan,2018,8,77647,Diesel,North,Engine,35,Critical,Mechanical Failure,11/18/2025,Emergency,1762.72,53,Center Beta,Under Maintenance
CAR-1310,Sedan,2018,8,139510,Petrol,South,Headlight,10,Critical,Lighting Failure,3/17/2023,Emergency,271.85,70,Center Beta,Under Maintenance
CAR-1497,Compact,2024,2,27704,Diesel,Central,Battery,88,Healthy,No Failure,9/24/2023,Preventive,148.05,2,Center Alpha,Healthy
CAR-1296,Crossover,2020,6,93071,Electric,South,Transmission,35,Critical,Transmission Fault,10/25/2025,Corrective,1178.91,14,Center Epsilon,Needs Inspection
CAR-1445,Hatchback,2021,5,64939,Diesel,West,Tyre,71,Warning,Tyre Damage,2/13/2025,Preventive,129.88,1,Center Beta,Healthy
CAR-1276,City,2022,4,64630,Diesel,Central,Tyre,77,Healthy,No Failure,10/9/2025,Preventive,135.88,3,Center Epsilon,Healthy
CAR-1099,Hatchback,2018,8,132076,Petrol,West,Tyre,10,Critical,Tyre Damage,5/27/2025,Emergency,338.66,55,Center Beta,Under Maintenance
CAR-1453,Premium Sedan,2022,4,54871,Petrol,East,Brake,54,Warning,Brake Wear,12/24/2024,Corrective,464.17,17,Center Delta,Healthy
CAR-1440,Hatchback,2024,2,15101,Petrol,North,Transmission,98,Healthy,No Failure,12/15/2023,Preventive,751.1,2,Center Epsilon,Healthy
CAR-1278,City,2021,5,87467,Electric,Central,Battery,46,Warning,Battery Failure,12/5/2023,Corrective,294.47,18,Center Beta,Healthy
CAR-1258,Premium Sedan,2024,2,44548,Petrol,South,Cooling System,84,Healthy,No Failure,4/2/2023,Preventive,282.21,2,Center Gamma,Healthy
CAR-1305,Compact,2022,4,47977,Diesel,Central,Brake,82,Healthy,No Failure,11/16/2023,Preventive,238.11,3,Center Beta,Healthy
CAR-1426,Compact,2021,5,54631,Hybrid,Central,Headlight,66,Warning,Lighting Failure,7/2/2023,Corrective,164.21,21,Center Beta,Healthy
CAR-1193,Hatchback,2021,5,84953,Petrol,North,Tyre,41,Critical,Tyre Damage,11/17/2023,Emergency,377.7,33,Center Alpha,Under Maintenance
CAR-1398,City,2019,7,120549,Electric,Central,Battery,10,Critical,Battery Failure,5/29/2024,Corrective,262.11,20,Center Epsilon,Needs Inspection
CAR-1180,City,2021,5,85712,Petrol,North,Engine,63,Warning,Mechanical Failure,8/7/2024,Preventive,1011.62,2,Center Alpha,Healthy
CAR-1383,Compact,2024,2,19903,Electric,South,Tyre,100,Healthy,No Failure,3/4/2024,Preventive,184.66,3,Center Epsilon,Healthy
CAR-1474,Hatchback,2023,3,44370,Petrol,South,Brake,100,Healthy,No Failure,11/6/2025,Preventive,267.83,2,Center Gamma,Healthy
CAR-1083,Crossover,2018,8,129518,Petrol,West,Engine,21,Critical,Mechanical Failure,3/18/2025,Emergency,1742.46,68,Center Epsilon,Under Maintenance
CAR-1111,City,2021,5,71119,Hybrid,Central,Transmission,77,Healthy,No Failure,2/14/2023,Preventive,920.23,2,Center Alpha,Healthy
CAR-1439,Crossover,2018,8,103799,Petrol,Central,Engine,31,Critical,Mechanical Failure,10/5/2023,Corrective,1596.07,18,Center Epsilon,Needs Inspection
CAR-1382,Crossover,2018,8,111051,Electric,West,Tyre,19,Critical,Tyre Damage,6/21/2023,Corrective,245.02,19,Center Epsilon,Needs Inspection
CAR-1336,Sedan,2024,2,29465,Hybrid,South,Brake,87,Healthy,No Failure,12/18/2023,Preventive,213.09,3,Center Beta,Healthy
CAR-1335,Sedan,2022,4,62826,Petrol,East,Battery,39,Critical,Battery Failure,6/16/2025,Emergency,564.6,48,Center Alpha,Under Maintenance
CAR-1254,Compact,2022,4,42066,Hybrid,Central,Headlight,67,Warning,Lighting Failure,5/9/2023,Corrective,182.9,20,Center Gamma,Healthy
CAR-1145,City,2024,2,22480,Electric,North,Headlight,59,Warning,Lighting Failure,11/25/2024,Corrective,137.4,8,Center Gamma,Healthy
CAR-1321,City,2020,6,51729,Electric,South,Transmission,53,Warning,Transmission Fault,5/6/2025,Preventive,929.45,3,Center Delta,Healthy
CAR-1196,Compact,2020,6,48049,Electric,West,Engine,66,Warning,Mechanical Failure,8/24/2025,Corrective,1488.49,15,Center Delta,Healthy
CAR-1458,Hatchback,2022,4,65394,Petrol,West,Headlight,56,Warning,Lighting Failure,12/12/2025,Preventive,104.42,2,Center Delta,Healthy
CAR-1127,Sedan,2022,4,51587,Diesel,West,Tyre,54,Warning,Tyre Damage,9/28/2024,Corrective,273.97,17,Center Alpha,Healthy
CAR-1473,City,2018,8,84800,Petrol,South,Cooling System,67,Warning,Overheating,5/22/2025,Corrective,583.66,6,Center Gamma,Healthy
CAR-1054,Compact,2024,2,34754,Hybrid,Central,Tyre,57,Warning,Tyre Damage,8/31/2023,Corrective,298.31,21,Center Alpha,Healthy
CAR-1249,Premium Sedan,2018,8,100476,Hybrid,East,Tyre,37,Critical,Tyre Damage,2/3/2025,Corrective,278.39,11,Center Beta,Needs Inspection
CAR-1078,Premium Sedan,2021,5,53691,Diesel,Central,Tyre,61,Warning,Tyre Damage,6/21/2024,Preventive,161.4,1,Center Beta,Healthy
CAR-1250,Premium Sedan,2023,3,51082,Diesel,South,Suspension,80,Healthy,No Failure,9/9/2025,Preventive,516.48,1,Center Alpha,Healthy
CAR-1477,Hatchback,2020,6,104567,Electric,Central,Suspension,43,Critical,Suspension Failure,12/22/2023,Emergency,1407.47,47,Center Gamma,Under Maintenance
CAR-1140,Compact,2022,4,53507,Electric,South,Tyre,75,Healthy,No Failure,10/27/2025,Preventive,130.92,2,Center Beta,Healthy
CAR-1359,Premium Sedan,2018,8,116738,Diesel,North,Battery,33,Critical,Battery Failure,1/31/2024,Corrective,344.34,14,Center Alpha,Needs Inspection
CAR-1393,Hatchback,2024,2,29164,Hybrid,North,Engine,90,Healthy,No Failure,6/24/2024,Preventive,774.29,1,Center Epsilon,Healthy
CAR-1224,Sedan,2018,8,63290,Diesel,North,Brake,52,Warning,Brake Wear,3/3/2025,Preventive,222.05,2,Center Delta,Healthy
CAR-1056,Compact,2019,7,120180,Hybrid,West,Tyre,10,Critical,Tyre Damage,5/5/2025,Corrective,210.88,20,Center Alpha,Needs Inspection
CAR-1001,Hatchback,2023,3,43063,Petrol,North,Brake,89,Healthy,No Failure,5/31/2023,Preventive,242.28,3,Center Delta,Healthy
CAR-1109,Sedan,2020,6,84977,Petrol,South,Engine,45,Warning,Mechanical Failure,5/30/2024,Corrective,1180.14,16,Center Alpha,Healthy
CAR-1251,Sedan,2024,2,20526,Electric,East,Engine,88,Healthy,No Failure,10/3/2023,Preventive,642.61,3,Center Delta,Healthy
CAR-1094,Premium Sedan,2024,2,13987,Electric,Central,Engine,74,Warning,Overheating,1/10/2024,Corrective,1398.72,20,Center Gamma,Healthy
CAR-1055,Hatchback,2018,8,121574,Diesel,South,Battery,52,Warning,Battery Failure,1/29/2025,Corrective,342.72,14,Center Gamma,Healthy
CAR-1226,Compact,2023,3,41890,Petrol,North,Suspension,67,Warning,Suspension Failure,9/12/2024,Corrective,904.88,12,Center Epsilon,Healthy
CAR-1284,City,2018,8,122984,Diesel,South,Tyre,26,Critical,Tyre Damage,2/24/2025,Emergency,338.19,42,Center Epsilon,Under Maintenance
CAR-1226,Compact,2023,3,42009,Petrol,North,Tyre,56,Warning,Tyre Damage,8/31/2023,Preventive,176.49,2,Center Beta,Healthy
CAR-1052,Compact,2019,7,118824,Diesel,South,Tyre,32,Critical,Tyre Damage,10/16/2023,Emergency,367.51,64,Center Gamma,Under Maintenance
CAR-1104,City,2021,5,54944,Electric,North,Cooling System,66,Warning,Overheating,6/15/2025,Corrective,489.2,14,Center Gamma,Healthy
CAR-1469,Crossover,2021,5,70292,Petrol,West,Suspension,69,Warning,Suspension Failure,5/31/2023,Preventive,572.43,2,Center Gamma,Healthy
CAR-1344,Premium Sedan,2022,4,41671,Electric,Central,Cooling System,78,Healthy,No Failure,9/20/2024,Preventive,290.3,2,Center Epsilon,Healthy
CAR-1216,City,2020,6,90709,Petrol,South,Tyre,35,Critical,Tyre Damage,8/31/2023,Corrective,214.1,19,Center Alpha,Needs Inspection
CAR-1171,Premium Sedan,2019,7,82012,Petrol,West,Cooling System,40,Critical,Overheating,6/15/2024,Emergency,755.6,67,Center Beta,Under Maintenance
CAR-1013,Hatchback,2019,7,77638,Petrol,West,Tyre,10,Critical,Tyre Damage,9/12/2023,Emergency,435.15,22,Center Alpha,Needs Inspection
CAR-1217,Compact,2022,4,39513,Petrol,South,Suspension,59,Warning,Suspension Failure,4/16/2024,Preventive,511.79,3,Center Epsilon,Healthy
CAR-1297,Premium Sedan,2022,4,61983,Petrol,East,Engine,46,Warning,Overheating,3/30/2023,Preventive,697.68,1,Center Epsilon,Healthy
CAR-1121,City,2024,2,32670,Diesel,South,Cooling System,81,Healthy,No Failure,6/18/2023,Preventive,336.19,2,Center Alpha,Healthy
CAR-1031,Compact,2018,8,93928,Diesel,West,Engine,11,Critical,Wear,4/20/2024,Emergency,2314.63,47,Center Alpha,Under Maintenance
CAR-1189,Crossover,2021,5,71779,Petrol,North,Battery,61,Warning,Battery Failure,9/10/2023,Preventive,182.76,3,Center Gamma,Healthy
CAR-1042,Hatchback,2020,6,94842,Petrol,West,Brake,49,Warning,Brake Wear,6/1/2025,Corrective,413.1,22,Center Alpha,Healthy
CAR-1160,Compact,2018,8,96116,Diesel,Central,Battery,39,Critical,Battery Failure,3/17/2024,Emergency,414.55,67,Center Alpha,Under Maintenance
CAR-1266,City,2022,4,38672,Electric,South,Suspension,48,Warning,Suspension Failure,6/27/2025,Corrective,699,12,Center Epsilon,Healthy
CAR-1497,Compact,2024,2,31664,Diesel,Central,Tyre,79,Healthy,No Failure,1/5/2023,Preventive,165.53,3,Center Gamma,Healthy
CAR-1008,Sedan,2022,4,68474,Diesel,East,Suspension,83,Healthy,No Failure,3/12/2024,Preventive,495.61,3,Center Epsilon,Healthy
CAR-1037,Sedan,2021,5,81409,Petrol,East,Battery,52,Warning,Battery Failure,3/22/2024,Corrective,248.47,10,Center Delta,Healthy
CAR-1153,Hatchback,2019,7,97821,Diesel,North,Engine,37,Critical,Mechanical Failure,4/29/2023,Corrective,1085.1,9,Center Delta,Needs Inspection
CAR-1135,Hatchback,2022,4,68956,Electric,North,Tyre,64,Warning,Tyre Damage,9/18/2024,Corrective,227.5,20,Center Beta,Healthy
CAR-1423,Crossover,2019,7,113060,Hybrid,North,Headlight,36,Critical,Lighting Failure,6/13/2025,Emergency,208.25,57,Center Epsilon,Under Maintenance
CAR-1034,Crossover,2020,6,83041,Petrol,East,Cooling System,39,Critical,Overheating,9/10/2024,Emergency,770.88,40,Center Alpha,Under Maintenance
CAR-1024,Crossover,2021,5,78212,Diesel,East,Battery,82,Healthy,No Failure,7/18/2025,Preventive,195.31,1,Center Delta,Healthy
CAR-1270,Sedan,2019,7,88118,Hybrid,Central,Headlight,61,Warning,Lighting Failure,5/31/2024,Corrective,194.94,6,Center Gamma,Healthy
CAR-1263,Sedan,2023,3,52309,Hybrid,East,Tyre,67,Warning,Tyre Damage,11/13/2025,Preventive,180.01,1,Center Beta,Healthy
CAR-1373,Sedan,2021,5,77303,Electric,North,Suspension,43,Critical,Suspension Failure,6/17/2023,Corrective,799.69,17,Center Beta,Needs Inspection
CAR-1069,Crossover,2019,7,107453,Petrol,Central,Battery,37,Critical,Battery Failure,4/4/2024,Emergency,550.85,39,Center Beta,Under Maintenance
CAR-1042,Hatchback,2020,6,79689,Petrol,West,Cooling System,31,Critical,Overheating,3/20/2023,Emergency,686.6,37,Center Beta,Under Maintenance
CAR-1401,Compact,2023,3,40169,Diesel,South,Battery,67,Warning,Battery Failure,4/20/2023,Preventive,233.28,2,Center Delta,Healthy
CAR-1129,City,2021,5,96202,Petrol,Central,Engine,44,Critical,Wear,11/6/2023,Emergency,1919.56,45,Center Beta,Under Maintenance
CAR-1223,City,2018,8,127295,Hybrid,East,Suspension,10,Critical,Suspension Failure,1/11/2023,Corrective,797.08,22,Center Epsilon,Needs Inspection
CAR-1095,Premium Sedan,2022,4,57942,Diesel,West,Battery,89,Healthy,No Failure,5/18/2023,Preventive,174.71,3,Center Epsilon,Healthy
CAR-1018,Compact,2022,4,58199,Diesel,North,Headlight,58,Warning,Lighting Failure,7/25/2023,Preventive,105.84,2,Center Epsilon,Healthy
CAR-1273,City,2019,7,123576,Diesel,North,Headlight,37,Critical,Lighting Failure,12/3/2023,Emergency,307.45,53,Center Beta,Under Maintenance
CAR-1268,Crossover,2021,5,51408,Diesel,East,Brake,54,Warning,Brake Wear,4/27/2023,Corrective,439.35,22,Center Epsilon,Healthy
CAR-1108,City,2020,6,82599,Petrol,South,Brake,71,Warning,Brake Wear,1/1/2023,Corrective,514.69,22,Center Gamma,Healthy
CAR-1152,Sedan,2020,6,106870,Diesel,North,Suspension,38,Critical,Suspension Failure,4/14/2023,Emergency,1373.83,61,Center Gamma,Under Maintenance
CAR-1010,Premium Sedan,2019,7,103756,Electric,South,Headlight,27,Critical,Lighting Failure,5/10/2023,Emergency,322.77,38,Center Beta,Under Maintenance
CAR-1439,Crossover,2018,8,133926,Petrol,Central,Suspension,48,Warning,Suspension Failure,4/27/2025,Preventive,546.56,2,Center Epsilon,Healthy
CAR-1489,City,2018,8,87936,Diesel,West,Brake,38,Critical,Brake Wear,6/13/2023,Corrective,454.94,9,Center Gamma,Needs Inspection
CAR-1193,Hatchback,2021,5,89517,Petrol,North,Cooling System,61,Warning,Overheating,10/7/2023,Corrective,501.41,8,Center Gamma,Healthy
CAR-1026,Premium Sedan,2021,5,50103,Diesel,East,Brake,79,Healthy,No Failure,1/2/2025,Preventive,201.81,2,Center Epsilon,Healthy
CAR-1155,Hatchback,2021,5,70063,Electric,Central,Cooling System,65,Warning,Overheating,3/28/2023,Corrective,512.5,19,Center Beta,Healthy
CAR-1418,Crossover,2022,4,49318,Diesel,West,Engine,65,Warning,Mechanical Failure,8/17/2024,Preventive,1006.53,1,Center Alpha,Healthy
CAR-1291,City,2023,3,33221,Electric,South,Brake,57,Warning,Brake Wear,4/26/2025,Corrective,363.98,13,Center Delta,Healthy
CAR-1304,Hatchback,2020,6,103683,Electric,South,Battery,10,Critical,Battery Failure,4/22/2024,Corrective,269.26,6,Center Beta,Needs Inspection
CAR-1214,City,2024,2,20652,Petrol,South,Transmission,88,Healthy,No Failure,2/25/2024,Preventive,1025.55,3,Center Gamma,Healthy
CAR-1494,Hatchback,2020,6,58433,Diesel,East,Tyre,55,Warning,Tyre Damage,1/14/2023,Corrective,305.48,15,Center Beta,Healthy
CAR-1140,Compact,2022,4,51566,Electric,South,Brake,77,Healthy,No Failure,6/6/2023,Preventive,267.77,1,Center Delta,Healthy
CAR-1151,Hatchback,2020,6,76855,Diesel,West,Tyre,53,Warning,Tyre Damage,8/11/2024,Preventive,141.39,1,Center Gamma,Healthy
CAR-1263,Sedan,2023,3,37362,Hybrid,East,Tyre,72,Warning,Tyre Damage,9/8/2023,Preventive,190.83,1,Center Epsilon,Healthy
CAR-1313,Premium Sedan,2018,8,91152,Diesel,Central,Engine,58,Warning,Wear,9/1/2025,Corrective,1659.96,16,Center Epsilon,Healthy
CAR-1080,Compact,2022,4,54642,Diesel,West,Brake,82,Healthy,No Failure,8/30/2025,Preventive,286.98,3,Center Alpha,Healthy
CAR-1224,Sedan,2018,8,99707,Diesel,North,Transmission,46,Warning,Transmission Fault,12/1/2023,Corrective,1505.93,13,Center Beta,Healthy
CAR-1180,City,2021,5,42604,Petrol,North,Cooling System,54,Warning,Overheating,10/13/2024,Corrective,473.86,21,Center Gamma,Healthy
CAR-1195,Sedan,2024,2,38023,Petrol,North,Tyre,77,Healthy,No Failure,11/8/2025,Preventive,131.66,3,Center Epsilon,Healthy
CAR-1100,Hatchback,2023,3,50509,Hybrid,Central,Transmission,82,Healthy,No Failure,7/7/2025,Preventive,1168.79,2,Center Delta,Healthy
CAR-1067,Premium Sedan,2019,7,130752,Hybrid,South,Tyre,29,Critical,Tyre Damage,2/11/2024,Emergency,480.79,32,Center Alpha,Under Maintenance
CAR-1055,Hatchback,2018,8,109996,Diesel,South,Battery,49,Warning,Battery Failure,8/9/2025,Preventive,186.13,3,Center Alpha,Healthy
CAR-1399,Hatchback,2019,7,87548,Petrol,West,Transmission,63,Warning,Transmission Fault,5/21/2023,Corrective,1447.83,8,Center Beta,Healthy
CAR-1119,Premium Sedan,2021,5,62734,Diesel,East,Headlight,42,Critical,Lighting Failure,8/23/2024,Emergency,264.12,24,Center Beta,Needs Inspection
CAR-1096,Premium Sedan,2024,2,24269,Hybrid,West,Tyre,51,Warning,Tyre Damage,5/1/2025,Preventive,172.23,3,Center Beta,Healthy
CAR-1214,City,2024,2,40310,Petrol,South,Engine,65,Warning,Mechanical Failure,3/12/2024,Preventive,710.53,2,Center Beta,Healthy
CAR-1006,Sedan,2019,7,77086,Petrol,South,Tyre,74,Warning,Tyre Damage,8/20/2024,Corrective,227.12,7,Center Delta,Healthy
CAR-1236,Hatchback,2023,3,56468,Diesel,South,Brake,79,Healthy,No Failure,8/28/2024,Preventive,213.19,1,Center Alpha,Healthy
CAR-1318,Hatchback,2018,8,92120,Petrol,Central,Battery,66,Warning,Battery Failure,12/19/2025,Corrective,284.59,17,Center Alpha,Healthy
CAR-1174,Sedan,2022,4,65414,Petrol,West,Battery,69,Warning,Battery Failure,8/10/2024,Corrective,349.35,18,Center Gamma,Healthy
CAR-1065,Premium Sedan,2024,2,17739,Electric,North,Battery,99,Healthy,No Failure,10/16/2024,Preventive,181.71,3,Center Alpha,Healthy
CAR-1261,Compact,2021,5,83308,Petrol,Central,Battery,42,Critical,Battery Failure,12/29/2024,Emergency,518.97,22,Center Alpha,Needs Inspection
CAR-1112,Sedan,2021,5,44018,Petrol,West,Engine,51,Warning,Mechanical Failure,3/19/2025,Preventive,897.8,2,Center Alpha,Healthy
CAR-1271,Premium Sedan,2019,7,57982,Hybrid,North,Brake,65,Warning,Brake Wear,12/26/2025,Corrective,424.24,12,Center Alpha,Healthy
CAR-1403,Premium Sedan,2020,6,57945,Electric,South,Suspension,59,Warning,Suspension Failure,8/7/2024,Corrective,668.45,21,Center Epsilon,Healthy
CAR-1336,Sedan,2024,2,31640,Hybrid,South,Tyre,100,Healthy,No Failure,10/13/2023,Preventive,160.04,2,Center Beta,Healthy
CAR-1418,Crossover,2022,4,41350,Diesel,West,Tyre,91,Healthy,No Failure,10/13/2025,Preventive,155.55,2,Center Gamma,Healthy
CAR-1456,Hatchback,2020,6,95627,Hybrid,Central,Tyre,17,Critical,Tyre Damage,6/2/2025,Corrective,208.85,12,Center Beta,Needs Inspection
CAR-1096,Premium Sedan,2024,2,37308,Hybrid,West,Tyre,87,Healthy,No Failure,7/18/2023,Preventive,140.19,2,Center Alpha,Healthy
CAR-1123,Hatchback,2020,6,81406,Petrol,East,Headlight,30,Critical,Lighting Failure,11/7/2025,Corrective,202.99,14,Center Gamma,Needs Inspection
CAR-1380,Crossover,2020,6,61333,Electric,North,Cooling System,42,Critical,Overheating,12/5/2025,Emergency,615.94,63,Center Gamma,Under Maintenance
CAR-1235,Crossover,2022,4,64392,Electric,West,Suspension,50,Warning,Suspension Failure,2/14/2024,Corrective,611.34,22,Center Delta,Healthy
CAR-1489,City,2018,8,125041,Diesel,West,Transmission,26,Critical,Transmission Fault,3/24/2025,Corrective,1167.73,15,Center Delta,Needs Inspection
CAR-1383,Compact,2024,2,33744,Electric,South,Battery,79,Healthy,No Failure,5/12/2025,Preventive,199.49,1,Center Alpha,Healthy
CAR-1292,Premium Sedan,2020,6,77812,Petrol,West,Tyre,78,Healthy,No Failure,11/16/2024,Preventive,121.52,3,Center Gamma,Healthy
CAR-1194,City,2023,3,44889,Diesel,West,Brake,53,Warning,Brake Wear,7/13/2024,Preventive,286.64,2,Center Gamma,Healthy
CAR-1207,Premium Sedan,2023,3,36453,Diesel,Central,Tyre,77,Healthy,No Failure,2/13/2024,Preventive,148.26,2,Center Gamma,Healthy
CAR-1169,Premium Sedan,2020,6,51233,Petrol,West,Tyre,50,Warning,Tyre Damage,7/22/2024,Corrective,268.77,9,Center Epsilon,Healthy
CAR-1188,Sedan,2023,3,38767,Petrol,West,Cooling System,100,Healthy,No Failure,12/7/2023,Preventive,252.72,2,Center Beta,Healthy
CAR-1289,Premium Sedan,2022,4,38611,Electric,South,Brake,69,Warning,Brake Wear,10/12/2025,Preventive,266.98,1,Center Delta,Healthy
CAR-1415,Sedan,2019,7,120658,Diesel,North,Headlight,33,Critical,Lighting Failure,8/29/2024,Corrective,152.94,22,Center Delta,Needs Inspection
CAR-1265,City,2021,5,79276,Electric,West,Engine,43,Critical,Mechanical Failure,6/18/2025,Corrective,1100.37,15,Center Beta,Needs Inspection
CAR-1261,Compact,2021,5,48522,Petrol,Central,Tyre,77,Healthy,No Failure,2/17/2024,Preventive,135.01,2,Center Epsilon,Healthy
CAR-1395,Compact,2021,5,66599,Diesel,South,Engine,44,Critical,Wear,12/5/2023,Corrective,1221.13,22,Center Gamma,Needs Inspection
CAR-1434,Premium Sedan,2020,6,76810,Petrol,North,Transmission,28,Critical,Transmission Fault,7/16/2024,Emergency,2865.28,28,Center Beta,Under Maintenance
CAR-1221,Hatchback,2024,2,24586,Diesel,Central,Suspension,100,Healthy,No Failure,5/21/2023,Preventive,495.57,2,Center Epsilon,Healthy
CAR-1043,Sedan,2021,5,83193,Petrol,East,Engine,48,Warning,Overheating,9/9/2025,Corrective,1058.69,17,Center Epsilon,Healthy
CAR-1388,City,2022,4,42069,Diesel,East,Cooling System,76,Healthy,No Failure,3/10/2023,Preventive,317.51,3,Center Epsilon,Healthy
CAR-1176,Premium Sedan,2020,6,76496,Electric,Central,Brake,42,Critical,Brake Wear,1/26/2025,Emergency,592.21,71,Center Alpha,Under Maintenance
CAR-1060,Premium Sedan,2019,7,82236,Electric,West,Headlight,13,Critical,Lighting Failure,9/22/2023,Emergency,210.14,58,Center Alpha,Under Maintenance
CAR-1119,Premium Sedan,2021,5,85689,Diesel,East,Brake,30,Critical,Brake Wear,2/16/2023,Emergency,788.86,53,Center Beta,Under Maintenance
CAR-1026,Premium Sedan,2021,5,78412,Diesel,East,Headlight,40,Critical,Lighting Failure,8/20/2023,Emergency,314.53,54,Center Alpha,Under Maintenance
CAR-1242,City,2020,6,59459,Diesel,East,Suspension,89,Healthy,No Failure,9/29/2024,Preventive,476.59,1,Center Epsilon,Healthy
CAR-1232,Sedan,2022,4,49749,Diesel,East,Transmission,63,Warning,Transmission Fault,1/21/2024,Corrective,1545.22,17,Center Gamma,Healthy
CAR-1143,Hatchback,2024,2,25817,Electric,Central,Brake,78,Healthy,No Failure,5/26/2024,Preventive,258.87,2,Center Gamma,Healthy
CAR-1412,Compact,2021,5,55451,Hybrid,South,Battery,53,Warning,Battery Failure,1/1/2024,Corrective,364.06,21,Center Alpha,Healthy
CAR-1419,Hatchback,2022,4,73462,Diesel,East,Suspension,84,Healthy,No Failure,6/29/2024,Preventive,573.8,1,Center Beta,Healthy
CAR-1059,Premium Sedan,2019,7,100599,Diesel,Central,Transmission,36,Critical,Transmission Fault,7/22/2025,Corrective,1233.39,23,Center Gamma,Needs Inspection
CAR-1220,Crossover,2018,8,70657,Hybrid,East,Battery,56,Warning,Battery Failure,9/4/2023,Preventive,198.13,2,Center Alpha,Healthy
CAR-1218,Compact,2021,5,51976,Petrol,West,Transmission,55,Warning,Transmission Fault,9/28/2024,Preventive,741.88,2,Center Gamma,Healthy
CAR-1398,City,2019,7,123400,Electric,Central,Headlight,17,Critical,Lighting Failure,6/2/2025,Emergency,319.01,56,Center Gamma,Under Maintenance
CAR-1118,City,2024,2,18956,Diesel,Central,Tyre,70,Warning,Tyre Damage,6/27/2024,Corrective,222.77,9,Center Beta,Healthy
CAR-1456,Hatchback,2020,6,63584,Hybrid,Central,Headlight,39,Critical,Lighting Failure,12/17/2024,Emergency,295.55,43,Center Alpha,Under Maintenance
CAR-1317,Crossover,2024,2,26130,Diesel,West,Engine,72,Warning,Mechanical Failure,10/15/2023,Corrective,1077.03,11,Center Delta,Healthy
CAR-1434,Premium Sedan,2020,6,86353,Petrol,North,Engine,47,Warning,Mechanical Failure,4/18/2025,Corrective,1184.04,13,Center Gamma,Healthy
CAR-1405,Premium Sedan,2024,2,17886,Diesel,North,Tyre,100,Healthy,No Failure,7/17/2023,Preventive,126.04,3,Center Epsilon,Healthy
CAR-1044,Hatchback,2022,4,60819,Diesel,West,Battery,47,Warning,Battery Failure,2/13/2023,Preventive,202.17,3,Center Delta,Healthy
CAR-1101,City,2018,8,111531,Electric,West,Tyre,11,Critical,Tyre Damage,5/15/2024,Emergency,355.08,21,Center Alpha,Needs Inspection
CAR-1192,Crossover,2022,4,62272,Petrol,North,Cooling System,81,Healthy,No Failure,1/12/2025,Preventive,389.91,2,Center Beta,Healthy
CAR-1109,Sedan,2020,6,67990,Petrol,South,Brake,37,Critical,Brake Wear,9/17/2025,Emergency,572.82,32,Center Beta,Under Maintenance
CAR-1057,Premium Sedan,2022,4,56496,Petrol,South,Suspension,85,Healthy,No Failure,9/1/2025,Preventive,492.04,1,Center Gamma,Healthy
CAR-1386,Compact,2024,2,30636,Hybrid,South,Battery,77,Healthy,No Failure,6/22/2024,Preventive,171.51,3,Center Beta,Healthy
CAR-1278,City,2021,5,56724,Electric,Central,Headlight,53,Warning,Lighting Failure,3/14/2023,Corrective,153.26,8,Center Delta,Healthy
CAR-1232,Sedan,2022,4,41786,Diesel,East,Transmission,100,Healthy,No Failure,12/27/2024,Preventive,846.49,2,Center Epsilon,Healthy
CAR-1042,Hatchback,2020,6,78236,Petrol,West,Brake,32,Critical,Brake Wear,11/3/2023,Emergency,619.03,35,Center Delta,Under Maintenance
CAR-1299,Sedan,2018,8,83694,Hybrid,South,Battery,10,Critical,Battery Failure,7/24/2023,Corrective,240.86,16,Center Delta,Needs Inspection
CAR-1423,Crossover,2019,7,57940,Hybrid,North,Transmission,70,Warning,Transmission Fault,4/10/2025,Preventive,893.08,2,Center Beta,Healthy
CAR-1284,City,2018,8,135767,Diesel,South,Engine,13,Critical,Overheating,10/20/2025,Corrective,1623.5,20,Center Alpha,Needs Inspection
CAR-1053,City,2020,6,100924,Hybrid,East,Battery,40,Critical,Battery Failure,9/18/2025,Corrective,275.08,8,Center Epsilon,Needs Inspection
CAR-1238,Compact,2020,6,87299,Electric,East,Brake,48,Warning,Brake Wear,3/10/2025,Preventive,288.22,2,Center Delta,Healthy
CAR-1022,Premium Sedan,2019,7,82124,Petrol,East,Battery,61,Warning,Battery Failure,1/12/2024,Corrective,251.38,17,Center Alpha,Healthy
CAR-1290,Crossover,2022,4,74156,Petrol,Central,Tyre,61,Warning,Tyre Damage,11/13/2023,Corrective,307.26,20,Center Alpha,Healthy
CAR-1306,Crossover,2022,4,45608,Diesel,North,Headlight,80,Healthy,No Failure,2/14/2025,Preventive,127.37,3,Center Epsilon,Healthy
CAR-1216,City,2020,6,108074,Petrol,South,Suspension,84,Healthy,No Failure,11/12/2023,Preventive,571.67,2,Center Gamma,Healthy
CAR-1324,Sedan,2018,8,68073,Petrol,North,Tyre,23,Critical,Tyre Damage,7/11/2024,Corrective,290.29,8,Center Delta,Needs Inspection
CAR-1229,Compact,2019,7,91044,Diesel,South,Brake,59,Warning,Brake Wear,4/8/2024,Corrective,435.73,13,Center Delta,Healthy
CAR-1319,Premium Sedan,2023,3,28713,Diesel,North,Tyre,77,Healthy,No Failure,7/22/2024,Preventive,139.23,2,Center Delta,Healthy
CAR-1056,Compact,2019,7,131033,Hybrid,West,Suspension,41,Critical,Suspension Failure,6/4/2025,Emergency,1317.94,64,Center Beta,Under Maintenance
CAR-1246,Crossover,2019,7,98686,Petrol,Central,Tyre,18,Critical,Tyre Damage,2/10/2023,Emergency,412.7,70,Center Alpha,Under Maintenance
CAR-1172,Crossover,2022,4,68234,Electric,North,Battery,61,Warning,Battery Failure,7/26/2023,Corrective,366.63,13,Center Gamma,Healthy
CAR-1152,Sedan,2020,6,75112,Diesel,North,Headlight,56,Warning,Lighting Failure,7/19/2025,Corrective,166.07,11,Center Beta,Healthy
CAR-1035,Crossover,2020,6,59828,Hybrid,North,Transmission,42,Critical,Transmission Fault,1/28/2024,Corrective,1257.54,12,Center Delta,Needs Inspection
CAR-1357,Crossover,2021,5,66563,Petrol,Central,Tyre,47,Warning,Tyre Damage,6/28/2023,Preventive,135.21,2,Center Gamma,Healthy
CAR-1379,Sedan,2023,3,60364,Hybrid,North,Engine,64,Warning,Mechanical Failure,9/22/2024,Preventive,767.77,1,Center Alpha,Healthy
CAR-1421,Compact,2019,7,107955,Diesel,West,Tyre,36,Critical,Tyre Damage,3/14/2025,Emergency,379.03,18,Center Gamma,Needs Inspection
CAR-1321,City,2020,6,90247,Electric,South,Engine,74,Warning,Mechanical Failure,10/12/2023,Corrective,1356.87,17,Center Gamma,Healthy
CAR-1419,Hatchback,2022,4,60035,Diesel,East,Engine,70,Warning,Wear,11/30/2023,Preventive,933.31,1,Center Epsilon,Healthy
CAR-1367,Premium Sedan,2019,7,100138,Petrol,South,Battery,10,Critical,Battery Failure,9/21/2024,Corrective,359.19,8,Center Delta,Needs Inspection
CAR-1229,Compact,2019,7,104463,Diesel,South,Tyre,17,Critical,Tyre Damage,5/10/2025,Emergency,380.39,34,Center Alpha,Under Maintenance
CAR-1220,Crossover,2018,8,143771,Hybrid,East,Brake,25,Critical,Brake Wear,6/19/2023,Emergency,522.52,23,Center Gamma,Needs Inspection
CAR-1031,Compact,2018,8,97603,Diesel,West,Battery,55,Warning,Battery Failure,10/20/2024,Preventive,211.76,1,Center Delta,Healthy
CAR-1412,Compact,2021,5,48481,Hybrid,South,Tyre,98,Healthy,No Failure,1/15/2024,Preventive,159.88,3,Center Gamma,Healthy
CAR-1311,Hatchback,2019,7,104388,Hybrid,West,Suspension,56,Warning,Suspension Failure,12/28/2024,Corrective,787.69,17,Center Beta,Healthy
CAR-1374,Compact,2018,8,102905,Hybrid,East,Headlight,42,Critical,Lighting Failure,10/22/2025,Emergency,319.24,19,Center Beta,Needs Inspection
CAR-1034,Crossover,2020,6,68530,Petrol,East,Battery,56,Warning,Battery Failure,8/15/2024,Corrective,303.28,23,Center Gamma,Healthy
CAR-1065,Premium Sedan,2024,2,36055,Electric,North,Brake,77,Healthy,No Failure,1/29/2023,Preventive,211.03,1,Center Gamma,Healthy
CAR-1425,Premium Sedan,2021,5,70578,Diesel,Central,Brake,51,Warning,Brake Wear,2/3/2025,Preventive,235.82,2,Center Epsilon,Healthy
CAR-1291,City,2023,3,43128,Electric,South,Headlight,39,Critical,Lighting Failure,1/17/2024,Emergency,320.88,56,Center Beta,Under Maintenance
CAR-1369,Premium Sedan,2023,3,41085,Hybrid,Central,Engine,81,Healthy,No Failure,2/12/2024,Preventive,693.61,1,Center Epsilon,Healthy
CAR-1167,Premium Sedan,2018,8,89533,Diesel,North,Transmission,47,Warning,Transmission Fault,1/5/2024,Corrective,1659.81,11,Center Gamma,Healthy
CAR-1208,Crossover,2019,7,100884,Petrol,North,Battery,41,Critical,Battery Failure,9/15/2025,Corrective,263.84,7,Center Beta,Needs Inspection
CAR-1128,Sedan,2020,6,49583,Diesel,West,Headlight,45,Warning,Lighting Failure,11/18/2023,Preventive,105.44,1,Center Gamma,Healthy
CAR-1271,Premium Sedan,2019,7,81629,Hybrid,North,Brake,66,Warning,Brake Wear,12/17/2025,Corrective,395.48,12,Center Epsilon,Healthy
CAR-1425,Premium Sedan,2021,5,55207,Diesel,Central,Battery,43,Critical,Battery Failure,12/12/2025,Emergency,440.78,43,Center Epsilon,Under Maintenance
CAR-1160,Compact,2018,8,103021,Diesel,Central,Cooling System,28,Critical,Overheating,12/23/2025,Emergency,697.23,44,Center Gamma,Under Maintenance
CAR-1200,City,2024,2,19750,Petrol,South,Transmission,100,Healthy,No Failure,7/2/2024,Preventive,887.25,2,Center Alpha,Healthy
CAR-1463,City,2023,3,55326,Hybrid,Central,Transmission,91,Healthy,No Failure,5/31/2024,Preventive,855.93,3,Center Alpha,Healthy
CAR-1441,Premium Sedan,2024,2,18184,Petrol,East,Engine,71,Warning,Mechanical Failure,8/21/2024,Corrective,1318.02,16,Center Beta,Healthy
CAR-1277,Compact,2018,8,118590,Electric,West,Headlight,10,Critical,Lighting Failure,1/9/2025,Emergency,208.96,44,Center Epsilon,Under Maintenance
CAR-1105,Premium Sedan,2018,8,109605,Electric,East,Transmission,34,Critical,Transmission Fault,4/22/2025,Corrective,1861.72,13,Center Delta,Needs Inspection
CAR-1251,Sedan,2024,2,32390,Electric,East,Brake,85,Healthy,No Failure,9/17/2025,Preventive,320.7,1,Center Gamma,Healthy
CAR-1016,Crossover,2019,7,95765,Electric,Central,Brake,28,Critical,Brake Wear,6/19/2025,Emergency,726.67,44,Center Epsilon,Under Maintenance
CAR-1119,Premium Sedan,2021,5,67704,Diesel,East,Cooling System,41,Critical,Overheating,8/16/2023,Emergency,844.77,36,Center Gamma,Under Maintenance
CAR-1248,Sedan,2018,8,93467,Petrol,Central,Tyre,61,Warning,Tyre Damage,8/10/2025,Corrective,223.59,16,Center Alpha,Healthy
CAR-1217,Compact,2022,4,45535,Petrol,South,Headlight,77,Healthy,No Failure,9/17/2025,Preventive,86.66,3,Center Gamma,Healthy
CAR-1046,Compact,2021,5,48144,Petrol,East,Battery,70,Warning,Battery Failure,6/1/2025,Preventive,159.24,3,Center Gamma,Healthy
CAR-1067,Premium Sedan,2019,7,123015,Hybrid,South,Battery,38,Critical,Battery Failure,5/12/2025,Emergency,539.26,18,Center Beta,Needs Inspection
CAR-1241,Sedan,2021,5,79984,Diesel,South,Headlight,50,Warning,Lighting Failure,6/14/2023,Preventive,98.21,2,Center Epsilon,Healthy
CAR-1178,Crossover,2018,8,107723,Diesel,East,Tyre,36,Critical,Tyre Damage,1/28/2025,Corrective,212.27,14,Center Alpha,Needs Inspection
CAR-1353,Crossover,2018,8,87174,Petrol,East,Engine,45,Warning,Overheating,1/2/2023,Preventive,989.87,2,Center Beta,Healthy
CAR-1031,Compact,2018,8,137009,Diesel,West,Engine,21,Critical,Overheating,7/28/2024,Emergency,1948.32,67,Center Beta,Under Maintenance
CAR-1278,City,2021,5,69384,Electric,Central,Battery,63,Warning,Battery Failure,7/3/2023,Preventive,202.01,1,Center Beta,Healthy
CAR-1425,Premium Sedan,2021,5,82509,Diesel,Central,Brake,64,Warning,Brake Wear,10/4/2025,Preventive,219.16,1,Center Beta,Healthy
CAR-1206,Premium Sedan,2021,5,62374,Hybrid,North,Tyre,20,Critical,Tyre Damage,1/1/2025,Emergency,330.18,60,Center Epsilon,Under Maintenance
CAR-1278,City,2021,5,66843,Electric,Central,Engine,86,Healthy,No Failure,9/4/2023,Preventive,720.28,2,Center Alpha,Healthy
CAR-1446,Compact,2021,5,66317,Petrol,East,Engine,51,Warning,Overheating,10/20/2024,Corrective,1272.71,8,Center Beta,Healthy
CAR-1095,Premium Sedan,2022,4,46753,Diesel,West,Battery,59,Warning,Battery Failure,10/7/2024,Corrective,368.29,23,Center Gamma,Healthy
CAR-1013,Hatchback,2019,7,70823,Petrol,West,Suspension,67,Warning,Suspension Failure,5/18/2025,Corrective,714.88,20,Center Gamma,Healthy
CAR-1186,Hatchback,2021,5,45643,Petrol,North,Headlight,63,Warning,Lighting Failure,4/22/2024,Preventive,81.43,3,Center Delta,Healthy
CAR-1109,Sedan,2020,6,105595,Petrol,South,Suspension,41,Critical,Suspension Failure,12/28/2024,Corrective,918.39,7,Center Delta,Needs Inspection
CAR-1196,Compact,2020,6,94635,Electric,West,Engine,20,Critical,Mechanical Failure,4/23/2023,Emergency,1871.5,38,Center Beta,Under Maintenance
CAR-1174,Sedan,2022,4,69258,Petrol,West,Cooling System,47,Warning,Overheating,7/18/2023,Corrective,462.32,13,Center Epsilon,Healthy
CAR-1269,Compact,2021,5,92103,Electric,Central,Transmission,39,Critical,Transmission Fault,12/11/2024,Emergency,2856.89,33,Center Gamma,Under Maintenance
CAR-1328,Crossover,2024,2,29943,Diesel,East,Battery,76,Healthy,No Failure,11/24/2024,Preventive,222.07,1,Center Delta,Healthy
CAR-1436,Premium Sedan,2020,6,104490,Diesel,Central,Brake,33,Critical,Brake Wear,1/29/2023,Emergency,568.28,21,Center Epsilon,Needs Inspection
CAR-1160,Compact,2018,8,81179,Diesel,Central,Tyre,30,Critical,Tyre Damage,1/26/2023,Corrective,205.83,21,Center Beta,Needs Inspection
CAR-1070,Crossover,2022,4,55440,Electric,East,Brake,60,Warning,Brake Wear,9/26/2025,Corrective,450.45,14,Center Gamma,Healthy
CAR-1483,Crossover,2023,3,28039,Petrol,South,Tyre,90,Healthy,No Failure,10/26/2024,Preventive,158.61,3,Center Alpha,Healthy
CAR-1444,Premium Sedan,2023,3,35505,Petrol,Central,Tyre,93,Healthy,No Failure,2/7/2024,Preventive,191.6,2,Center Gamma,Healthy
CAR-1321,City,2020,6,90207,Electric,South,Tyre,50,Warning,Tyre Damage,11/30/2025,Preventive,153.76,2,Center Beta,Healthy
CAR-1125,Premium Sedan,2024,2,21142,Petrol,East,Battery,73,Warning,Battery Failure,9/9/2025,Corrective,371.01,7,Center Alpha,Healthy
CAR-1476,Crossover,2022,4,73782,Electric,East,Headlight,67,Warning,Lighting Failure,11/22/2025,Corrective,128.33,11,Center Gamma,Healthy
CAR-1300,Crossover,2019,7,83650,Diesel,Central,Tyre,41,Critical,Tyre Damage,4/6/2023,Corrective,199.5,9,Center Beta,Needs Inspection
CAR-1461,Premium Sedan,2019,7,91267,Hybrid,East,Headlight,58,Warning,Lighting Failure,8/2/2023,Corrective,170.44,8,Center Beta,Healthy
CAR-1088,Hatchback,2024,2,38816,Petrol,South,Engine,90,Healthy,No Failure,5/2/2025,Preventive,981.95,3,Center Beta,Healthy
CAR-1364,Crossover,2024,2,40213,Diesel,Central,Cooling System,64,Warning,Overheating,6/19/2023,Corrective,385.89,6,Center Beta,Healthy
CAR-1357,Crossover,2021,5,44841,Petrol,Central,Headlight,67,Warning,Lighting Failure,10/11/2023,Preventive,111.12,2,Center Alpha,Healthy
CAR-1141,Compact,2019,7,87173,Petrol,West,Battery,37,Critical,Battery Failure,7/30/2024,Emergency,371.34,38,Center Delta,Under Maintenance
CAR-1002,Sedan,2023,3,54391,Electric,North,Battery,59,Warning,Battery Failure,10/26/2025,Preventive,185.01,2,Center Gamma,Healthy
CAR-1154,Premium Sedan,2024,2,32501,Diesel,Central,Engine,55,Warning,Mechanical Failure,9/25/2023,Preventive,966.39,1,Center Beta,Healthy
CAR-1241,Sedan,2021,5,59371,Diesel,South,Brake,32,Critical,Brake Wear,3/10/2024,Corrective,370.46,20,Center Delta,Needs Inspection
CAR-1137,Crossover,2018,8,84633,Hybrid,East,Engine,62,Warning,Mechanical Failure,1/30/2023,Corrective,1627.45,14,Center Epsilon,Healthy
CAR-1464,Compact,2022,4,77704,Hybrid,North,Brake,85,Healthy,No Failure,10/15/2024,Preventive,264.85,2,Center Beta,Healthy
CAR-1496,Compact,2021,5,84369,Petrol,Central,Engine,61,Warning,Overheating,5/20/2023,Preventive,646.39,2,Center Epsilon,Healthy
CAR-1422,Compact,2018,8,101758,Diesel,North,Suspension,23,Critical,Suspension Failure,2/16/2023,Emergency,1137.42,21,Center Delta,Needs Inspection
CAR-1265,City,2021,5,63187,Electric,West,Tyre,69,Warning,Tyre Damage,1/17/2023,Corrective,300.13,18,Center Alpha,Healthy
CAR-1001,Hatchback,2023,3,54849,Petrol,North,Suspension,68,Warning,Suspension Failure,2/4/2023,Preventive,523.03,2,Center Beta,Healthy
CAR-1468,Crossover,2018,8,59724,Electric,East,Tyre,47,Warning,Tyre Damage,8/31/2025,Corrective,228.14,14,Center Gamma,Healthy
CAR-1244,Premium Sedan,2021,5,52969,Petrol,West,Tyre,54,Warning,Tyre Damage,8/10/2024,Preventive,184.01,2,Center Alpha,Healthy
CAR-1347,Premium Sedan,2020,6,101734,Petrol,West,Suspension,46,Warning,Suspension Failure,11/30/2023,Corrective,905.75,6,Center Alpha,Healthy
CAR-1327,Crossover,2020,6,96066,Petrol,South,Engine,47,Warning,Overheating,9/5/2025,Corrective,1640.74,6,Center Alpha,Healthy
CAR-1428,Crossover,2019,7,87548,Petrol,South,Tyre,44,Critical,Tyre Damage,12/17/2025,Corrective,207.33,14,Center Epsilon,Needs Inspection
CAR-1224,Sedan,2018,8,129402,Diesel,North,Transmission,25,Critical,Transmission Fault,10/21/2024,Emergency,1872.62,36,Center Delta,Under Maintenance
CAR-1398,City,2019,7,81320,Electric,Central,Transmission,52,Warning,Transmission Fault,4/2/2024,Corrective,1188.59,8,Center Gamma,Healthy
CAR-1028,City,2019,7,84076,Diesel,Central,Cooling System,45,Warning,Overheating,12/25/2025,Corrective,547.98,8,Center Gamma,Healthy
CAR-1192,Crossover,2022,4,30823,Petrol,North,Suspension,60,Warning,Suspension Failure,7/5/2023,Preventive,404.79,2,Center Alpha,Healthy
CAR-1086,City,2019,7,106814,Petrol,West,Battery,44,Critical,Battery Failure,2/5/2023,Emergency,370.99,53,Center Epsilon,Under Maintenance
CAR-1183,Crossover,2024,2,31631,Petrol,South,Cooling System,77,Healthy,No Failure,3/16/2024,Preventive,277.72,1,Center Beta,Healthy
CAR-1388,City,2022,4,71005,Diesel,East,Battery,41,Critical,Battery Failure,9/23/2023,Emergency,538.63,45,Center Gamma,Under Maintenance
CAR-1348,Sedan,2018,8,147061,Hybrid,North,Transmission,11,Critical,Transmission Fault,11/12/2025,Emergency,2308.19,24,Center Alpha,Needs Inspection
CAR-1314,City,2020,6,78868,Electric,Central,Tyre,55,Warning,Tyre Damage,9/12/2024,Preventive,194.45,3,Center Delta,Healthy
CAR-1043,Sedan,2021,5,76167,Petrol,East,Suspension,71,Warning,Suspension Failure,12/15/2025,Corrective,777.5,23,Center Delta,Healthy
CAR-1308,Compact,2018,8,82330,Diesel,South,Brake,54,Warning,Brake Wear,4/26/2025,Preventive,292.87,3,Center Beta,Healthy
CAR-1333,Sedan,2021,5,69710,Electric,West,Cooling System,47,Warning,Overheating,1/11/2023,Preventive,252.91,3,Center Epsilon,Healthy
CAR-1050,Crossover,2022,4,49450,Petrol,East,Headlight,41,Critical,Lighting Failure,3/31/2023,Emergency,229.87,67,Center Epsilon,Under Maintenance
CAR-1091,Hatchback,2022,4,69681,Electric,East,Cooling System,32,Critical,Overheating,7/6/2025,Emergency,902.62,57,Center Alpha,Under Maintenance
CAR-1490,Crossover,2019,7,90356,Electric,West,Brake,31,Critical,Brake Wear,11/26/2024,Emergency,763.66,22,Center Beta,Needs Inspection
CAR-1380,Crossover,2020,6,74064,Electric,North,Tyre,48,Warning,Tyre Damage,11/12/2025,Preventive,143.33,1,Center Beta,Healthy
CAR-1163,Crossover,2024,2,19109,Petrol,West,Cooling System,100,Healthy,No Failure,8/30/2023,Preventive,296.74,3,Center Beta,Healthy
CAR-1464,Compact,2022,4,52541,Hybrid,North,Tyre,80,Healthy,No Failure,10/8/2023,Preventive,167.2,3,Center Epsilon,Healthy
CAR-1178,Crossover,2018,8,126925,Diesel,East,Tyre,10,Critical,Tyre Damage,3/22/2023,Emergency,301.16,39,Center Beta,Under Maintenance
CAR-1037,Sedan,2021,5,52986,Petrol,East,Brake,40,Critical,Brake Wear,9/1/2025,Corrective,467.46,17,Center Gamma,Needs Inspection
CAR-1067,Premium Sedan,2019,7,110873,Hybrid,South,Headlight,47,Warning,Lighting Failure,11/15/2024,Corrective,135.36,7,Center Epsilon,Healthy
CAR-1078,Premium Sedan,2021,5,91800,Diesel,Central,Cooling System,24,Critical,Overheating,1/22/2023,Corrective,616.94,20,Center Gamma,Needs Inspection
CAR-1195,Sedan,2024,2,37187,Petrol,North,Tyre,71,Warning,Tyre Damage,6/14/2024,Corrective,229.78,11,Center Delta,Healthy
CAR-1384,Sedan,2024,2,16902,Diesel,West,Transmission,82,Healthy,No Failure,10/9/2025,Preventive,915.92,1,Center Gamma,Healthy
CAR-1353,Crossover,2018,8,95479,Petrol,East,Headlight,10,Critical,Lighting Failure,11/3/2024,Emergency,236.24,29,Center Delta,Under Maintenance
CAR-1117,Premium Sedan,2018,8,108462,Hybrid,Central,Battery,49,Warning,Battery Failure,10/23/2025,Preventive,184.04,2,Center Epsilon,Healthy
CAR-1228,Premium Sedan,2023,3,38678,Petrol,West,Battery,68,Warning,Battery Failure,1/28/2023,Preventive,171.41,3,Center Beta,Healthy
CAR-1083,Crossover,2018,8,81857,Petrol,West,Suspension,41,Critical,Suspension Failure,8/23/2024,Emergency,995.36,59,Center Delta,Under Maintenance
CAR-1369,Premium Sedan,2023,3,57679,Hybrid,Central,Suspension,57,Warning,Suspension Failure,7/20/2023,Preventive,394.26,3,Center Gamma,Healthy
CAR-1499,Premium Sedan,2024,2,38222,Hybrid,Central,Tyre,79,Healthy,No Failure,4/17/2023,Preventive,135.6,2,Center Beta,Healthy
CAR-1441,Premium Sedan,2024,2,37076,Petrol,East,Transmission,96,Healthy,No Failure,11/30/2024,Preventive,1097.1,3,Center Gamma,Healthy
CAR-1216,City,2020,6,80464,Petrol,South,Cooling System,57,Warning,Overheating,4/18/2024,Corrective,568.87,23,Center Epsilon,Healthy
CAR-1093,City,2018,8,140155,Hybrid,South,Transmission,31,Critical,Transmission Fault,1/21/2025,Emergency,2725.19,34,Center Alpha,Under Maintenance
CAR-1216,City,2020,6,88405,Petrol,South,Battery,49,Warning,Battery Failure,8/20/2023,Corrective,293.74,20,Center Beta,Healthy
CAR-1422,Compact,2018,8,85502,Diesel,North,Cooling System,51,Warning,Overheating,9/30/2025,Preventive,301.94,1,Center Delta,Healthy
CAR-1306,Crossover,2022,4,55482,Diesel,North,Engine,61,Warning,Overheating,2/15/2023,Corrective,1563.07,11,Center Gamma,Healthy
CAR-1201,Premium Sedan,2023,3,44518,Diesel,West,Headlight,98,Healthy,No Failure,11/29/2024,Preventive,101.64,2,Center Beta,Healthy
CAR-1189,Crossover,2021,5,56814,Petrol,North,Suspension,81,Healthy,No Failure,10/7/2024,Preventive,375.42,2,Center Epsilon,Healthy
CAR-1010,Premium Sedan,2019,7,67652,Electric,South,Transmission,40,Critical,Transmission Fault,12/16/2025,Emergency,2443.48,55,Center Delta,Under Maintenance
CAR-1178,Crossover,2018,8,79487,Diesel,East,Brake,41,Critical,Brake Wear,10/6/2025,Emergency,612.3,27,Center Epsilon,Under Maintenance
CAR-1187,City,2021,5,51354,Petrol,North,Headlight,98,Healthy,No Failure,8/12/2025,Preventive,125.09,3,Center Alpha,Healthy
CAR-1176,Premium Sedan,2020,6,63081,Electric,Central,Suspension,31,Critical,Suspension Failure,12/7/2023,Emergency,1307.83,19,Center Delta,Needs Inspection
CAR-1301,City,2019,7,130891,Petrol,West,Tyre,47,Warning,Tyre Damage,12/30/2025,Corrective,230.78,23,Center Gamma,Healthy
CAR-1004,Hatchback,2024,2,27200,Electric,East,Engine,58,Warning,Overheating,2/3/2023,Preventive,850.99,2,Center Alpha,Healthy
CAR-1351,Premium Sedan,2018,8,73443,Petrol,West,Battery,27,Critical,Battery Failure,9/28/2023,Emergency,496.2,57,Center Alpha,Under Maintenance
CAR-1000,Premium Sedan,2018,8,83788,Hybrid,South,Suspension,22,Critical,Suspension Failure,1/29/2025,Corrective,720.59,9,Center Beta,Needs Inspection
CAR-1395,Compact,2021,5,66073,Diesel,South,Engine,46,Warning,Mechanical Failure,7/21/2025,Preventive,746.95,1,Center Gamma,Healthy
CAR-1477,Hatchback,2020,6,70252,Electric,Central,Tyre,56,Warning,Tyre Damage,5/18/2023,Corrective,297.85,11,Center Epsilon,Healthy
CAR-1326,Crossover,2018,8,83450,Electric,West,Tyre,22,Critical,Tyre Damage,2/22/2025,Emergency,343.54,24,Center Beta,Needs Inspection
CAR-1010,Premium Sedan,2019,7,102851,Electric,South,Headlight,37,Critical,Lighting Failure,2/7/2025,Emergency,203.56,22,Center Gamma,Needs Inspection
CAR-1445,Hatchback,2021,5,65645,Diesel,West,Engine,68,Warning,Overheating,6/21/2025,Preventive,668.62,3,Center Epsilon,Healthy
CAR-1208,Crossover,2019,7,102617,Petrol,North,Brake,69,Warning,Brake Wear,8/7/2025,Corrective,349.7,7,Center Alpha,Healthy
CAR-1393,Hatchback,2024,2,23251,Hybrid,North,Brake,70,Warning,Brake Wear,6/12/2023,Corrective,328.96,23,Center Beta,Healthy
CAR-1325,Sedan,2019,7,69051,Petrol,North,Battery,29,Critical,Battery Failure,8/25/2023,Emergency,476.3,37,Center Epsilon,Under Maintenance
CAR-1095,Premium Sedan,2022,4,66840,Diesel,West,Tyre,100,Healthy,No Failure,1/23/2024,Preventive,134.72,1,Center Alpha,Healthy
CAR-1223,City,2018,8,137005,Hybrid,East,Battery,15,Critical,Battery Failure,2/25/2025,Emergency,390.28,59,Center Epsilon,Under Maintenance
CAR-1234,City,2024,2,28782,Petrol,West,Tyre,36,Critical,Tyre Damage,5/8/2025,Corrective,231.33,21,Center Beta,Needs Inspection
CAR-1378,Compact,2023,3,37233,Petrol,Central,Headlight,79,Healthy,No Failure,5/19/2024,Preventive,86,3,Center Alpha,Healthy
CAR-1217,Compact,2022,4,65729,Petrol,South,Battery,54,Warning,Battery Failure,5/3/2024,Corrective,244.36,12,Center Gamma,Healthy
CAR-1153,Hatchback,2019,7,123212,Diesel,North,Headlight,48,Warning,Lighting Failure,8/14/2023,Corrective,168.69,15,Center Gamma,Healthy
CAR-1205,Compact,2019,7,122420,Diesel,North,Engine,15,Critical,Wear,6/9/2024,Emergency,2020.96,47,Center Delta,Under Maintenance
CAR-1044,Hatchback,2022,4,60587,Diesel,West,Tyre,51,Warning,Tyre Damage,7/29/2023,Corrective,289.32,10,Center Delta,Healthy
CAR-1096,Premium Sedan,2024,2,21216,Hybrid,West,Tyre,88,Healthy,No Failure,4/2/2024,Preventive,175.65,2,Center Beta,Healthy
CAR-1212,Hatchback,2024,2,41877,Petrol,South,Engine,67,Warning,Mechanical Failure,9/8/2025,Preventive,880.44,3,Center Gamma,Healthy
CAR-1296,Crossover,2020,6,81854,Electric,South,Engine,41,Critical,Overheating,7/25/2023,Emergency,1776.3,36,Center Epsilon,Under Maintenance
CAR-1321,City,2020,6,53034,Electric,South,Brake,93,Healthy,No Failure,11/14/2024,Preventive,228.79,3,Center Delta,Healthy
CAR-1394,Compact,2023,3,46853,Diesel,East,Battery,55,Warning,Battery Failure,3/3/2024,Preventive,201.77,1,Center Beta,Healthy
CAR-1040,City,2018,8,114400,Hybrid,Central,Battery,10,Critical,Battery Failure,4/11/2025,Emergency,472.9,54,Center Gamma,Under Maintenance
CAR-1243,City,2020,6,57891,Electric,South,Headlight,59,Warning,Lighting Failure,2/17/2025,Corrective,138.47,6,Center Gamma,Healthy
CAR-1319,Premium Sedan,2023,3,54848,Diesel,North,Brake,45,Warning,Brake Wear,3/8/2024,Preventive,319.28,3,Center Gamma,Healthy
CAR-1174,Sedan,2022,4,47560,Petrol,West,Battery,83,Healthy,No Failure,6/16/2025,Preventive,166.56,2,Center Delta,Healthy
CAR-1202,City,2020,6,94409,Hybrid,North,Cooling System,49,Warning,Overheating,4/10/2023,Corrective,525.95,22,Center Delta,Healthy
CAR-1370,Hatchback,2020,6,74490,Petrol,West,Headlight,47,Warning,Lighting Failure,2/8/2024,Preventive,91.55,2,Center Delta,Healthy
CAR-1053,City,2020,6,95178,Hybrid,East,Battery,37,Critical,Battery Failure,5/9/2024,Corrective,314.5,6,Center Epsilon,Needs Inspection
CAR-1081,Crossover,2018,8,92812,Diesel,West,Cooling System,42,Critical,Overheating,11/30/2025,Emergency,761.49,36,Center Epsilon,Under Maintenance
CAR-1356,Hatchback,2022,4,65355,Hybrid,West,Engine,100,Healthy,No Failure,8/1/2024,Preventive,698.49,3,Center Gamma,Healthy
CAR-1182,Sedan,2024,2,35170,Petrol,South,Headlight,87,Healthy,No Failure,6/29/2024,Preventive,124.31,3,Center Epsilon,Healthy
CAR-1298,Crossover,2024,2,36605,Diesel,East,Headlight,54,Warning,Lighting Failure,12/14/2023,Corrective,151.09,19,Center Epsilon,Healthy
CAR-1105,Premium Sedan,2018,8,108719,Electric,East,Battery,26,Critical,Battery Failure,5/2/2025,Corrective,253.63,14,Center Beta,Needs Inspection
CAR-1345,Hatchback,2019,7,118391,Diesel,West,Tyre,10,Critical,Tyre Damage,4/30/2025,Emergency,311.79,37,Center Delta,Under Maintenance
CAR-1236,Hatchback,2023,3,29415,Diesel,South,Headlight,73,Warning,Lighting Failure,11/9/2023,Corrective,159.16,8,Center Alpha,Healthy
CAR-1028,City,2019,7,75049,Diesel,Central,Brake,70,Warning,Brake Wear,6/1/2023,Preventive,302.36,1,Center Beta,Healthy
CAR-1195,Sedan,2024,2,34032,Petrol,North,Transmission,100,Healthy,No Failure,10/20/2023,Preventive,1014.03,1,Center Alpha,Healthy
CAR-1168,Premium Sedan,2019,7,113201,Hybrid,North,Cooling System,22,Critical,Overheating,7/27/2024,Emergency,835.33,18,Center Gamma,Needs Inspection
CAR-1284,City,2018,8,129732,Diesel,South,Battery,43,Critical,Battery Failure,7/16/2024,Emergency,469.42,63,Center Epsilon,Under Maintenance
CAR-1230,Crossover,2021,5,68805,Electric,West,Suspension,18,Critical,Suspension Failure,4/13/2023,Emergency,1163.08,62,Center Delta,Under Maintenance
CAR-1005,Compact,2019,7,64173,Petrol,East,Transmission,35,Critical,Transmission Fault,12/16/2024,Corrective,1220.39,15,Center Gamma,Needs Inspection
CAR-1342,City,2022,4,48020,Diesel,North,Cooling System,67,Warning,Overheating,2/22/2024,Preventive,308.96,2,Center Beta,Healthy
CAR-1317,Crossover,2024,2,26789,Diesel,West,Headlight,87,Healthy,No Failure,2/12/2024,Preventive,128.46,3,Center Gamma,Healthy
CAR-1276,City,2022,4,66170,Diesel,Central,Battery,28,Critical,Battery Failure,9/11/2023,Emergency,466.27,40,Center Beta,Under Maintenance
CAR-1056,Compact,2019,7,108328,Hybrid,West,Engine,20,Critical,Overheating,2/11/2024,Emergency,1783.74,65,Center Beta,Under Maintenance
CAR-1079,Compact,2019,7,67944,Petrol,West,Tyre,61,Warning,Tyre Damage,10/5/2024,Preventive,139.62,1,Center Gamma,Healthy
CAR-1229,Compact,2019,7,133562,Diesel,South,Suspension,33,Critical,Suspension Failure,3/2/2023,Emergency,1340.6,27,Center Beta,Under Maintenance
CAR-1262,City,2019,7,76212,Diesel,North,Battery,31,Critical,Battery Failure,3/10/2025,Corrective,331.7,21,Center Gamma,Needs Inspection
CAR-1332,Hatchback,2023,3,41716,Diesel,West,Suspension,85,Healthy,No Failure,6/16/2025,Preventive,584.14,3,Center Gamma,Healthy
CAR-1435,Premium Sedan,2020,6,96625,Petrol,North,Engine,51,Warning,Overheating,4/21/2025,Corrective,1130.53,18,Center Gamma,Healthy
CAR-1155,Hatchback,2021,5,86803,Electric,Central,Battery,66,Warning,Battery Failure,4/5/2024,Corrective,329.56,8,Center Epsilon,Healthy
CAR-1260,City,2020,6,60030,Diesel,East,Tyre,46,Warning,Tyre Damage,2/13/2024,Preventive,184.14,1,Center Epsilon,Healthy
CAR-1464,Compact,2022,4,45307,Hybrid,North,Battery,81,Healthy,No Failure,3/10/2023,Preventive,222.91,3,Center Beta,Healthy
CAR-1016,Crossover,2019,7,92796,Electric,Central,Engine,29,Critical,Wear,1/22/2025,Emergency,1766.98,44,Center Gamma,Under Maintenance
CAR-1367,Premium Sedan,2019,7,130342,Petrol,South,Battery,17,Critical,Battery Failure,2/19/2025,Corrective,327.61,13,Center Epsilon,Needs Inspection
CAR-1401,Compact,2023,3,29899,Diesel,South,Headlight,67,Warning,Lighting Failure,7/5/2025,Corrective,196.26,8,Center Gamma,Healthy
CAR-1239,Crossover,2021,5,56900,Diesel,North,Transmission,46,Warning,Transmission Fault,2/9/2025,Preventive,959.71,1,Center Delta,Healthy
CAR-1006,Sedan,2019,7,96090,Petrol,South,Brake,35,Critical,Brake Wear,9/19/2023,Corrective,419.52,19,Center Delta,Needs Inspection
CAR-1101,City,2018,8,70405,Electric,West,Tyre,44,Critical,Tyre Damage,5/31/2023,Emergency,381.99,71,Center Epsilon,Under Maintenance
CAR-1376,Compact,2021,5,68528,Diesel,Central,Brake,86,Healthy,No Failure,11/13/2023,Preventive,298.03,1,Center Epsilon,Healthy
CAR-1311,Hatchback,2019,7,80896,Hybrid,West,Engine,35,Critical,Wear,7/30/2023,Emergency,1822.91,54,Center Gamma,Under Maintenance
CAR-1182,Sedan,2024,2,26383,Petrol,South,Headlight,75,Healthy,No Failure,11/19/2023,Preventive,109.77,3,Center Beta,Healthy
CAR-1452,Sedan,2019,7,115436,Petrol,Central,Brake,49,Warning,Brake Wear,7/10/2025,Corrective,322.74,7,Center Beta,Healthy
CAR-1310,Sedan,2018,8,97160,Petrol,South,Engine,29,Critical,Overheating,10/11/2023,Corrective,1068.83,17,Center Delta,Needs Inspection
CAR-1002,Sedan,2023,3,28936,Electric,North,Battery,75,Healthy,No Failure,1/12/2023,Preventive,225.99,2,Center Beta,Healthy
CAR-1237,Premium Sedan,2022,4,69801,Petrol,South,Tyre,100,Healthy,No Failure,6/2/2023,Preventive,185.15,3,Center Alpha,Healthy
CAR-1107,Sedan,2022,4,30295,Electric,South,Tyre,100,Healthy,No Failure,7/22/2025,Preventive,173.31,2,Center Gamma,Healthy
CAR-1299,Sedan,2018,8,94053,Hybrid,South,Tyre,11,Critical,Tyre Damage,3/24/2024,Emergency,337.28,49,Center Gamma,Under Maintenance
CAR-1150,Hatchback,2022,4,48154,Diesel,East,Tyre,81,Healthy,No Failure,10/15/2024,Preventive,164.41,1,Center Delta,Healthy
CAR-1371,Hatchback,2020,6,102970,Petrol,South,Battery,44,Critical,Battery Failure,7/24/2023,Emergency,538.49,52,Center Epsilon,Under Maintenance
CAR-1277,Compact,2018,8,111649,Electric,West,Headlight,12,Critical,Lighting Failure,3/8/2023,Emergency,249.37,19,Center Gamma,Needs Inspection
CAR-1057,Premium Sedan,2022,4,66173,Petrol,South,Tyre,64,Warning,Tyre Damage,3/9/2025,Corrective,243.79,13,Center Epsilon,Healthy
CAR-1386,Compact,2024,2,12155,Hybrid,South,Transmission,100,Healthy,No Failure,11/17/2024,Preventive,805.89,1,Center Epsilon,Healthy
CAR-1147,Hatchback,2022,4,72947,Diesel,West,Battery,44,Critical,Battery Failure,7/17/2025,Emergency,566.98,48,Center Gamma,Under Maintenance
CAR-1389,City,2023,3,32901,Petrol,South,Brake,92,Healthy,No Failure,8/15/2025,Preventive,263.75,1,Center Epsilon,Healthy
CAR-1394,Compact,2023,3,45566,Diesel,East,Battery,65,Warning,Battery Failure,8/12/2025,Preventive,155.75,1,Center Gamma,Healthy
CAR-1370,Hatchback,2020,6,56146,Petrol,West,Brake,56,Warning,Brake Wear,1/5/2025,Corrective,466.97,10,Center Gamma,Healthy
CAR-1197,Premium Sedan,2019,7,59060,Petrol,West,Transmission,49,Warning,Transmission Fault,7/16/2024,Corrective,1870.59,12,Center Gamma,Healthy
CAR-1237,Premium Sedan,2022,4,42165,Petrol,South,Brake,67,Warning,Brake Wear,9/2/2023,Preventive,311.25,1,Center Beta,Healthy
CAR-1386,Compact,2024,2,23530,Hybrid,South,Headlight,78,Healthy,No Failure,7/29/2023,Preventive,86.92,1,Center Alpha,Healthy
CAR-1492,Crossover,2018,8,126891,Hybrid,South,Cooling System,10,Critical,Overheating,1/6/2023,Emergency,783.74,25,Center Alpha,Under Maintenance
CAR-1106,Sedan,2023,3,31562,Electric,East,Suspension,100,Healthy,No Failure,5/19/2024,Preventive,411.77,2,Center Alpha,Healthy
CAR-1298,Crossover,2024,2,23440,Diesel,East,Battery,100,Healthy,No Failure,12/22/2024,Preventive,183.31,1,Center Epsilon,Healthy
CAR-1169,Premium Sedan,2020,6,92972,Petrol,West,Suspension,61,Warning,Suspension Failure,10/13/2024,Preventive,559.8,2,Center Delta,Healthy
CAR-1121,City,2024,2,23151,Diesel,South,Engine,100,Healthy,No Failure,9/29/2023,Preventive,849.69,2,Center Beta,Healthy
CAR-1433,Hatchback,2023,3,42612,Petrol,North,Battery,77,Healthy,No Failure,3/8/2023,Preventive,209.25,2,Center Epsilon,Healthy
CAR-1461,Premium Sedan,2019,7,71868,Hybrid,East,Battery,50,Warning,Battery Failure,6/25/2023,Preventive,227.85,3,Center Beta,Healthy
CAR-1460,City,2021,5,74778,Hybrid,Central,Headlight,35,Critical,Lighting Failure,1/7/2025,Emergency,303.7,68,Center Epsilon,Under Maintenance
CAR-1291,City,2023,3,46097,Electric,South,Battery,100,Healthy,No Failure,9/25/2023,Preventive,216.52,3,Center Delta,Healthy
CAR-1068,Compact,2022,4,75153,Electric,West,Battery,19,Critical,Battery Failure,4/5/2025,Emergency,572.76,39,Center Beta,Under Maintenance
CAR-1234,City,2024,2,16047,Petrol,West,Engine,82,Healthy,No Failure,5/2/2023,Preventive,662.82,2,Center Epsilon,Healthy
CAR-1440,Hatchback,2024,2,21292,Petrol,North,Cooling System,85,Healthy,No Failure,9/20/2025,Preventive,341.12,1,Center Beta,Healthy
CAR-1128,Sedan,2020,6,58847,Diesel,West,Engine,10,Critical,Overheating,3/9/2024,Emergency,2389.19,20,Center Beta,Needs Inspection
CAR-1051,Compact,2020,6,54963,Petrol,South,Battery,50,Warning,Battery Failure,4/7/2023,Corrective,330.55,13,Center Alpha,Healthy
CAR-1490,Crossover,2019,7,94377,Electric,West,Headlight,51,Warning,Lighting Failure,7/18/2023,Preventive,107.29,1,Center Epsilon,Healthy
CAR-1410,Sedan,2018,8,133782,Diesel,South,Battery,34,Critical,Battery Failure,11/15/2024,Corrective,367.71,11,Center Epsilon,Needs Inspection
CAR-1294,City,2023,3,24187,Petrol,South,Battery,61,Warning,Battery Failure,8/16/2023,Preventive,171.05,3,Center Beta,Healthy
CAR-1367,Premium Sedan,2019,7,117294,Petrol,South,Battery,29,Critical,Battery Failure,7/29/2024,Corrective,299.16,22,Center Alpha,Needs Inspection
CAR-1057,Premium Sedan,2022,4,48630,Petrol,South,Cooling System,48,Warning,Overheating,3/8/2025,Preventive,261.38,2,Center Alpha,Healthy
CAR-1170,Premium Sedan,2019,7,64976,Petrol,West,Battery,57,Warning,Battery Failure,12/25/2023,Preventive,208.45,3,Center Alpha,Healthy
CAR-1487,Premium Sedan,2024,2,18850,Hybrid,South,Engine,97,Healthy,No Failure,5/20/2024,Preventive,1037.4,2,Center Epsilon,Healthy
CAR-1482,Hatchback,2018,8,75572,Diesel,Central,Tyre,34,Critical,Tyre Damage,7/30/2025,Emergency,319.59,62,Center Epsilon,Under Maintenance
CAR-1256,Sedan,2023,3,40979,Diesel,East,Cooling System,66,Warning,Overheating,1/18/2024,Preventive,272.21,2,Center Alpha,Healthy
CAR-1392,Crossover,2020,6,93642,Diesel,Central,Brake,53,Warning,Brake Wear,6/8/2023,Corrective,472.17,22,Center Epsilon,Healthy
CAR-1126,Crossover,2022,4,75188,Petrol,North,Transmission,43,Critical,Transmission Fault,5/12/2023,Emergency,2740.38,49,Center Alpha,Under Maintenance
CAR-1291,City,2023,3,52290,Electric,South,Headlight,48,Warning,Lighting Failure,6/8/2024,Preventive,129.09,3,Center Delta,Healthy
CAR-1045,City,2022,4,50876,Hybrid,Central,Cooling System,89,Healthy,No Failure,7/25/2023,Preventive,326.91,2,Center Beta,Healthy
CAR-1049,Premium Sedan,2019,7,56842,Electric,North,Headlight,32,Critical,Lighting Failure,1/4/2024,Emergency,318,53,Center Gamma,Under Maintenance
CAR-1153,Hatchback,2019,7,69255,Diesel,North,Suspension,63,Warning,Suspension Failure,9/22/2023,Preventive,405.03,3,Center Beta,Healthy
CAR-1269,Compact,2021,5,58109,Electric,Central,Headlight,100,Healthy,No Failure,8/10/2024,Preventive,84.21,2,Center Beta,Healthy
CAR-1038,Premium Sedan,2020,6,81071,Diesel,Central,Tyre,59,Warning,Tyre Damage,11/16/2025,Preventive,145.02,3,Center Alpha,Healthy
CAR-1150,Hatchback,2022,4,63226,Diesel,East,Battery,46,Warning,Battery Failure,6/8/2025,Corrective,325.52,10,Center Gamma,Healthy
CAR-1024,Crossover,2021,5,74639,Diesel,East,Brake,89,Healthy,No Failure,8/14/2023,Preventive,209.83,3,Center Epsilon,Healthy
CAR-1373,Sedan,2021,5,83769,Electric,North,Cooling System,47,Warning,Overheating,7/1/2025,Corrective,597.04,15,Center Epsilon,Healthy
CAR-1471,Hatchback,2023,3,47448,Petrol,East,Engine,82,Healthy,No Failure,2/24/2025,Preventive,924.75,3,Center Gamma,Healthy
CAR-1351,Premium Sedan,2018,8,85575,Petrol,West,Battery,43,Critical,Battery Failure,7/22/2025,Emergency,472.19,34,Center Gamma,Under Maintenance
CAR-1003,Hatchback,2022,4,44396,Diesel,Central,Headlight,38,Critical,Lighting Failure,4/9/2023,Emergency,300.07,65,Center Alpha,Under Maintenance
CAR-1216,City,2020,6,90700,Petrol,South,Tyre,64,Warning,Tyre Damage,3/12/2023,Corrective,234.4,8,Center Epsilon,Healthy
CAR-1099,Hatchback,2018,8,72843,Petrol,West,Suspension,23,Critical,Suspension Failure,2/26/2023,Corrective,898.03,11,Center Epsilon,Needs Inspection
CAR-1192,Crossover,2022,4,67153,Petrol,North,Suspension,68,Warning,Suspension Failure,7/25/2024,Corrective,795.55,17,Center Beta,Healthy
CAR-1165,Hatchback,2022,4,77744,Diesel,East,Tyre,61,Warning,Tyre Damage,11/29/2025,Preventive,175.53,3,Center Gamma,Healthy
CAR-1458,Hatchback,2022,4,43979,Petrol,West,Cooling System,74,Warning,Overheating,7/10/2024,Corrective,431.79,14,Center Gamma,Healthy
CAR-1353,Crossover,2018,8,96250,Petrol,East,Battery,15,Critical,Battery Failure,4/7/2024,Corrective,334.56,19,Center Beta,Needs Inspection
CAR-1054,Compact,2024,2,30065,Hybrid,Central,Headlight,96,Healthy,No Failure,4/12/2025,Preventive,125.48,2,Center Beta,Healthy
CAR-1214,City,2024,2,16290,Petrol,South,Engine,100,Healthy,No Failure,1/22/2025,Preventive,837.9,2,Center Beta,Healthy
CAR-1172,Crossover,2022,4,60408,Electric,North,Engine,48,Warning,Mechanical Failure,5/27/2024,Preventive,922.77,3,Center Alpha,Healthy
CAR-1005,Compact,2019,7,101483,Petrol,East,Tyre,39,Critical,Tyre Damage,11/1/2023,Emergency,387.14,37,Center Delta,Under Maintenance
CAR-1279,Crossover,2020,6,94430,Petrol,West,Brake,51,Warning,Brake Wear,9/10/2023,Corrective,350.65,9,Center Alpha,Healthy
CAR-1476,Crossover,2022,4,73925,Electric,East,Brake,51,Warning,Brake Wear,9/5/2024,Preventive,205.34,1,Center Delta,Healthy
CAR-1436,Premium Sedan,2020,6,63717,Diesel,Central,Engine,58,Warning,Overheating,1/31/2025,Corrective,1352.5,13,Center Gamma,Healthy
CAR-1224,Sedan,2018,8,117085,Diesel,North,Tyre,38,Critical,Tyre Damage,10/31/2023,Emergency,352.22,63,Center Alpha,Under Maintenance
CAR-1091,Hatchback,2022,4,50067,Electric,East,Cooling System,59,Warning,Overheating,6/17/2023,Preventive,380.62,1,Center Gamma,Healthy
CAR-1120,Compact,2023,3,37081,Diesel,West,Headlight,62,Warning,Lighting Failure,9/4/2023,Preventive,109.53,3,Center Delta,Healthy
CAR-1200,City,2024,2,27126,Petrol,South,Cooling System,82,Healthy,No Failure,9/7/2024,Preventive,284.1,3,Center Delta,Healthy
CAR-1437,Hatchback,2020,6,71025,Diesel,North,Engine,58,Warning,Mechanical Failure,5/15/2024,Preventive,966.38,3,Center Beta,Healthy
CAR-1460,City,2021,5,74011,Hybrid,Central,Brake,36,Critical,Brake Wear,1/13/2024,Emergency,562.54,63,Center Epsilon,Under Maintenance
CAR-1011,Sedan,2021,5,52126,Petrol,South,Cooling System,63,Warning,Overheating,4/10/2025,Corrective,397.82,7,Center Beta,Healthy
CAR-1132,Crossover,2020,6,93080,Petrol,East,Headlight,46,Warning,Lighting Failure,11/20/2025,Preventive,116.81,2,Center Epsilon,Healthy
CAR-1059,Premium Sedan,2019,7,73657,Diesel,Central,Tyre,17,Critical,Tyre Damage,9/9/2025,Corrective,220.4,23,Center Alpha,Needs Inspection
CAR-1386,Compact,2024,2,31983,Hybrid,South,Battery,56,Warning,Battery Failure,7/21/2024,Corrective,353.11,11,Center Beta,Healthy
CAR-1095,Premium Sedan,2022,4,43031,Diesel,West,Engine,86,Healthy,No Failure,10/8/2025,Preventive,943.05,1,Center Beta,Healthy
CAR-1210,Sedan,2021,5,47948,Petrol,West,Suspension,59,Warning,Suspension Failure,1/23/2024,Corrective,723.05,19,Center Epsilon,Healthy
CAR-1411,Premium Sedan,2024,2,26031,Diesel,East,Headlight,53,Warning,Lighting Failure,8/9/2024,Corrective,140.21,16,Center Beta,Healthy
CAR-1038,Premium Sedan,2020,6,101755,Diesel,Central,Tyre,56,Warning,Tyre Damage,8/12/2024,Corrective,274.82,6,Center Gamma,Healthy
CAR-1003,Hatchback,2022,4,72063,Diesel,Central,Battery,61,Warning,Battery Failure,7/20/2025,Corrective,298.4,15,Center Epsilon,Healthy
CAR-1222,City,2021,5,88629,Diesel,East,Battery,27,Critical,Battery Failure,8/11/2024,Emergency,466.87,36,Center Alpha,Under Maintenance
CAR-1145,City,2024,2,23591,Electric,North,Tyre,100,Healthy,No Failure,6/27/2024,Preventive,136.6,2,Center Alpha,Healthy
CAR-1290,Crossover,2022,4,48933,Petrol,Central,Brake,36,Critical,Brake Wear,4/24/2024,Emergency,616.93,60,Center Epsilon,Under Maintenance
CAR-1072,Compact,2022,4,64329,Electric,South,Transmission,75,Healthy,No Failure,7/5/2025,Preventive,1056.38,2,Center Alpha,Healthy
CAR-1161,Compact,2022,4,52778,Electric,West,Transmission,62,Warning,Transmission Fault,8/5/2025,Corrective,1349.08,22,Center Delta,Healthy
CAR-1424,City,2018,8,104907,Diesel,East,Cooling System,42,Critical,Overheating,4/9/2023,Emergency,937.92,20,Center Alpha,Needs Inspection
CAR-1022,Premium Sedan,2019,7,94118,Petrol,East,Engine,25,Critical,Overheating,2/9/2024,Corrective,1160.09,22,Center Beta,Needs Inspection
CAR-1180,City,2021,5,78707,Petrol,North,Tyre,30,Critical,Tyre Damage,7/4/2023,Emergency,405.66,20,Center Beta,Needs Inspection
CAR-1424,City,2018,8,130722,Diesel,East,Brake,10,Critical,Brake Wear,8/12/2025,Corrective,421.63,10,Center Beta,Needs Inspection
CAR-1292,Premium Sedan,2020,6,84585,Petrol,West,Suspension,68,Warning,Suspension Failure,12/10/2023,Corrective,826.18,8,Center Epsilon,Healthy
CAR-1105,Premium Sedan,2018,8,114281,Electric,East,Suspension,24,Critical,Suspension Failure,10/6/2024,Emergency,1236.59,22,Center Delta,Needs Inspection
CAR-1496,Compact,2021,5,75812,Petrol,Central,Tyre,64,Warning,Tyre Damage,6/6/2023,Corrective,266.16,21,Center Delta,Healthy
CAR-1101,City,2018,8,79341,Electric,West,Battery,46,Warning,Battery Failure,10/20/2025,Preventive,209.09,3,Center Alpha,Healthy
CAR-1461,Premium Sedan,2019,7,110064,Hybrid,East,Cooling System,26,Critical,Overheating,1/28/2025,Emergency,936.27,19,Center Epsilon,Needs Inspection
CAR-1192,Crossover,2022,4,60125,Petrol,North,Battery,72,Warning,Battery Failure,7/27/2024,Corrective,297.59,20,Center Delta,Healthy
CAR-1026,Premium Sedan,2021,5,52579,Diesel,East,Tyre,69,Warning,Tyre Damage,12/27/2025,Corrective,264.62,16,Center Alpha,Healthy
CAR-1098,City,2020,6,52970,Petrol,East,Tyre,43,Critical,Tyre Damage,3/31/2024,Emergency,322.59,48,Center Delta,Under Maintenance
CAR-1152,Sedan,2020,6,109344,Diesel,North,Suspension,13,Critical,Suspension Failure,7/19/2024,Corrective,741.41,7,Center Delta,Needs Inspection
CAR-1014,Compact,2019,7,122233,Petrol,Central,Tyre,10,Critical,Tyre Damage,2/4/2023,Corrective,291.86,18,Center Beta,Needs Inspection
CAR-1401,Compact,2023,3,34283,Diesel,South,Transmission,59,Warning,Transmission Fault,3/15/2025,Preventive,1158.88,2,Center Delta,Healthy
CAR-1402,City,2024,2,38217,Electric,West,Battery,80,Healthy,No Failure,1/21/2023,Preventive,202.06,1,Center Alpha,Healthy
CAR-1476,Crossover,2022,4,66788,Electric,East,Engine,68,Warning,Overheating,5/17/2024,Corrective,1444.93,11,Center Alpha,Healthy
CAR-1377,Crossover,2022,4,55679,Diesel,East,Cooling System,53,Warning,Overheating,8/18/2024,Corrective,440.77,23,Center Alpha,Healthy
CAR-1225,Crossover,2018,8,147828,Petrol,North,Headlight,10,Critical,Lighting Failure,3/28/2023,Emergency,212.93,51,Center Gamma,Under Maintenance
CAR-1135,Hatchback,2022,4,32267,Electric,North,Engine,61,Warning,Mechanical Failure,1/18/2024,Preventive,974.25,3,Center Gamma,Healthy
CAR-1226,Compact,2023,3,51135,Petrol,North,Engine,61,Warning,Mechanical Failure,2/16/2024,Corrective,1615.43,9,Center Alpha,Healthy
CAR-1034,Crossover,2020,6,70365,Petrol,East,Battery,69,Warning,Battery Failure,7/20/2024,Corrective,280.2,7,Center Gamma,Healthy
CAR-1163,Crossover,2024,2,27762,Petrol,West,Headlight,69,Warning,Lighting Failure,9/13/2025,Corrective,201.89,19,Center Gamma,Healthy
CAR-1310,Sedan,2018,8,93469,Petrol,South,Transmission,13,Critical,Transmission Fault,10/22/2025,Corrective,1438.07,8,Center Gamma,Needs Inspection
CAR-1365,Hatchback,2019,7,74630,Diesel,West,Battery,44,Critical,Battery Failure,10/11/2023,Emergency,476.49,19,Center Epsilon,Needs Inspection
CAR-1027,City,2021,5,65599,Diesel,Central,Battery,50,Warning,Battery Failure,1/15/2025,Corrective,271.44,12,Center Epsilon,Healthy
CAR-1019,Premium Sedan,2022,4,38153,Electric,South,Cooling System,100,Healthy,No Failure,6/27/2023,Preventive,244.43,1,Center Gamma,Healthy
CAR-1352,Premium Sedan,2023,3,25161,Diesel,North,Engine,68,Warning,Mechanical Failure,4/10/2025,Preventive,719.44,3,Center Epsilon,Healthy
CAR-1485,Hatchback,2023,3,28709,Diesel,West,Headlight,98,Healthy,No Failure,3/8/2024,Preventive,100.99,3,Center Epsilon,Healthy
CAR-1445,Hatchback,2021,5,60071,Diesel,West,Tyre,63,Warning,Tyre Damage,12/24/2023,Corrective,267.26,18,Center Gamma,Healthy
CAR-1036,Crossover,2022,4,56444,Diesel,Central,Brake,81,Healthy,No Failure,12/21/2025,Preventive,248.43,1,Center Beta,Healthy
CAR-1294,City,2023,3,41234,Petrol,South,Transmission,84,Healthy,No Failure,11/17/2023,Preventive,937.85,1,Center Beta,Healthy
CAR-1104,City,2021,5,73708,Electric,North,Suspension,68,Warning,Suspension Failure,7/6/2024,Corrective,756.44,23,Center Alpha,Healthy
CAR-1121,City,2024,2,15314,Diesel,South,Engine,83,Healthy,No Failure,9/6/2025,Preventive,684.55,3,Center Gamma,Healthy
CAR-1251,Sedan,2024,2,30811,Electric,East,Suspension,89,Healthy,No Failure,2/25/2025,Preventive,520.53,3,Center Epsilon,Healthy
CAR-1397,Compact,2023,3,46919,Petrol,West,Tyre,73,Warning,Tyre Damage,12/24/2023,Corrective,199.37,6,Center Alpha,Healthy
CAR-1059,Premium Sedan,2019,7,81809,Diesel,Central,Tyre,42,Critical,Tyre Damage,7/7/2024,Corrective,273.58,16,Center Epsilon,Needs Inspection
CAR-1475,Hatchback,2019,7,74020,Hybrid,North,Engine,27,Critical,Overheating,7/14/2024,Emergency,1621.12,53,Center Epsilon,Under Maintenance
CAR-1203,Crossover,2022,4,58322,Hybrid,South,Engine,81,Healthy,No Failure,12/11/2025,Preventive,993.26,2,Center Delta,Healthy
CAR-1185,Premium Sedan,2022,4,42301,Hybrid,Central,Transmission,66,Warning,Transmission Fault,8/10/2025,Corrective,1466.72,9,Center Beta,Healthy
CAR-1030,Sedan,2021,5,73406,Diesel,East,Cooling System,51,Warning,Overheating,1/15/2024,Corrective,573.24,17,Center Alpha,Healthy
CAR-1079,Compact,2019,7,132162,Petrol,West,Transmission,16,Critical,Transmission Fault,10/19/2024,Emergency,2485,18,Center Delta,Needs Inspection
CAR-1105,Premium Sedan,2018,8,115192,Electric,East,Suspension,53,Warning,Suspension Failure,5/7/2024,Corrective,824.05,7,Center Gamma,Healthy
CAR-1146,Premium Sedan,2019,7,110133,Petrol,North,Engine,20,Critical,Overheating,3/8/2023,Emergency,1738.34,33,Center Epsilon,Under Maintenance
CAR-1165,Hatchback,2022,4,38981,Diesel,East,Battery,60,Warning,Battery Failure,11/9/2024,Corrective,297.61,18,Center Gamma,Healthy
CAR-1472,Hatchback,2019,7,87021,Petrol,East,Tyre,28,Critical,Tyre Damage,4/23/2023,Emergency,408.37,27,Center Delta,Under Maintenance
CAR-1182,Sedan,2024,2,23817,Petrol,South,Brake,94,Healthy,No Failure,5/23/2024,Preventive,277.42,1,Center Delta,Healthy
CAR-1000,Premium Sedan,2018,8,100835,Hybrid,South,Headlight,32,Critical,Lighting Failure,5/16/2025,Emergency,322.5,71,Center Beta,Under Maintenance
CAR-1035,Crossover,2020,6,90414,Hybrid,North,Battery,54,Warning,Battery Failure,8/24/2023,Corrective,297.86,14,Center Alpha,Healthy
CAR-1360,City,2018,8,127850,Petrol,West,Headlight,10,Critical,Lighting Failure,11/7/2024,Corrective,160.59,17,Center Gamma,Needs Inspection
CAR-1112,Sedan,2021,5,89869,Petrol,West,Brake,44,Critical,Brake Wear,7/29/2024,Emergency,673.26,61,Center Beta,Under Maintenance
CAR-1287,Sedan,2022,4,37052,Petrol,North,Engine,65,Warning,Mechanical Failure,9/5/2025,Preventive,860.52,1,Center Alpha,Healthy
CAR-1166,Crossover,2019,7,67806,Petrol,West,Brake,49,Warning,Brake Wear,9/30/2024,Corrective,472.6,11,Center Alpha,Healthy
CAR-1178,Crossover,2018,8,150698,Diesel,East,Engine,17,Critical,Mechanical Failure,4/21/2023,Emergency,2339.16,45,Center Delta,Under Maintenance
CAR-1378,Compact,2023,3,30212,Petrol,Central,Suspension,83,Healthy,No Failure,8/20/2023,Preventive,465.74,1,Center Delta,Healthy
CAR-1169,Premium Sedan,2020,6,96117,Petrol,West,Battery,41,Critical,Battery Failure,3/3/2023,Emergency,505.98,71,Center Beta,Under Maintenance
CAR-1219,Premium Sedan,2023,3,51096,Diesel,North,Battery,55,Warning,Battery Failure,12/13/2024,Preventive,166.51,1,Center Epsilon,Healthy
CAR-1220,Crossover,2018,8,110860,Hybrid,East,Battery,52,Warning,Battery Failure,1/12/2025,Corrective,281.53,20,Center Epsilon,Healthy
CAR-1390,City,2019,7,123906,Diesel,North,Tyre,30,Critical,Tyre Damage,9/21/2024,Emergency,378.42,64,Center Epsilon,Under Maintenance
CAR-1112,Sedan,2021,5,69218,Petrol,West,Tyre,40,Critical,Tyre Damage,10/8/2024,Emergency,425.14,37,Center Epsilon,Under Maintenance
CAR-1265,City,2021,5,76325,Electric,West,Brake,65,Warning,Brake Wear,10/10/2024,Corrective,424.4,22,Center Delta,Healthy
CAR-1263,Sedan,2023,3,48589,Hybrid,East,Suspension,70,Warning,Suspension Failure,3/10/2023,Preventive,472.1,2,Center Alpha,Healthy
CAR-1051,Compact,2020,6,51913,Petrol,South,Headlight,47,Warning,Lighting Failure,8/25/2023,Preventive,86.67,3,Center Gamma,Healthy
CAR-1324,Sedan,2018,8,120973,Petrol,North,Cooling System,10,Critical,Overheating,8/26/2024,Emergency,800.08,19,Center Beta,Needs Inspection
CAR-1444,Premium Sedan,2023,3,56938,Petrol,Central,Tyre,65,Warning,Tyre Damage,11/20/2023,Corrective,225.87,13,Center Beta,Healthy
CAR-1372,City,2019,7,74672,Petrol,Central,Battery,30,Critical,Battery Failure,3/21/2023,Emergency,561.81,49,Center Delta,Under Maintenance
CAR-1451,City,2022,4,67781,Hybrid,East,Transmission,73,Warning,Transmission Fault,9/4/2024,Corrective,1862.61,22,Center Gamma,Healthy
CAR-1449,Crossover,2020,6,68632,Diesel,Central,Engine,45,Warning,Mechanical Failure,1/30/2025,Preventive,776.07,1,Center Delta,Healthy
CAR-1446,Compact,2021,5,90590,Petrol,East,Engine,38,Critical,Overheating,3/5/2025,Corrective,1553.16,7,Center Gamma,Needs Inspection
CAR-1296,Crossover,2020,6,90497,Electric,South,Tyre,68,Warning,Tyre Damage,1/8/2025,Corrective,260.54,18,Center Epsilon,Healthy
CAR-1053,City,2020,6,65995,Hybrid,East,Cooling System,47,Warning,Overheating,4/27/2023,Corrective,591.23,8,Center Gamma,Healthy
CAR-1471,Hatchback,2023,3,44546,Petrol,East,Suspension,45,Warning,Suspension Failure,9/27/2023,Preventive,505.62,2,Center Beta,Healthy
CAR-1179,City,2023,3,40200,Electric,Central,Cooling System,84,Healthy,No Failure,2/2/2024,Preventive,376.24,3,Center Alpha,Healthy
CAR-1452,Sedan,2019,7,67260,Petrol,Central,Tyre,63,Warning,Tyre Damage,12/30/2025,Preventive,178.71,2,Center Beta,Healthy
CAR-1196,Compact,2020,6,66959,Electric,West,Engine,78,Healthy,No Failure,12/23/2023,Preventive,700.45,3,Center Alpha,Healthy
CAR-1224,Sedan,2018,8,95030,Diesel,North,Engine,21,Critical,Overheating,9/5/2023,Emergency,2106.24,36,Center Delta,Under Maintenance
CAR-1012,Crossover,2024,2,28521,Hybrid,Central,Tyre,96,Healthy,No Failure,11/15/2023,Preventive,165.77,3,Center Delta,Healthy
CAR-1153,Hatchback,2019,7,128524,Diesel,North,Cooling System,15,Critical,Overheating,3/11/2025,Corrective,453.31,23,Center Gamma,Needs Inspection
CAR-1269,Compact,2021,5,72628,Electric,Central,Transmission,17,Critical,Transmission Fault,1/17/2025,Emergency,2877.11,42,Center Epsilon,Under Maintenance
CAR-1316,City,2019,7,68979,Electric,North,Battery,34,Critical,Battery Failure,5/20/2024,Emergency,546.53,25,Center Alpha,Under Maintenance
CAR-1371,Hatchback,2020,6,45568,Petrol,South,Battery,43,Critical,Battery Failure,5/9/2025,Emergency,425.91,68,Center Delta,Under Maintenance
CAR-1244,Premium Sedan,2021,5,55302,Petrol,West,Suspension,61,Warning,Suspension Failure,12/17/2024,Corrective,762.44,7,Center Beta,Healthy
CAR-1367,Premium Sedan,2019,7,108778,Petrol,South,Transmission,42,Critical,Transmission Fault,1/26/2023,Emergency,2361.26,38,Center Gamma,Under Maintenance
CAR-1436,Premium Sedan,2020,6,86470,Diesel,Central,Engine,53,Warning,Mechanical Failure,10/16/2023,Corrective,1076.15,14,Center Alpha,Healthy
CAR-1073,Premium Sedan,2021,5,75129,Electric,North,Battery,63,Warning,Battery Failure,4/30/2025,Corrective,288.77,12,Center Epsilon,Healthy
CAR-1240,Crossover,2022,4,61622,Diesel,West,Suspension,51,Warning,Suspension Failure,1/9/2023,Corrective,836.74,10,Center Gamma,Healthy
CAR-1082,Premium Sedan,2020,6,75077,Diesel,South,Tyre,42,Critical,Tyre Damage,9/21/2025,Emergency,382.82,25,Center Beta,Under Maintenance
CAR-1356,Hatchback,2022,4,65430,Hybrid,West,Suspension,43,Critical,Suspension Failure,11/27/2023,Corrective,762.66,19,Center Epsilon,Needs Inspection
CAR-1470,City,2019,7,74064,Electric,South,Brake,46,Warning,Brake Wear,5/20/2024,Corrective,372.32,12,Center Delta,Healthy
CAR-1397,Compact,2023,3,35995,Petrol,West,Engine,91,Healthy,No Failure,7/9/2024,Preventive,769.72,3,Center Delta,Healthy
CAR-1393,Hatchback,2024,2,23478,Hybrid,North,Tyre,87,Healthy,No Failure,8/18/2025,Preventive,146.42,2,Center Epsilon,Healthy
CAR-1260,City,2020,6,95756,Diesel,East,Suspension,54,Warning,Suspension Failure,9/2/2023,Corrective,804.45,16,Center Epsilon,Healthy
CAR-1286,Sedan,2021,5,51025,Electric,East,Engine,64,Warning,Overheating,3/15/2024,Preventive,988.8,2,Center Gamma,Healthy
CAR-1437,Hatchback,2020,6,102902,Diesel,North,Tyre,29,Critical,Tyre Damage,8/12/2025,Corrective,256.52,6,Center Alpha,Needs Inspection
CAR-1133,Sedan,2022,4,54714,Hybrid,West,Suspension,70,Warning,Suspension Failure,8/22/2025,Preventive,495.93,1,Center Beta,Healthy
CAR-1398,City,2019,7,76607,Electric,Central,Tyre,53,Warning,Tyre Damage,6/25/2024,Corrective,204.89,9,Center Alpha,Healthy
CAR-1308,Compact,2018,8,64351,Diesel,South,Battery,45,Warning,Battery Failure,5/18/2023,Preventive,164.77,1,Center Alpha,Healthy
CAR-1488,Hatchback,2022,4,47263,Diesel,Central,Engine,68,Warning,Wear,11/16/2023,Preventive,856.93,2,Center Beta,Healthy
CAR-1015,Premium Sedan,2020,6,92260,Petrol,West,Engine,33,Critical,Mechanical Failure,1/12/2025,Emergency,2552.44,61,Center Delta,Under Maintenance
CAR-1290,Crossover,2022,4,61838,Petrol,Central,Cooling System,74,Warning,Overheating,3/28/2024,Corrective,475.6,13,Center Gamma,Healthy
CAR-1093,City,2018,8,92632,Hybrid,South,Cooling System,30,Critical,Overheating,12/7/2024,Emergency,870.97,27,Center Epsilon,Under Maintenance
CAR-1210,Sedan,2021,5,69092,Petrol,West,Tyre,84,Healthy,No Failure,5/12/2024,Preventive,170.12,2,Center Delta,Healthy
CAR-1399,Hatchback,2019,7,102023,Petrol,West,Battery,51,Warning,Battery Failure,4/1/2024,Preventive,151.06,2,Center Alpha,Healthy
CAR-1348,Sedan,2018,8,103884,Hybrid,North,Battery,40,Critical,Battery Failure,12/30/2024,Emergency,446.87,18,Center Epsilon,Needs Inspection
CAR-1196,Compact,2020,6,87774,Electric,West,Engine,43,Critical,Wear,10/7/2024,Emergency,2052.73,58,Center Alpha,Under Maintenance
CAR-1375,City,2023,3,23870,Electric,Central,Suspension,92,Healthy,No Failure,11/29/2025,Preventive,515.37,1,Center Alpha,Healthy
CAR-1284,City,2018,8,134158,Diesel,South,Cooling System,29,Critical,Overheating,6/16/2025,Corrective,529.37,14,Center Alpha,Needs Inspection
CAR-1084,Crossover,2020,6,60290,Diesel,East,Transmission,65,Warning,Transmission Fault,2/12/2023,Preventive,958.97,3,Center Beta,Healthy
CAR-1245,Sedan,2018,8,107643,Petrol,West,Tyre,30,Critical,Tyre Damage,6/13/2024,Emergency,393.48,45,Center Alpha,Under Maintenance
CAR-1106,Sedan,2023,3,24759,Electric,East,Brake,74,Warning,Brake Wear,9/12/2024,Corrective,434.3,9,Center Beta,Healthy
CAR-1493,Premium Sedan,2018,8,89155,Hybrid,West,Tyre,52,Warning,Tyre Damage,6/30/2024,Preventive,191.84,1,Center Gamma,Healthy
CAR-1208,Crossover,2019,7,94535,Petrol,North,Brake,63,Warning,Brake Wear,7/25/2023,Preventive,215,2,Center Gamma,Healthy
CAR-1062,Sedan,2019,7,66438,Electric,Central,Cooling System,21,Critical,Overheating,7/2/2024,Emergency,610.46,24,Center Epsilon,Needs Inspection
CAR-1487,Premium Sedan,2024,2,43687,Hybrid,South,Cooling System,92,Healthy,No Failure,7/22/2023,Preventive,276.7,2,Center Gamma,Healthy
CAR-1474,Hatchback,2023,3,50888,Petrol,South,Battery,76,Healthy,No Failure,6/29/2023,Preventive,161.61,1,Center Delta,Healthy
CAR-1085,Premium Sedan,2021,5,91737,Petrol,North,Brake,40,Critical,Brake Wear,3/20/2025,Emergency,547.03,53,Center Epsilon,Under Maintenance
CAR-1058,Premium Sedan,2019,7,88396,Hybrid,Central,Engine,57,Warning,Overheating,12/28/2024,Preventive,700.9,1,Center Delta,Healthy
CAR-1150,Hatchback,2022,4,47599,Diesel,East,Tyre,43,Critical,Tyre Damage,6/27/2025,Emergency,472.37,58,Center Delta,Under Maintenance
CAR-1335,Sedan,2022,4,51518,Petrol,East,Engine,90,Healthy,No Failure,6/6/2024,Preventive,1008.63,3,Center Delta,Healthy
CAR-1393,Hatchback,2024,2,41838,Hybrid,North,Brake,84,Healthy,No Failure,8/16/2023,Preventive,272.29,1,Center Delta,Healthy
CAR-1452,Sedan,2019,7,73423,Petrol,Central,Brake,76,Healthy,No Failure,8/16/2023,Preventive,245.85,2,Center Epsilon,Healthy
CAR-1416,City,2020,6,54464,Diesel,South,Brake,35,Critical,Brake Wear,6/7/2023,Emergency,621.08,34,Center Beta,Under Maintenance
CAR-1034,Crossover,2020,6,95217,Petrol,East,Engine,39,Critical,Mechanical Failure,1/31/2025,Emergency,2230.21,28,Center Delta,Under Maintenance
CAR-1327,Crossover,2020,6,73895,Petrol,South,Tyre,37,Critical,Tyre Damage,6/18/2025,Emergency,390,22,Center Epsilon,Needs Inspection
CAR-1332,Hatchback,2023,3,36583,Diesel,West,Engine,38,Critical,Mechanical Failure,3/8/2025,Emergency,1954.65,56,Center Gamma,Under Maintenance
CAR-1118,City,2024,2,24664,Diesel,Central,Tyre,93,Healthy,No Failure,8/1/2024,Preventive,149.03,1,Center Alpha,Healthy
CAR-1103,City,2023,3,36006,Electric,East,Battery,78,Healthy,No Failure,8/3/2025,Preventive,185.25,1,Center Alpha,Healthy
CAR-1262,City,2019,7,98905,Diesel,North,Headlight,52,Warning,Lighting Failure,6/9/2024,Corrective,146.93,16,Center Alpha,Healthy
CAR-1120,Compact,2023,3,46498,Diesel,West,Battery,78,Healthy,No Failure,3/23/2024,Preventive,225.25,3,Center Epsilon,Healthy
CAR-1427,Crossover,2022,4,64810,Petrol,North,Transmission,85,Healthy,No Failure,11/10/2024,Preventive,790.86,1,Center Epsilon,Healthy
CAR-1233,Sedan,2022,4,59575,Diesel,East,Battery,95,Healthy,No Failure,6/27/2025,Preventive,222.9,2,Center Beta,Healthy
CAR-1013,Hatchback,2019,7,114922,Petrol,West,Headlight,12,Critical,Lighting Failure,12/20/2023,Emergency,213.78,19,Center Gamma,Needs Inspection
CAR-1210,Sedan,2021,5,68844,Petrol,West,Headlight,21,Critical,Lighting Failure,6/23/2025,Emergency,306.97,66,Center Delta,Under Maintenance
CAR-1455,Compact,2020,6,111451,Petrol,North,Brake,66,Warning,Brake Wear,12/25/2025,Corrective,453.62,23,Center Epsilon,Healthy
CAR-1100,Hatchback,2023,3,43742,Hybrid,Central,Engine,97,Healthy,No Failure,12/27/2024,Preventive,689.28,1,Center Delta,Healthy
CAR-1198,Sedan,2019,7,62287,Electric,North,Brake,43,Critical,Brake Wear,2/9/2024,Emergency,558.03,61,Center Epsilon,Under Maintenance
CAR-1373,Sedan,2021,5,54052,Electric,North,Cooling System,81,Healthy,No Failure,12/13/2024,Preventive,331.03,1,Center Delta,Healthy
CAR-1469,Crossover,2021,5,53494,Petrol,West,Headlight,68,Warning,Lighting Failure,12/22/2025,Corrective,181.46,23,Center Epsilon,Healthy
CAR-1067,Premium Sedan,2019,7,110758,Hybrid,South,Transmission,10,Critical,Transmission Fault,6/27/2025,Emergency,2778.62,32,Center Delta,Under Maintenance
CAR-1479,Premium Sedan,2019,7,109152,Petrol,South,Headlight,16,Critical,Lighting Failure,12/26/2024,Emergency,293.45,18,Center Alpha,Needs Inspection
CAR-1299,Sedan,2018,8,71062,Hybrid,South,Brake,30,Critical,Brake Wear,12/30/2024,Corrective,437.26,22,Center Delta,Needs Inspection
CAR-1291,City,2023,3,32194,Electric,South,Engine,79,Healthy,No Failure,4/7/2025,Preventive,735.08,2,Center Beta,Healthy
CAR-1313,Premium Sedan,2018,8,150827,Diesel,Central,Suspension,33,Critical,Suspension Failure,1/21/2023,Corrective,871.4,17,Center Gamma,Needs Inspection
CAR-1438,Premium Sedan,2024,2,27771,Petrol,Central,Brake,75,Healthy,No Failure,2/28/2025,Preventive,245.36,3,Center Epsilon,Healthy
CAR-1244,Premium Sedan,2021,5,77959,Petrol,West,Engine,54,Warning,Overheating,3/1/2025,Corrective,1657.77,21,Center Alpha,Healthy
CAR-1412,Compact,2021,5,44884,Hybrid,South,Transmission,79,Healthy,No Failure,7/7/2024,Preventive,806.73,1,Center Epsilon,Healthy
CAR-1440,Hatchback,2024,2,24196,Petrol,North,Battery,66,Warning,Battery Failure,2/4/2023,Corrective,317.36,13,Center Delta,Healthy
CAR-1262,City,2019,7,86552,Diesel,North,Cooling System,50,Warning,Overheating,12/19/2023,Corrective,602.35,11,Center Beta,Healthy
CAR-1371,Hatchback,2020,6,65290,Petrol,South,Suspension,39,Critical,Suspension Failure,4/14/2023,Emergency,1032.25,33,Center Gamma,Under Maintenance
CAR-1497,Compact,2024,2,28022,Diesel,Central,Battery,66,Warning,Battery Failure,10/22/2023,Corrective,353.43,21,Center Delta,Healthy
CAR-1072,Compact,2022,4,64225,Electric,South,Battery,44,Critical,Battery Failure,2/20/2025,Emergency,478.27,71,Center Delta,Under Maintenance
CAR-1102,City,2018,8,112279,Petrol,Central,Engine,45,Warning,Overheating,4/29/2023,Corrective,1139.22,13,Center Gamma,Healthy
CAR-1171,Premium Sedan,2019,7,94419,Petrol,West,Battery,55,Warning,Battery Failure,8/11/2024,Preventive,187.9,1,Center Epsilon,Healthy
CAR-1121,City,2024,2,24304,Diesel,South,Engine,86,Healthy,No Failure,7/28/2024,Preventive,939.58,1,Center Alpha,Healthy
CAR-1384,Sedan,2024,2,41439,Diesel,West,Suspension,93,Healthy,No Failure,6/8/2024,Preventive,405.21,1,Center Beta,Healthy
CAR-1067,Premium Sedan,2019,7,115330,Hybrid,South,Cooling System,56,Warning,Overheating,7/21/2023,Corrective,612.46,23,Center Epsilon,Healthy
CAR-1040,City,2018,8,122365,Hybrid,Central,Cooling System,25,Critical,Overheating,5/4/2023,Emergency,753.77,21,Center Delta,Needs Inspection
CAR-1277,Compact,2018,8,79547,Electric,West,Engine,56,Warning,Mechanical Failure,6/18/2024,Preventive,763.92,2,Center Alpha,Healthy
CAR-1350,City,2023,3,45217,Diesel,West,Transmission,84,Healthy,No Failure,4/8/2024,Preventive,721.72,3,Center Alpha,Healthy
CAR-1482,Hatchback,2018,8,73148,Diesel,Central,Suspension,21,Critical,Suspension Failure,5/20/2025,Corrective,851.74,22,Center Alpha,Needs Inspection
CAR-1358,Sedan,2023,3,54009,Diesel,North,Battery,62,Warning,Battery Failure,6/8/2024,Preventive,231.43,3,Center Alpha,Healthy
CAR-1337,Compact,2022,4,60987,Petrol,East,Cooling System,72,Warning,Overheating,7/23/2023,Preventive,269.36,3,Center Epsilon,Healthy
CAR-1161,Compact,2022,4,69886,Electric,West,Transmission,53,Warning,Transmission Fault,12/6/2023,Preventive,1133.08,1,Center Epsilon,Healthy
CAR-1488,Hatchback,2022,4,74130,Diesel,Central,Suspension,64,Warning,Suspension Failure,3/6/2023,Corrective,698.19,11,Center Gamma,Healthy
CAR-1015,Premium Sedan,2020,6,60460,Petrol,West,Headlight,57,Warning,Lighting Failure,4/30/2024,Corrective,134.36,6,Center Gamma,Healthy
CAR-1025,Hatchback,2020,6,58949,Petrol,South,Transmission,48,Warning,Transmission Fault,9/9/2023,Preventive,1074.56,2,Center Gamma,Healthy
CAR-1111,City,2021,5,87219,Hybrid,Central,Engine,55,Warning,Mechanical Failure,2/26/2025,Corrective,1572.93,18,Center Beta,Healthy
CAR-1366,Sedan,2019,7,127304,Petrol,South,Battery,17,Critical,Battery Failure,3/18/2024,Corrective,296.66,12,Center Delta,Needs Inspection
CAR-1063,Crossover,2020,6,73935,Diesel,East,Headlight,57,Warning,Lighting Failure,3/10/2023,Preventive,101.77,1,Center Alpha,Healthy
CAR-1205,Compact,2019,7,114615,Diesel,North,Suspension,38,Critical,Suspension Failure,1/7/2023,Emergency,1328.03,34,Center Epsilon,Under Maintenance
CAR-1351,Premium Sedan,2018,8,109884,Petrol,West,Brake,39,Critical,Brake Wear,3/21/2024,Emergency,525.95,58,Center Epsilon,Under Maintenance
CAR-1392,Crossover,2020,6,75175,Diesel,Central,Brake,51,Warning,Brake Wear,8/12/2025,Corrective,330.5,18,Center Beta,Healthy
CAR-1005,Compact,2019,7,79545,Petrol,East,Tyre,37,Critical,Tyre Damage,10/19/2025,Emergency,451.16,60,Center Gamma,Under Maintenance
CAR-1035,Crossover,2020,6,70937,Hybrid,North,Tyre,63,Warning,Tyre Damage,7/1/2025,Corrective,224.2,22,Center Beta,Healthy
CAR-1206,Premium Sedan,2021,5,53964,Hybrid,North,Transmission,24,Critical,Transmission Fault,8/13/2023,Emergency,2340.83,30,Center Epsilon,Under Maintenance
CAR-1240,Crossover,2022,4,44652,Diesel,West,Tyre,74,Warning,Tyre Damage,6/7/2023,Preventive,152.68,2,Center Epsilon,Healthy
CAR-1389,City,2023,3,45639,Petrol,South,Tyre,61,Warning,Tyre Damage,11/16/2024,Corrective,231.62,13,Center Gamma,Healthy
CAR-1443,Sedan,2020,6,90182,Electric,South,Tyre,44,Critical,Tyre Damage,5/21/2024,Emergency,424.42,28,Center Gamma,Under Maintenance
CAR-1331,Crossover,2024,2,22613,Electric,North,Battery,100,Healthy,No Failure,10/2/2024,Preventive,209.74,2,Center Epsilon,Healthy
CAR-1027,City,2021,5,72295,Diesel,Central,Tyre,51,Warning,Tyre Damage,3/21/2023,Corrective,207.63,20,Center Beta,Healthy
CAR-1098,City,2020,6,83631,Petrol,East,Tyre,55,Warning,Tyre Damage,2/28/2024,Preventive,172.42,3,Center Alpha,Healthy
CAR-1056,Compact,2019,7,66494,Hybrid,West,Tyre,36,Critical,Tyre Damage,3/15/2024,Corrective,241.16,15,Center Epsilon,Needs Inspection
CAR-1340,City,2022,4,60506,Petrol,South,Engine,64,Warning,Overheating,4/26/2024,Preventive,949.04,1,Center Beta,Healthy
CAR-1003,Hatchback,2022,4,54063,Diesel,Central,Battery,57,Warning,Battery Failure,8/11/2024,Corrective,316.33,15,Center Alpha,Healthy
CAR-1218,Compact,2021,5,55724,Petrol,West,Tyre,58,Warning,Tyre Damage,5/6/2023,Corrective,304.43,6,Center Alpha,Healthy
CAR-1322,City,2018,8,137668,Petrol,North,Battery,26,Critical,Battery Failure,12/28/2024,Emergency,451.17,68,Center Beta,Under Maintenance
CAR-1270,Sedan,2019,7,113677,Hybrid,Central,Brake,11,Critical,Brake Wear,3/12/2023,Emergency,755.31,45,Center Delta,Under Maintenance
CAR-1415,Sedan,2019,7,123807,Diesel,North,Headlight,11,Critical,Lighting Failure,10/22/2025,Emergency,224.95,55,Center Gamma,Under Maintenance
CAR-1041,Sedan,2019,7,98087,Petrol,South,Tyre,30,Critical,Tyre Damage,9/19/2025,Corrective,287.91,11,Center Delta,Needs Inspection
CAR-1102,City,2018,8,120905,Petrol,Central,Transmission,42,Critical,Transmission Fault,7/1/2024,Emergency,2112.5,28,Center Gamma,Under Maintenance
CAR-1082,Premium Sedan,2020,6,90498,Diesel,South,Tyre,26,Critical,Tyre Damage,1/30/2023,Emergency,393.57,52,Center Gamma,Under Maintenance
CAR-1318,Hatchback,2018,8,104820,Petrol,Central,Transmission,36,Critical,Transmission Fault,7/5/2025,Emergency,1930.37,60,Center Gamma,Under Maintenance
CAR-1166,Crossover,2019,7,86062,Petrol,West,Cooling System,64,Warning,Overheating,1/22/2024,Corrective,538.83,7,Center Gamma,Healthy
CAR-1346,Sedan,2019,7,103174,Hybrid,East,Cooling System,43,Critical,Overheating,1/13/2023,Corrective,408.43,19,Center Epsilon,Needs Inspection
CAR-1110,Sedan,2018,8,89681,Diesel,South,Battery,24,Critical,Battery Failure,9/21/2025,Emergency,415.86,23,Center Epsilon,Needs Inspection
CAR-1006,Sedan,2019,7,74073,Petrol,South,Battery,42,Critical,Battery Failure,8/15/2025,Emergency,396.23,62,Center Alpha,Under Maintenance
CAR-1093,City,2018,8,87953,Hybrid,South,Tyre,23,Critical,Tyre Damage,9/2/2025,Corrective,238.95,17,Center Delta,Needs Inspection
CAR-1208,Crossover,2019,7,96798,Petrol,North,Tyre,32,Critical,Tyre Damage,12/27/2024,Emergency,451.19,66,Center Alpha,Under Maintenance
CAR-1105,Premium Sedan,2018,8,76416,Electric,East,Battery,29,Critical,Battery Failure,4/21/2023,Corrective,354.23,16,Center Beta,Needs Inspection
CAR-1361,Hatchback,2019,7,70521,Petrol,West,Battery,51,Warning,Battery Failure,5/22/2025,Preventive,147.1,1,Center Delta,Healthy
CAR-1184,City,2018,8,150150,Electric,East,Engine,22,Critical,Overheating,11/10/2024,Corrective,1174.48,8,Center Alpha,Needs Inspection
CAR-1057,Premium Sedan,2022,4,66471,Petrol,South,Brake,63,Warning,Brake Wear,3/27/2025,Corrective,514.44,8,Center Gamma,Healthy
CAR-1194,City,2023,3,40627,Diesel,West,Brake,82,Healthy,No Failure,9/29/2024,Preventive,277.98,3,Center Beta,Healthy
CAR-1343,Hatchback,2022,4,57564,Hybrid,North,Headlight,67,Warning,Lighting Failure,6/19/2025,Corrective,181.67,23,Center Beta,Healthy
CAR-1248,Sedan,2018,8,75038,Petrol,Central,Brake,30,Critical,Brake Wear,12/7/2023,Corrective,472.29,14,Center Epsilon,Needs Inspection
CAR-1056,Compact,2019,7,110835,Hybrid,West,Transmission,16,Critical,Transmission Fault,7/19/2023,Corrective,1733,17,Center Epsilon,Needs Inspection
CAR-1299,Sedan,2018,8,91322,Hybrid,South,Engine,53,Warning,Mechanical Failure,10/13/2023,Corrective,1106.87,18,Center Gamma,Healthy
CAR-1213,City,2018,8,64329,Petrol,South,Engine,45,Warning,Wear,5/16/2025,Corrective,1206.46,14,Center Gamma,Healthy
CAR-1226,Compact,2023,3,38314,Petrol,North,Suspension,92,Healthy,No Failure,9/1/2024,Preventive,426.19,2,Center Beta,Healthy
CAR-1277,Compact,2018,8,130399,Electric,West,Engine,25,Critical,Wear,2/1/2023,Emergency,2359.74,40,Center Gamma,Under Maintenance
CAR-1072,Compact,2022,4,51857,Electric,South,Tyre,95,Healthy,No Failure,10/19/2023,Preventive,128.95,2,Center Epsilon,Healthy
CAR-1420,Crossover,2021,5,50562,Electric,North,Suspension,74,Warning,Suspension Failure,12/2/2023,Preventive,409.65,1,Center Gamma,Healthy
CAR-1455,Compact,2020,6,71649,Petrol,North,Suspension,39,Critical,Suspension Failure,10/21/2025,Emergency,1047.8,46,Center Alpha,Under Maintenance
CAR-1273,City,2019,7,77328,Diesel,North,Transmission,41,Critical,Transmission Fault,5/1/2023,Emergency,2824.24,65,Center Delta,Under Maintenance
CAR-1089,Hatchback,2024,2,19661,Diesel,North,Engine,100,Healthy,No Failure,5/9/2023,Preventive,939.4,2,Center Epsilon,Healthy
CAR-1294,City,2023,3,40367,Petrol,South,Transmission,54,Warning,Transmission Fault,8/7/2025,Preventive,936.57,1,Center Alpha,Healthy
CAR-1131,Hatchback,2021,5,58373,Diesel,Central,Engine,60,Warning,Overheating,11/23/2025,Corrective,1600.59,10,Center Alpha,Healthy
CAR-1344,Premium Sedan,2022,4,74275,Electric,Central,Cooling System,48,Warning,Overheating,7/10/2023,Preventive,313.17,1,Center Gamma,Healthy
CAR-1245,Sedan,2018,8,89434,Petrol,West,Tyre,52,Warning,Tyre Damage,10/3/2025,Preventive,146.35,1,Center Alpha,Healthy
CAR-1355,Crossover,2022,4,71637,Electric,Central,Headlight,52,Warning,Lighting Failure,4/19/2025,Corrective,163.71,11,Center Epsilon,Healthy
CAR-1089,Hatchback,2024,2,28527,Diesel,North,Suspension,90,Healthy,No Failure,7/8/2023,Preventive,422.99,2,Center Delta,Healthy
CAR-1450,Sedan,2020,6,48234,Petrol,North,Suspension,59,Warning,Suspension Failure,5/2/2024,Corrective,837.55,11,Center Alpha,Healthy
CAR-1080,Compact,2022,4,51913,Diesel,West,Suspension,78,Healthy,No Failure,8/24/2024,Preventive,568.59,3,Center Gamma,Healthy
CAR-1071,Crossover,2020,6,61426,Diesel,East,Engine,39,Critical,Mechanical Failure,9/2/2023,Corrective,1357.08,7,Center Gamma,Needs Inspection
CAR-1183,Crossover,2024,2,29544,Petrol,South,Suspension,85,Healthy,No Failure,3/17/2025,Preventive,557.91,3,Center Delta,Healthy
CAR-1191,City,2020,6,50853,Petrol,East,Brake,57,Warning,Brake Wear,9/19/2025,Corrective,395.82,15,Center Beta,Healthy
CAR-1211,City,2022,4,68070,Diesel,South,Headlight,70,Warning,Lighting Failure,3/31/2023,Corrective,178.35,18,Center Delta,Healthy
CAR-1082,Premium Sedan,2020,6,108084,Diesel,South,Suspension,36,Critical,Suspension Failure,5/22/2024,Emergency,958.26,65,Center Gamma,Under Maintenance
CAR-1213,City,2018,8,136014,Petrol,South,Suspension,61,Warning,Suspension Failure,10/25/2025,Corrective,771.11,8,Center Epsilon,Healthy
CAR-1133,Sedan,2022,4,43289,Hybrid,West,Brake,93,Healthy,No Failure,9/8/2023,Preventive,291.39,1,Center Alpha,Healthy
CAR-1361,Hatchback,2019,7,101929,Petrol,West,Battery,19,Critical,Battery Failure,7/15/2024,Emergency,438,22,Center Alpha,Needs Inspection
CAR-1133,Sedan,2022,4,58989,Hybrid,West,Battery,52,Warning,Battery Failure,6/18/2023,Corrective,275.09,23,Center Beta,Healthy
CAR-1078,Premium Sedan,2021,5,77960,Diesel,Central,Engine,53,Warning,Overheating,12/25/2024,Corrective,1124.31,13,Center Gamma,Healthy
CAR-1294,City,2023,3,41570,Petrol,South,Battery,86,Healthy,No Failure,1/17/2023,Preventive,200.11,3,Center Beta,Healthy
CAR-1339,Crossover,2020,6,81483,Electric,Central,Engine,54,Warning,Overheating,7/9/2025,Preventive,991.56,3,Center Gamma,Healthy
CAR-1301,City,2019,7,107997,Petrol,West,Engine,55,Warning,Mechanical Failure,9/26/2023,Corrective,1123.77,11,Center Epsilon,Healthy
CAR-1089,Hatchback,2024,2,27497,Diesel,North,Tyre,93,Healthy,No Failure,12/27/2024,Preventive,152.11,1,Center Beta,Healthy
CAR-1066,Compact,2021,5,71479,Petrol,North,Tyre,58,Warning,Tyre Damage,3/25/2023,Corrective,259.97,18,Center Alpha,Healthy
CAR-1226,Compact,2023,3,33778,Petrol,North,Tyre,75,Healthy,No Failure,8/21/2025,Preventive,167.57,1,Center Beta,Healthy
CAR-1372,City,2019,7,130619,Petrol,Central,Battery,20,Critical,Battery Failure,10/14/2023,Emergency,477.7,34,Center Gamma,Under Maintenance
CAR-1257,Premium Sedan,2020,6,48742,Petrol,West,Suspension,62,Warning,Suspension Failure,6/26/2025,Corrective,836.79,18,Center Beta,Healthy
CAR-1393,Hatchback,2024,2,23882,Hybrid,North,Headlight,100,Healthy,No Failure,11/28/2025,Preventive,126.32,3,Center Epsilon,Healthy
CAR-1375,City,2023,3,37024,Electric,Central,Cooling System,98,Healthy,No Failure,3/10/2025,Preventive,344.51,2,Center Delta,Healthy
CAR-1104,City,2021,5,76408,Electric,North,Tyre,54,Warning,Tyre Damage,7/3/2025,Corrective,196.4,19,Center Alpha,Healthy
CAR-1467,Compact,2022,4,49139,Diesel,North,Suspension,45,Warning,Suspension Failure,4/3/2024,Corrective,796.07,14,Center Delta,Healthy
CAR-1055,Hatchback,2018,8,106535,Diesel,South,Battery,27,Critical,Battery Failure,1/24/2024,Emergency,467.46,49,Center Epsilon,Under Maintenance
CAR-1399,Hatchback,2019,7,63237,Petrol,West,Brake,40,Critical,Brake Wear,1/27/2023,Emergency,682.28,65,Center Delta,Under Maintenance
CAR-1312,City,2024,2,30855,Diesel,South,Suspension,100,Healthy,No Failure,11/22/2025,Preventive,446.5,1,Center Epsilon,Healthy
CAR-1032,Premium Sedan,2018,8,115744,Diesel,North,Battery,25,Critical,Battery Failure,4/20/2024,Corrective,333.52,13,Center Delta,Needs Inspection
CAR-1185,Premium Sedan,2022,4,77186,Hybrid,Central,Suspension,50,Warning,Suspension Failure,9/14/2023,Corrective,884.25,12,Center Alpha,Healthy
CAR-1351,Premium Sedan,2018,8,92246,Petrol,West,Battery,22,Critical,Battery Failure,5/13/2024,Corrective,286.35,21,Center Epsilon,Needs Inspection
CAR-1253,Sedan,2018,8,115482,Electric,Central,Battery,10,Critical,Battery Failure,2/2/2024,Emergency,454.52,24,Center Gamma,Needs Inspection
CAR-1450,Sedan,2020,6,89998,Petrol,North,Battery,35,Critical,Battery Failure,4/26/2025,Corrective,334.24,20,Center Epsilon,Needs Inspection
CAR-1183,Crossover,2024,2,15275,Petrol,South,Engine,100,Healthy,No Failure,4/20/2023,Preventive,938.47,3,Center Gamma,Healthy
CAR-1147,Hatchback,2022,4,42425,Diesel,West,Engine,75,Healthy,No Failure,4/3/2025,Preventive,640.04,1,Center Epsilon,Healthy
CAR-1334,Crossover,2018,8,132097,Diesel,Central,Brake,10,Critical,Brake Wear,7/19/2023,Emergency,759.3,39,Center Gamma,Under Maintenance
CAR-1452,Sedan,2019,7,122881,Petrol,Central,Engine,34,Critical,Mechanical Failure,3/24/2023,Corrective,1047.59,15,Center Epsilon,Needs Inspection
CAR-1227,Hatchback,2022,4,47214,Petrol,South,Cooling System,42,Critical,Overheating,9/24/2023,Emergency,681.26,65,Center Alpha,Under Maintenance
CAR-1354,Hatchback,2020,6,104132,Electric,Central,Battery,35,Critical,Battery Failure,2/9/2024,Emergency,538,67,Center Epsilon,Under Maintenance
CAR-1321,City,2020,6,89607,Electric,South,Engine,43,Critical,Wear,4/26/2023,Emergency,2159.55,64,Center Epsilon,Under Maintenance
CAR-1485,Hatchback,2023,3,47706,Diesel,West,Tyre,76,Healthy,No Failure,12/30/2025,Preventive,155.93,3,Center Gamma,Healthy
CAR-1203,Crossover,2022,4,48478,Hybrid,South,Transmission,74,Warning,Transmission Fault,6/1/2024,Preventive,1014.49,3,Center Gamma,Healthy
CAR-1193,Hatchback,2021,5,61279,Petrol,North,Suspension,75,Healthy,No Failure,12/22/2025,Preventive,425.94,2,Center Alpha,Healthy
CAR-1070,Crossover,2022,4,51086,Electric,East,Tyre,48,Warning,Tyre Damage,10/27/2023,Corrective,280.52,21,Center Alpha,Healthy
CAR-1073,Premium Sedan,2021,5,86667,Electric,North,Brake,38,Critical,Brake Wear,1/16/2025,Emergency,792.69,52,Center Gamma,Under Maintenance
CAR-1414,Crossover,2024,2,25563,Diesel,South,Transmission,91,Healthy,No Failure,9/2/2024,Preventive,901.06,1,Center Alpha,Healthy
CAR-1028,City,2019,7,106903,Diesel,Central,Tyre,15,Critical,Tyre Damage,11/20/2023,Emergency,441.48,18,Center Delta,Needs Inspection
CAR-1435,Premium Sedan,2020,6,106592,Petrol,North,Headlight,51,Warning,Lighting Failure,12/15/2025,Corrective,143.96,10,Center Epsilon,Healthy
CAR-1355,Crossover,2022,4,54479,Electric,Central,Tyre,82,Healthy,No Failure,2/5/2025,Preventive,171.75,1,Center Beta,Healthy
CAR-1373,Sedan,2021,5,78857,Electric,North,Suspension,56,Warning,Suspension Failure,12/22/2023,Corrective,598.47,12,Center Gamma,Healthy
CAR-1231,Premium Sedan,2022,4,41147,Petrol,West,Headlight,58,Warning,Lighting Failure,10/22/2025,Corrective,147.92,7,Center Delta,Healthy
CAR-1202,City,2020,6,104284,Hybrid,North,Brake,74,Warning,Brake Wear,4/26/2023,Preventive,284.65,2,Center Gamma,Healthy
CAR-1149,Crossover,2024,2,14110,Diesel,West,Suspension,89,Healthy,No Failure,12/29/2024,Preventive,441.14,1,Center Beta,Healthy
CAR-1263,Sedan,2023,3,32428,Hybrid,East,Engine,85,Healthy,No Failure,10/17/2025,Preventive,887.53,2,Center Alpha,Healthy
CAR-1235,Crossover,2022,4,33228,Electric,West,Engine,81,Healthy,No Failure,12/19/2025,Preventive,814.91,3,Center Delta,Healthy
CAR-1229,Compact,2019,7,72715,Diesel,South,Tyre,65,Warning,Tyre Damage,5/1/2023,Preventive,156.51,1,Center Beta,Healthy
CAR-1117,Premium Sedan,2018,8,92665,Hybrid,Central,Brake,66,Warning,Brake Wear,5/14/2024,Corrective,410.45,17,Center Gamma,Healthy
CAR-1274,Premium Sedan,2021,5,72698,Petrol,Central,Cooling System,53,Warning,Overheating,6/28/2023,Corrective,589.45,7,Center Gamma,Healthy
CAR-1015,Premium Sedan,2020,6,100443,Petrol,West,Transmission,37,Critical,Transmission Fault,5/1/2025,Corrective,1390.35,12,Center Epsilon,Needs Inspection
CAR-1008,Sedan,2022,4,65719,Diesel,East,Brake,62,Warning,Brake Wear,11/4/2024,Corrective,459.79,21,Center Delta,Healthy
CAR-1044,Hatchback,2022,4,40758,Diesel,West,Cooling System,94,Healthy,No Failure,2/5/2023,Preventive,278.28,2,Center Beta,Healthy
CAR-1157,Sedan,2019,7,110707,Diesel,South,Battery,23,Critical,Battery Failure,11/23/2024,Corrective,365.45,8,Center Gamma,Needs Inspection
CAR-1469,Crossover,2021,5,51971,Petrol,West,Battery,86,Healthy,No Failure,12/4/2025,Preventive,200.02,1,Center Delta,Healthy
CAR-1308,Compact,2018,8,134918,Diesel,South,Cooling System,18,Critical,Overheating,1/6/2023,Corrective,416.47,13,Center Epsilon,Needs Inspection
CAR-1178,Crossover,2018,8,124337,Diesel,East,Engine,35,Critical,Mechanical Failure,6/4/2025,Corrective,1388.63,8,Center Alpha,Needs Inspection
CAR-1193,Hatchback,2021,5,56057,Petrol,North,Engine,54,Warning,Overheating,10/23/2024,Corrective,1165.04,7,Center Alpha,Healthy
CAR-1397,Compact,2023,3,28781,Petrol,West,Transmission,67,Warning,Transmission Fault,8/7/2023,Corrective,1572.65,19,Center Beta,Healthy
CAR-1428,Crossover,2019,7,67112,Petrol,South,Engine,49,Warning,Mechanical Failure,12/20/2025,Corrective,1576.88,14,Center Beta,Healthy
CAR-1116,City,2021,5,83929,Electric,North,Engine,56,Warning,Mechanical Failure,12/6/2025,Corrective,1454.87,17,Center Gamma,Healthy
CAR-1235,Crossover,2022,4,70474,Electric,West,Cooling System,39,Critical,Overheating,6/24/2023,Emergency,708.39,39,Center Epsilon,Under Maintenance
CAR-1304,Hatchback,2020,6,105502,Electric,South,Engine,31,Critical,Mechanical Failure,11/19/2025,Corrective,1321.44,17,Center Beta,Needs Inspection
CAR-1270,Sedan,2019,7,79276,Hybrid,Central,Battery,26,Critical,Battery Failure,2/3/2024,Emergency,525.35,63,Center Alpha,Under Maintenance
CAR-1394,Compact,2023,3,39063,Diesel,East,Transmission,78,Healthy,No Failure,11/11/2025,Preventive,736.14,3,Center Alpha,Healthy
CAR-1373,Sedan,2021,5,58214,Electric,North,Tyre,57,Warning,Tyre Damage,8/16/2024,Corrective,296.84,20,Center Beta,Healthy
CAR-1137,Crossover,2018,8,64475,Hybrid,East,Cooling System,37,Critical,Overheating,1/29/2024,Emergency,974.68,45,Center Gamma,Under Maintenance
CAR-1439,Crossover,2018,8,136216,Petrol,Central,Engine,33,Critical,Overheating,1/22/2024,Corrective,1585.96,14,Center Epsilon,Needs Inspection
CAR-1338,Hatchback,2023,3,40257,Petrol,South,Tyre,86,Healthy,No Failure,11/29/2025,Preventive,146.99,2,Center Alpha,Healthy
CAR-1165,Hatchback,2022,4,43708,Diesel,East,Battery,51,Warning,Battery Failure,8/22/2024,Preventive,189.4,2,Center Beta,Healthy
CAR-1058,Premium Sedan,2019,7,120800,Hybrid,Central,Tyre,18,Critical,Tyre Damage,3/11/2024,Emergency,472.04,71,Center Delta,Under Maintenance
CAR-1382,Crossover,2018,8,94889,Electric,West,Suspension,19,Critical,Suspension Failure,10/3/2025,Corrective,749.07,10,Center Beta,Needs Inspection
CAR-1174,Sedan,2022,4,56539,Petrol,West,Engine,63,Warning,Wear,5/20/2025,Preventive,983.08,1,Center Epsilon,Healthy
CAR-1160,Compact,2018,8,126761,Diesel,Central,Cooling System,46,Warning,Overheating,9/14/2024,Corrective,431.7,8,Center Epsilon,Healthy
CAR-1147,Hatchback,2022,4,55154,Diesel,West,Brake,51,Warning,Brake Wear,2/25/2023,Corrective,359.73,23,Center Alpha,Healthy
CAR-1457,Compact,2022,4,57132,Electric,North,Battery,95,Healthy,No Failure,11/5/2024,Preventive,159.12,1,Center Gamma,Healthy
CAR-1210,Sedan,2021,5,69232,Petrol,West,Brake,83,Healthy,No Failure,3/18/2023,Preventive,200.9,3,Center Alpha,Healthy
CAR-1387,Compact,2022,4,38944,Diesel,East,Battery,85,Healthy,No Failure,10/11/2024,Preventive,145.97,3,Center Epsilon,Healthy
CAR-1345,Hatchback,2019,7,116855,Diesel,West,Cooling System,10,Critical,Overheating,2/4/2025,Emergency,759.24,54,Center Beta,Under Maintenance
CAR-1378,Compact,2023,3,39300,Petrol,Central,Tyre,88,Healthy,No Failure,3/29/2023,Preventive,168.81,2,Center Beta,Healthy
CAR-1157,Sedan,2019,7,122451,Diesel,South,Transmission,62,Warning,Transmission Fault,11/27/2023,Corrective,1774.71,14,Center Beta,Healthy
CAR-1297,Premium Sedan,2022,4,50087,Petrol,East,Battery,36,Critical,Battery Failure,9/4/2025,Emergency,471.32,67,Center Beta,Under Maintenance
CAR-1172,Crossover,2022,4,41132,Electric,North,Battery,77,Healthy,No Failure,7/26/2025,Preventive,156.21,2,Center Alpha,Healthy
CAR-1408,Crossover,2018,8,98214,Diesel,South,Tyre,31,Critical,Tyre Damage,6/26/2023,Emergency,423.05,71,Center Delta,Under Maintenance
CAR-1140,Compact,2022,4,47054,Electric,South,Tyre,60,Warning,Tyre Damage,12/31/2024,Preventive,193.52,2,Center Beta,Healthy
CAR-1326,Crossover,2018,8,81532,Electric,West,Transmission,33,Critical,Transmission Fault,6/22/2024,Emergency,2128.99,36,Center Alpha,Under Maintenance
CAR-1401,Compact,2023,3,43711,Diesel,South,Transmission,69,Warning,Transmission Fault,1/31/2024,Preventive,953.67,3,Center Gamma,Healthy
CAR-1398,City,2019,7,122490,Electric,Central,Suspension,27,Critical,Suspension Failure,9/23/2023,Emergency,1274.21,26,Center Beta,Under Maintenance
CAR-1036,Crossover,2022,4,60227,Diesel,Central,Cooling System,60,Warning,Overheating,10/18/2023,Corrective,559.99,22,Center Epsilon,Healthy
CAR-1050,Crossover,2022,4,73824,Petrol,East,Engine,78,Healthy,No Failure,7/24/2024,Preventive,769.47,3,Center Beta,Healthy
CAR-1436,Premium Sedan,2020,6,65230,Diesel,Central,Tyre,65,Warning,Tyre Damage,4/27/2025,Corrective,311.74,19,Center Epsilon,Healthy
CAR-1260,City,2020,6,56844,Diesel,East,Cooling System,71,Warning,Overheating,12/18/2025,Corrective,497.04,10,Center Beta,Healthy
CAR-1460,City,2021,5,45772,Hybrid,Central,Brake,66,Warning,Brake Wear,2/14/2025,Corrective,362.79,16,Center Gamma,Healthy
CAR-1279,Crossover,2020,6,101771,Petrol,West,Engine,36,Critical,Mechanical Failure,9/6/2024,Corrective,1354.56,8,Center Gamma,Needs Inspection
CAR-1105,Premium Sedan,2018,8,111888,Electric,East,Headlight,46,Warning,Lighting Failure,8/20/2025,Preventive,104.7,1,Center Gamma,Healthy
CAR-1445,Hatchback,2021,5,83617,Diesel,West,Battery,62,Warning,Battery Failure,11/10/2024,Corrective,357.21,8,Center Epsilon,Healthy
CAR-1354,Hatchback,2020,6,58865,Electric,Central,Battery,49,Warning,Battery Failure,5/27/2024,Corrective,237.24,14,Center Alpha,Healthy
CAR-1074,Crossover,2018,8,85307,Petrol,South,Tyre,32,Critical,Tyre Damage,2/21/2024,Emergency,345.89,23,Center Alpha,Needs Inspection
CAR-1320,Sedan,2020,6,70029,Diesel,West,Suspension,48,Warning,Suspension Failure,4/2/2025,Corrective,821.88,19,Center Delta,Healthy
CAR-1305,Compact,2022,4,49418,Diesel,Central,Engine,59,Warning,Mechanical Failure,10/31/2023,Preventive,653.98,1,Center Epsilon,Healthy
CAR-1055,Hatchback,2018,8,115845,Diesel,South,Cooling System,46,Warning,Overheating,2/7/2024,Preventive,338.15,2,Center Delta,Healthy
CAR-1076,Compact,2022,4,55587,Hybrid,West,Engine,68,Warning,Mechanical Failure,5/29/2024,Corrective,1254.88,8,Center Epsilon,Healthy
CAR-1234,City,2024,2,14070,Petrol,West,Headlight,81,Healthy,No Failure,10/22/2024,Preventive,95.45,2,Center Alpha,Healthy
CAR-1115,Compact,2020,6,70175,Diesel,Central,Tyre,25,Critical,Tyre Damage,6/2/2024,Corrective,239.94,19,Center Delta,Needs Inspection
CAR-1426,Compact,2021,5,88471,Hybrid,Central,Battery,57,Warning,Battery Failure,5/6/2025,Corrective,339.64,12,Center Gamma,Healthy
CAR-1280,Premium Sedan,2023,3,32695,Hybrid,West,Engine,68,Warning,Mechanical Failure,9/7/2025,Corrective,1080.63,21,Center Epsilon,Healthy
CAR-1129,City,2021,5,52925,Petrol,Central,Headlight,62,Warning,Lighting Failure,12/6/2025,Preventive,107.09,2,Center Beta,Healthy
CAR-1206,Premium Sedan,2021,5,73578,Hybrid,North,Tyre,66,Warning,Tyre Damage,2/4/2024,Corrective,242.38,17,Center Delta,Healthy
CAR-1280,Premium Sedan,2023,3,30979,Hybrid,West,Battery,87,Healthy,No Failure,1/18/2024,Preventive,202.79,3,Center Epsilon,Healthy
CAR-1077,Compact,2018,8,94964,Petrol,Central,Suspension,14,Critical,Suspension Failure,2/9/2025,Corrective,856.69,21,Center Epsilon,Needs Inspection
CAR-1389,City,2023,3,44849,Petrol,South,Transmission,37,Critical,Transmission Fault,1/13/2023,Emergency,2904.67,61,Center Delta,Under Maintenance
CAR-1104,City,2021,5,90827,Electric,North,Tyre,38,Critical,Tyre Damage,4/25/2024,Corrective,235.55,10,Center Epsilon,Needs Inspection
CAR-1207,Premium Sedan,2023,3,57785,Diesel,Central,Headlight,73,Warning,Lighting Failure,4/23/2023,Corrective,130.41,12,Center Beta,Healthy
CAR-1238,Compact,2020,6,86599,Electric,East,Tyre,37,Critical,Tyre Damage,10/20/2025,Corrective,242.39,9,Center Delta,Needs Inspection
CAR-1272,Compact,2021,5,93458,Petrol,West,Engine,51,Warning,Mechanical Failure,9/4/2023,Corrective,1657.71,11,Center Delta,Healthy
CAR-1316,City,2019,7,109559,Electric,North,Battery,45,Warning,Battery Failure,12/27/2025,Preventive,194.57,2,Center Alpha,Healthy
CAR-1439,Crossover,2018,8,116786,Petrol,Central,Engine,18,Critical,Overheating,2/13/2024,Emergency,2572.02,27,Center Alpha,Under Maintenance
CAR-1404,Hatchback,2020,6,84027,Petrol,Central,Transmission,64,Warning,Transmission Fault,10/17/2024,Corrective,1288.84,12,Center Epsilon,Healthy
CAR-1295,Premium Sedan,2019,7,125026,Hybrid,West,Transmission,22,Critical,Transmission Fault,4/29/2023,Emergency,2847.65,51,Center Delta,Under Maintenance
CAR-1202,City,2020,6,74736,Hybrid,North,Suspension,64,Warning,Suspension Failure,1/13/2025,Preventive,515.93,1,Center Epsilon,Healthy
CAR-1393,Hatchback,2024,2,26898,Hybrid,North,Battery,100,Healthy,No Failure,2/12/2025,Preventive,188.72,1,Center Epsilon,Healthy
CAR-1226,Compact,2023,3,32072,Petrol,North,Tyre,63,Warning,Tyre Damage,12/10/2024,Corrective,227.35,18,Center Epsilon,Healthy
CAR-1084,Crossover,2020,6,43645,Diesel,East,Tyre,50,Warning,Tyre Damage,4/13/2025,Preventive,169.27,2,Center Delta,Healthy
CAR-1492,Crossover,2018,8,133804,Hybrid,South,Tyre,27,Critical,Tyre Damage,3/28/2024,Emergency,468.55,32,Center Gamma,Under Maintenance
CAR-1076,Compact,2022,4,68468,Hybrid,West,Tyre,65,Warning,Tyre Damage,6/6/2025,Corrective,249.75,9,Center Delta,Healthy
CAR-1230,Crossover,2021,5,57610,Electric,West,Brake,58,Warning,Brake Wear,11/8/2024,Preventive,203.72,2,Center Gamma,Healthy
CAR-1231,Premium Sedan,2022,4,59224,Petrol,West,Cooling System,79,Healthy,No Failure,12/27/2023,Preventive,385.31,2,Center Epsilon,Healthy
CAR-1100,Hatchback,2023,3,50756,Hybrid,Central,Tyre,66,Warning,Tyre Damage,9/15/2024,Corrective,272.78,10,Center Delta,Healthy
CAR-1234,City,2024,2,41383,Petrol,West,Brake,66,Warning,Brake Wear,4/3/2025,Preventive,213.32,2,Center Epsilon,Healthy
CAR-1313,Premium Sedan,2018,8,143956,Diesel,Central,Battery,12,Critical,Battery Failure,11/2/2025,Corrective,327.75,9,Center Gamma,Needs Inspection
CAR-1416,City,2020,6,63039,Diesel,South,Battery,60,Warning,Battery Failure,8/5/2024,Corrective,335.42,16,Center Alpha,Healthy
CAR-1316,City,2019,7,93379,Electric,North,Tyre,52,Warning,Tyre Damage,2/9/2023,Preventive,181.26,3,Center Beta,Healthy
CAR-1488,Hatchback,2022,4,70680,Diesel,Central,Brake,53,Warning,Brake Wear,9/17/2023,Corrective,350.62,17,Center Gamma,Healthy
CAR-1254,Compact,2022,4,42247,Hybrid,Central,Engine,65,Warning,Mechanical Failure,8/17/2024,Preventive,710.45,3,Center Epsilon,Healthy
CAR-1169,Premium Sedan,2020,6,103069,Petrol,West,Tyre,10,Critical,Tyre Damage,10/17/2023,Emergency,313.4,52,Center Delta,Under Maintenance
CAR-1277,Compact,2018,8,91772,Electric,West,Cooling System,10,Critical,Overheating,9/4/2024,Emergency,893.37,18,Center Beta,Needs Inspection
CAR-1312,City,2024,2,20552,Diesel,South,Battery,100,Healthy,No Failure,7/12/2023,Preventive,196.05,2,Center Epsilon,Healthy
CAR-1182,Sedan,2024,2,23947,Petrol,South,Brake,62,Warning,Brake Wear,10/27/2025,Corrective,354.11,10,Center Alpha,Healthy
CAR-1388,City,2022,4,48625,Diesel,East,Battery,70,Warning,Battery Failure,4/28/2025,Corrective,232.71,7,Center Epsilon,Healthy
CAR-1395,Compact,2021,5,79892,Diesel,South,Battery,74,Warning,Battery Failure,10/3/2023,Preventive,209.95,1,Center Beta,Healthy
CAR-1213,City,2018,8,133029,Petrol,South,Tyre,26,Critical,Tyre Damage,6/6/2025,Emergency,441.04,20,Center Epsilon,Needs Inspection
CAR-1081,Crossover,2018,8,102105,Diesel,West,Cooling System,27,Critical,Overheating,5/27/2023,Emergency,621.9,31,Center Alpha,Under Maintenance
CAR-1069,Crossover,2019,7,112176,Petrol,Central,Transmission,29,Critical,Transmission Fault,12/17/2024,Emergency,2712.28,48,Center Beta,Under Maintenance
CAR-1405,Premium Sedan,2024,2,23878,Diesel,North,Tyre,68,Warning,Tyre Damage,11/1/2025,Preventive,143.75,1,Center Delta,Healthy
CAR-1382,Crossover,2018,8,130193,Electric,West,Transmission,22,Critical,Transmission Fault,3/25/2025,Emergency,2719.62,60,Center Alpha,Under Maintenance
CAR-1066,Compact,2021,5,69980,Petrol,North,Engine,65,Warning,Overheating,1/21/2023,Corrective,1042.82,10,Center Beta,Healthy
CAR-1283,Sedan,2018,8,85384,Hybrid,West,Tyre,32,Critical,Tyre Damage,3/24/2025,Emergency,309.46,69,Center Delta,Under Maintenance
CAR-1172,Crossover,2022,4,49056,Electric,North,Battery,65,Warning,Battery Failure,10/28/2025,Corrective,234.02,9,Center Alpha,Healthy
CAR-1365,Hatchback,2019,7,71621,Diesel,West,Headlight,70,Warning,Lighting Failure,6/6/2024,Corrective,161.36,22,Center Gamma,Healthy
CAR-1353,Crossover,2018,8,91446,Petrol,East,Engine,59,Warning,Mechanical Failure,2/23/2023,Corrective,1338.96,6,Center Epsilon,Healthy
CAR-1262,City,2019,7,79407,Diesel,North,Battery,44,Critical,Battery Failure,10/28/2025,Corrective,300.14,21,Center Beta,Needs Inspection
CAR-1167,Premium Sedan,2018,8,104575,Diesel,North,Tyre,25,Critical,Tyre Damage,11/13/2023,Corrective,255.31,15,Center Beta,Needs Inspection
CAR-1188,Sedan,2023,3,50549,Petrol,West,Brake,42,Critical,Brake Wear,7/14/2025,Corrective,354.36,8,Center Gamma,Needs Inspection
CAR-1359,Premium Sedan,2018,8,105093,Diesel,North,Brake,15,Critical,Brake Wear,4/4/2025,Corrective,379.18,17,Center Beta,Needs Inspection
CAR-1484,City,2024,2,33097,Diesel,North,Battery,83,Healthy,No Failure,9/23/2024,Preventive,162.81,2,Center Beta,Healthy
CAR-1111,City,2021,5,86954,Hybrid,Central,Battery,54,Warning,Battery Failure,10/16/2023,Preventive,166.32,3,Center Delta,Healthy
CAR-1021,City,2024,2,27421,Diesel,Central,Brake,79,Healthy,No Failure,5/22/2025,Preventive,296.77,2,Center Epsilon,Healthy
CAR-1151,Hatchback,2020,6,52789,Diesel,West,Battery,65,Warning,Battery Failure,11/7/2023,Corrective,288.25,18,Center Gamma,Healthy
CAR-1081,Crossover,2018,8,137033,Diesel,West,Engine,30,Critical,Overheating,2/27/2023,Emergency,2205.04,42,Center Epsilon,Under Maintenance
CAR-1081,Crossover,2018,8,119333,Diesel,West,Transmission,32,Critical,Transmission Fault,5/13/2025,Corrective,1708.89,16,Center Epsilon,Needs Inspection
CAR-1414,Crossover,2024,2,23466,Diesel,South,Brake,89,Healthy,No Failure,11/26/2024,Preventive,221.7,2,Center Beta,Healthy
CAR-1183,Crossover,2024,2,28844,Petrol,South,Cooling System,84,Healthy,No Failure,7/2/2023,Preventive,361.38,1,Center Delta,Healthy
CAR-1328,Crossover,2024,2,26513,Diesel,East,Battery,88,Healthy,No Failure,10/13/2025,Preventive,191.42,3,Center Beta,Healthy
CAR-1439,Crossover,2018,8,86160,Petrol,Central,Tyre,33,Critical,Tyre Damage,9/1/2023,Emergency,344.51,18,Center Delta,Needs Inspection
CAR-1393,Hatchback,2024,2,27506,Hybrid,North,Battery,70,Warning,Battery Failure,10/7/2024,Corrective,359.82,14,Center Alpha,Healthy
CAR-1152,Sedan,2020,6,77039,Diesel,North,Battery,76,Healthy,No Failure,3/6/2024,Preventive,162.85,1,Center Delta,Healthy
CAR-1285,City,2022,4,56268,Petrol,North,Cooling System,66,Warning,Overheating,11/14/2025,Corrective,388.57,10,Center Gamma,Healthy
CAR-1191,City,2020,6,80354,Petrol,East,Transmission,53,Warning,Transmission Fault,3/25/2023,Corrective,1414.57,7,Center Beta,Healthy
CAR-1236,Hatchback,2023,3,31448,Diesel,South,Battery,83,Healthy,No Failure,2/11/2024,Preventive,202.41,2,Center Epsilon,Healthy
CAR-1245,Sedan,2018,8,137035,Petrol,West,Engine,45,Warning,Mechanical Failure,5/26/2023,Preventive,789.3,3,Center Gamma,Healthy
CAR-1364,Crossover,2024,2,17577,Diesel,Central,Brake,90,Healthy,No Failure,2/27/2025,Preventive,233,3,Center Gamma,Healthy
CAR-1040,City,2018,8,126050,Hybrid,Central,Headlight,35,Critical,Lighting Failure,3/16/2024,Corrective,174.91,20,Center Beta,Needs Inspection
CAR-1221,Hatchback,2024,2,32901,Diesel,Central,Brake,100,Healthy,No Failure,10/27/2023,Preventive,256.95,3,Center Gamma,Healthy
CAR-1356,Hatchback,2022,4,49147,Hybrid,West,Engine,79,Healthy,No Failure,3/17/2023,Preventive,860.77,3,Center Beta,Healthy
CAR-1240,Crossover,2022,4,67628,Diesel,West,Suspension,73,Warning,Suspension Failure,7/3/2024,Corrective,715.41,6,Center Epsilon,Healthy
CAR-1121,City,2024,2,38310,Diesel,South,Headlight,47,Warning,Lighting Failure,10/2/2024,Corrective,198.3,19,Center Epsilon,Healthy
CAR-1114,Compact,2018,8,131580,Diesel,East,Engine,40,Critical,Mechanical Failure,11/27/2025,Corrective,1098.53,10,Center Beta,Needs Inspection
CAR-1170,Premium Sedan,2019,7,76179,Petrol,West,Engine,58,Warning,Wear,12/4/2025,Corrective,1207.57,10,Center Delta,Healthy
CAR-1323,Premium Sedan,2022,4,56552,Petrol,East,Headlight,63,Warning,Lighting Failure,10/30/2023,Preventive,80.92,1,Center Gamma,Healthy
CAR-1259,City,2018,8,94159,Diesel,South,Cooling System,10,Critical,Overheating,6/22/2025,Emergency,814.73,56,Center Beta,Under Maintenance
CAR-1012,Crossover,2024,2,23084,Hybrid,Central,Battery,97,Healthy,No Failure,12/22/2024,Preventive,156.12,3,Center Delta,Healthy
CAR-1303,City,2019,7,77361,Diesel,Central,Suspension,61,Warning,Suspension Failure,7/27/2024,Corrective,766.88,11,Center Alpha,Healthy
CAR-1316,City,2019,7,72832,Electric,North,Engine,44,Critical,Wear,5/7/2023,Emergency,1731.91,25,Center Gamma,Under Maintenance
CAR-1321,City,2020,6,112249,Electric,South,Tyre,32,Critical,Tyre Damage,8/2/2025,Corrective,274.76,13,Center Gamma,Needs Inspection
CAR-1491,Crossover,2021,5,40390,Petrol,East,Tyre,84,Healthy,No Failure,10/27/2025,Preventive,128.39,3,Center Gamma,Healthy
CAR-1255,Sedan,2023,3,54877,Diesel,Central,Brake,75,Healthy,No Failure,3/20/2024,Preventive,204.89,2,Center Alpha,Healthy
CAR-1350,City,2023,3,53475,Diesel,West,Transmission,80,Healthy,No Failure,8/4/2024,Preventive,1037.27,1,Center Alpha,Healthy
CAR-1063,Crossover,2020,6,75471,Diesel,East,Brake,50,Warning,Brake Wear,1/21/2024,Corrective,366.38,9,Center Delta,Healthy
CAR-1210,Sedan,2021,5,71211,Petrol,West,Tyre,41,Critical,Tyre Damage,3/7/2023,Corrective,286.48,18,Center Alpha,Needs Inspection
CAR-1198,Sedan,2019,7,98681,Electric,North,Brake,26,Critical,Brake Wear,12/17/2024,Emergency,522.23,55,Center Gamma,Under Maintenance
CAR-1458,Hatchback,2022,4,65462,Petrol,West,Engine,59,Warning,Mechanical Failure,7/30/2025,Corrective,1226.01,14,Center Epsilon,Healthy
CAR-1274,Premium Sedan,2021,5,79315,Petrol,Central,Tyre,65,Warning,Tyre Damage,11/16/2023,Preventive,147.18,2,Center Epsilon,Healthy
CAR-1406,City,2019,7,85302,Diesel,Central,Tyre,48,Warning,Tyre Damage,8/13/2024,Preventive,166.99,1,Center Gamma,Healthy
CAR-1357,Crossover,2021,5,49079,Petrol,Central,Brake,83,Healthy,No Failure,7/20/2025,Preventive,230.21,2,Center Gamma,Healthy
CAR-1499,Premium Sedan,2024,2,34290,Hybrid,Central,Cooling System,81,Healthy,No Failure,12/14/2025,Preventive,275.82,2,Center Beta,Healthy
